Bid No,Items,Quantity,Department Name And Address,Start Date,End Date,RA available
['GEM/2025/B/6663038'],Procurement of Cisco IP Phone 7841 and Cisco IP Phone 8865,[12],Ministry of Defence Department of Military Affairs,2025-09-29T12:14:44Z,2025-09-29T12:14:44Z,No
['GEM/2025/B/6750591'],Online UPS (>10 KVA) With Battery,[1],Department of Space Department of Space,2025-10-08T09:51:06Z,2025-10-08T09:51:06Z,No
['GEM/2025/B/6746395'],"Solar Power Plant (Roof Top) for ONGRID System, Single Phase",[1],Education Department Gujarat,2025-10-09T14:38:00Z,2025-10-09T14:38:00Z,No
['GEM/2025/B/6774865'],"Bus Hiring Service - Short Term - Outstation; more than 52, 31-33; Semi Deluxe (SDX); 250",[2],Agriculture and Co-operation Department Gujarat,2025-10-10T12:16:54Z,2025-10-10T12:16:54Z,No
['GEM/2025/B/6771991'],"Laboratory Benches (V2),Laboratory Benches (V2),Revolving Chair (V5),Computer Table (V2),Metal Stor",[215],Agriculture and Co-operation Department Gujarat,2025-10-10T12:18:08Z,2025-10-10T12:18:08Z,No
['GEM/2025/B/6770470'],"Split Air Conditioner Including Green AC, Wall Mount Type (V2)",[10],Agriculture and Co-operation Department Gujarat,2025-10-09T17:35:21Z,2025-10-09T17:35:21Z,No
['GEM/2025/B/6770219'],"Reverse Osmosis based Water Treatment System above 50 LPH Capacity (V2),Reverse Osmosis based Water",[16],Agriculture and Co-operation Department Gujarat,2025-10-09T17:34:20Z,2025-10-09T17:34:20Z,No
['GEM/2025/B/6622557'],Digital RF Power Meter (V2),[1],Department of Space Department of Space,2025-10-10T14:13:04Z,2025-10-10T14:13:04Z,No
['GEM/2025/B/6776329'],Micro/Semi-Micro/Analytical weighing balance,[1],Education Department Gujarat,2025-10-10T16:43:39Z,2025-10-10T16:43:39Z,No
['GEM/2025/B/6776472'],"Writing Pad Chair,Counter Chair (Bar / Pub)",[410],Agriculture and Co-operation Department Gujarat,2025-10-10T15:23:08Z,2025-10-10T15:23:08Z,No
['GEM/2025/B/6777003'],Electronic Lectern,[2],Agriculture and Co-operation Department Gujarat,2025-10-10T15:58:12Z,2025-10-10T15:58:12Z,No
['GEM/2025/B/6772533'],"Internet Bandwidth and Replication Service - Internet Leased Line; Goverment Service provider, Priv",[1],Education Department Gujarat,2025-10-13T22:08:34Z,2025-10-13T22:08:34Z,No
['GEM/2025/B/6771646'],book scanner,[1],Education Department Gujarat,2025-10-14T11:08:42Z,2025-10-14T11:08:42Z,No
['GEM/2025/B/6773918'],Stainless Steel Dining Table With Fixed Chair,[990],Tribal Development Department Gujarat,2025-10-11T17:46:02Z,2025-10-11T17:46:02Z,No
['GEM/2025/B/6767009'],"Hiring of Consultants - Milestone/Deliverable Based - Technology Consultants, SURVEY; GIS Expert, D",[1],Urban Development and Urban Housing Department Gujarat,2025-10-10T19:24:59Z,2025-10-10T19:24:59Z,No
['GEM/2025/B/6799009'],Mens Casual Shirt,[75],Social Justice and Empowerment Department Gujarat,2025-10-16T15:56:47Z,2025-10-16T15:56:47Z,No
['GEM/2025/B/6797640'],Monthly Basis Cab & Taxi Hiring Services - SUV; 3000 Km x 364 hours; Outstation,[3],Ministry of Petroleum and Natural Gas ENGINEERS INDIA Limited,2025-10-16T14:02:35Z,2025-10-16T14:02:35Z,No
['GEM/2025/B/6778882'],All in One PC (V2),[4],Education Department Gujarat,2025-10-15T15:59:46Z,2025-10-15T15:59:46Z,No
['GEM/2025/B/6793411'],"AMC of Integrated Security and Surveillance System - CWAN and CCTV; Comprehensive; Hardware, Softwa",[1],Education Department Gujarat,2025-10-15T14:36:22Z,2025-10-15T14:36:22Z,No
['GEM/2025/B/6743092'],Manpower Outsourcing Services - Minimum wage - Unskilled; Not Required; Others,[2],Labour and Employment Department Gujarat,2025-09-30T13:26:24Z,2025-09-30T13:26:24Z,No
['GEM/2025/B/6788147'],Non Paper Printing Services - Quantity Based - Flex & Banners; Digital; Sunboard,[316],Revenue Department Gujarat,2025-10-14T16:09:49Z,2025-10-14T16:09:49Z,No
['GEM/2025/B/6804654'],Mud Pump Assembly for Water Well Drilling,[1],Ministry of Jal Shakti Department of Water Resources River Development and Ganga Rejuvenation,2025-10-17T17:54:41Z,2025-10-17T17:54:41Z,No
['GEM/2025/B/6803142'],OBHS and Related Service for Railways (New Version 2.0) - SCH 1 Cost of Manpower Unskilled semiskil,[2],Ministry of Railways Indian Railways,2025-10-17T14:27:10Z,2025-10-17T14:27:10Z,No
['GEM/2025/B/6803090'],Manpower Outsourcing Services - Minimum wage - Unskilled; High School; Others,[3],Finance Department Gujarat,2025-10-17T14:53:45Z,2025-10-17T14:53:45Z,No
['GEM/2025/B/6802881'],Desk and Bench Set for Classroom/Training Area,[90],Education Department Gujarat,2025-10-17T13:52:43Z,2025-10-17T13:52:43Z,No
['GEM/2025/B/6796623'],"data wall display,LED Display System (10X8)",[80],Information and Broadcasting Department Gujarat,2025-10-17T12:09:48Z,2025-10-17T12:09:48Z,No
['GEM/2025/B/6794254'],Lathe Machine as per IS 6893:1988,[2],Education Department Gujarat,2025-10-17T12:51:46Z,2025-10-17T12:51:46Z,No
['GEM/2025/B/6793604'],Metallurgical Microscope,[2],Education Department Gujarat,2025-10-17T12:55:19Z,2025-10-17T12:55:19Z,No
['GEM/2025/B/6789175'],Lathe Machine as per IS 6893:1988,[1],Labour and Employment Department Gujarat,2025-10-17T14:57:14Z,2025-10-17T14:57:14Z,No
['GEM/2025/B/6788230'],Digital Rockwell Hardness Testing Machine,[1],Education Department Gujarat,2025-10-17T12:53:30Z,2025-10-17T12:53:30Z,No
['GEM/2025/B/6723944'],Button Sewing Machine,[55],Labour and Employment Department Gujarat,2025-10-07T15:37:16Z,2025-10-07T15:37:16Z,No
['GEM/2025/B/6698216'],Electrical Machine Trainer.,[53],Labour and Employment Department Gujarat,2025-10-06T18:04:36Z,2025-10-06T18:04:36Z,No
['GEM/2025/B/6698162'],Electric Work Bench: Type B.,[19],Labour and Employment Department Gujarat,2025-10-06T18:10:18Z,2025-10-06T18:10:18Z,No
['GEM/2025/B/6695941'],Packed Distillation Tower.,[8],Labour and Employment Department Gujarat,2025-10-06T18:22:29Z,2025-10-06T18:22:29Z,No
['GEM/2025/B/6695892'],A. C Squirrel Cage Motor with Star-Delta Starter and triple pole iron clad switch fuse with mechani,[32],Labour and Employment Department Gujarat,2025-10-06T17:58:20Z,2025-10-06T17:58:20Z,No
['GEM/2025/B/6695863'],"Motor AC Phase Wound Slip ring Type 5 HP, 400 V, 3-Phase, 50Hz with Starter and Switch",[41],Labour and Employment Department Gujarat,2025-10-06T17:52:35Z,2025-10-06T17:52:35Z,No
['GEM/2025/B/6673354'],Sewing Machine as per IS 1610,[391],Labour and Employment Department Gujarat,2025-09-16T11:36:28Z,2025-09-16T11:36:28Z,No
['GEM/2025/B/6668416'],hand held gps,[33],Labour and Employment Department Gujarat,2025-09-12T14:01:42Z,2025-09-12T14:01:42Z,No
['GEM/2025/B/6663478'],Electronic Theodolite,[26],Labour and Employment Department Gujarat,2025-09-12T13:56:21Z,2025-09-12T13:56:21Z,No
['GEM/2025/B/6695901'],Motor Generator Set (DC to AC) .,[32],Labour and Employment Department Gujarat,2025-10-06T18:01:16Z,2025-10-06T18:01:16Z,No
['GEM/2025/B/6695840'],Coil winding machine with counting meter.,[123],Labour and Employment Department Gujarat,2025-10-06T17:48:20Z,2025-10-06T17:48:20Z,No
['GEM/2025/B/6695800'],"Cut section Models of Pneumatic and Hydraulic Motors, Pumps.",[31],Labour and Employment Department Gujarat,2025-10-06T17:43:16Z,2025-10-06T17:43:16Z,No
['GEM/2025/B/6695791'],"Current Transformer 415 V, 50 Hz, CT Ratio 25/5 A, 5VA.",[111],Labour and Employment Department Gujarat,2025-10-06T17:37:03Z,2025-10-06T17:37:03Z,No
['GEM/2025/B/6683042'],Petrol Engine MPFI (Multi Point Fuel Injection) with Swiveling Stand along with Special Tools. . .,[21],Labour and Employment Department Gujarat,2025-09-26T18:56:12Z,2025-09-26T18:56:12Z,No
['GEM/2025/B/6683029'],"Demonstration Board of MPFI (Multi Point Fuel Injection) System with Injectors, Rail, Inlet Manifol",[18],Labour and Employment Department Gujarat,2025-09-26T18:54:01Z,2025-09-26T18:54:01Z,No
['GEM/2025/B/6683014'],Tandem Master Cylinder with Booster working model,[58],Labour and Employment Department Gujarat,2025-09-26T18:52:34Z,2025-09-26T18:52:34Z,No
['GEM/2025/B/6667490'],Multifunction Machine MFM (V2),[70],Labour and Employment Department Gujarat,2025-09-16T11:21:30Z,2025-09-16T11:21:30Z,No
['GEM/2025/B/6667183'],Plotter Printers (V2),[8],Labour and Employment Department Gujarat,2025-09-16T11:19:02Z,2025-09-16T11:19:02Z,No
['GEM/2025/B/6665978'],E - Tourist Vehicle / Golf Cart,[11],Labour and Employment Department Gujarat,2025-09-12T11:02:39Z,2025-09-12T11:02:39Z,No
['GEM/2025/B/6665337'],Electric Cars (V4),[32],Labour and Employment Department Gujarat,2025-09-12T10:56:14Z,2025-09-12T10:56:14Z,No
['GEM/2025/B/6658298'],Platform Step Ladder (V2),[62],Labour and Employment Department Gujarat,2025-09-10T17:57:18Z,2025-09-10T17:57:18Z,No
['GEM/2025/B/6657883'],AC EV Charging Station,[236],Labour and Employment Department Gujarat,2025-09-10T17:46:09Z,2025-09-10T17:46:09Z,No
['GEM/2025/B/6657471'],AC EV Charging Station,[236],Labour and Employment Department Gujarat,2025-09-10T17:51:06Z,2025-09-10T17:51:06Z,No
['GEM/2025/B/6802028'],Classroom Stools,[110],Education Department Gujarat,2025-10-17T12:38:11Z,2025-10-17T12:38:11Z,No
['GEM/2025/B/6726474'],Instrumentation Work Bench: Type A.,[10],Labour and Employment Department Gujarat,2025-10-07T15:44:04Z,2025-10-07T15:44:04Z,No
['GEM/2025/B/6723931'],Button Hole Machine (Computerized) .,[32],Labour and Employment Department Gujarat,2025-10-07T15:40:16Z,2025-10-07T15:40:16Z,No
['GEM/2025/B/6723916'],Double Needle Machine,[32],Labour and Employment Department Gujarat,2025-10-07T15:26:47Z,2025-10-07T15:26:47Z,No
['GEM/2025/B/6790304'],Manpower Outsourcing Services - Fixed Remuneration - Admin; Clerk; Graduate,[6],Ministry of Defence Department of Defence,2025-10-14T18:20:15Z,2025-10-14T18:20:15Z,No
['GEM/2025/B/6791602'],"LED Luminaire for Road and Street Lights (V2) Conforming to IS 10322 (Part 5 / Section 3),LED Lumin",[227],Urban Development and Urban Housing Department Gujarat,2025-10-15T11:19:51Z,2025-10-15T11:19:51Z,No
['GEM/2025/B/6771682'],High End Laptop - Notebook,[30],Ministry of Education Department of Higher Education,2025-10-17T12:06:33Z,2025-10-17T12:06:33Z,No
['GEM/2025/B/6518892'],Viscometer,[1],Education Department Gujarat,2025-08-20T16:35:10Z,2025-08-20T16:35:10Z,No
['GEM/2025/B/6794471'],Computer Table (V2),[70],Education Department Gujarat,2025-10-15T16:54:20Z,2025-10-15T16:54:20Z,No
['GEM/2025/B/6796271'],Telephone Instrument - Corded and Cordless,[7],Energy and Petro Chemicals Department Gujarat,2025-10-16T12:08:39Z,2025-10-16T12:08:39Z,No
['GEM/2025/B/6616513'],"Labour at IPR Campus,Labour at FCIPT Campus,Tracktor with trolley trip at IPR Campus,Tracktor with ",[17032],PMO Department of Atomic Energy,2025-10-17T12:19:02Z,2025-10-17T12:19:02Z,No
['GEM/2025/B/6628556'],"Monthly Basis Cab & Taxi Hiring Services - MUV; NA; Local,Monthly Basis Cab & Taxi Hiring Services ",[5],Energy and Petro Chemicals Department Gujarat,2025-10-17T17:55:14Z,2025-10-17T17:55:14Z,No
['GEM/2025/B/6627278'],Solar Micro Pumping Systems as per MNRE Specification,[135],Labour and Employment Department Gujarat,2025-09-04T18:09:12Z,2025-09-04T18:09:12Z,No
['GEM/2025/B/6695934'],Batch Type Tank Crystallizer.,[11],Labour and Employment Department Gujarat,2025-10-06T18:19:13Z,2025-10-06T18:19:13Z,No
['GEM/2025/B/6561897'],Liquid Nitrogen (In Kg),[10000000],Department of Space Department of Space,2025-08-14T15:25:48Z,2025-08-14T15:25:48Z,No
['GEM/2025/B/6799359'],Custom Bid for Services - Outsourcing of dismantling and cleaning contract of Loco Non core activit,[1],Ministry of Railways Indian Railways,2025-10-16T16:43:52Z,2025-10-16T16:43:52Z,No
['GEM/2025/B/6799321'],Plain Copier Paper (V3) ISI Marked to IS 14490,[5500],Education Department Gujarat,2025-10-16T16:57:31Z,2025-10-16T16:57:31Z,No
['GEM/2025/B/6785253'],Relay Testing Educational Kit,[1],Education Department Gujarat,2025-10-15T12:25:02Z,2025-10-15T12:25:02Z,No
['GEM/2025/B/6793507'],"Manpower Outsourcing Services - Minimum wage - Skilled; Graduate; Non-IT Technical,Manpower Outsour",[322],Health & Family Welfare Department Gujarat,2025-10-15T18:23:06Z,2025-10-15T18:23:06Z,No
['GEM/2025/B/6698185'],DC Compound Generator.,[36],Labour and Employment Department Gujarat,2025-10-06T18:07:25Z,2025-10-06T18:07:25Z,No
['GEM/2025/B/6811588'],"Item-1 Mobile Smartphone with Internal Storage 512GB,Item-2 Wireless Earphone with 1 Year standard ",[5],Ministry of Education Department of Higher Education,2025-10-23T17:25:44Z,2025-10-23T17:25:44Z,No
['GEM/2025/B/6810262'],"16 Port Switch,Fixed Camera,8 Channel NVR,6U Rack,31.5 or higher Inch Display Monitor,Keyboard, Mou",[345],Ministry of Civil Aviation Airports Authority of India (AAI),2025-10-21T17:16:14Z,2025-10-21T17:16:14Z,No
['GEM/2025/B/6810169'],Multipara Monitor - Low End,[2],Health & Family Welfare Department Gujarat,2025-10-21T13:24:03Z,2025-10-21T13:24:03Z,No
['GEM/2025/B/6809492'],"Custom Bid for Services - E-TENDER FOR PROVIDING ASSSISTANCE IN COLD REPAIR, SALVAGING OF SC VALVES",[1],Ministry of Petroleum and Natural Gas Bharat Petroleum Corporation Ltd,2025-10-20T17:50:48Z,2025-10-20T17:50:48Z,No
['GEM/2025/B/6809367'],"TURBINE FLOW METER,STRAINER CUM AIR ELEMINATOR,DCV,BATCH CONTROLLER,FLOW STRAIGHTNER,LOADING ARM,SF",[516],Ministry of Petroleum and Natural Gas Bharat Petroleum Corporation Ltd,2025-10-20T15:21:51Z,2025-10-20T15:21:51Z,No
['GEM/2025/B/6809065'],"Steel Almirah / Cabinets conforming to IS 3312 (V4),Steel Almirah / Cabinets conforming to IS 3312 ",[190],Education Department Gujarat,2025-10-21T11:28:19Z,2025-10-21T11:28:19Z,No
['GEM/2025/B/6808866'],Monthly Basis Cab and Taxi Hiring Service - Without Fuel - SUV; Mahindra Bolero; 2025; 0-5000; A/C;,[1],Ministry of Power NA,2025-10-19T16:30:35Z,2025-10-19T16:30:35Z,No
['GEM/2025/B/6808864'],Monthly Basis Cab and Taxi Hiring Service - Without Fuel - SUV; Mahindra Bolero; 2025; 0-5000; A/C;,[1],Ministry of Power NA,2025-10-19T16:20:10Z,2025-10-19T16:20:10Z,No
['GEM/2025/B/6808859'],Monthly Basis Cab and Taxi Hiring Service - Without Fuel - SUV; Mahindra Bolero; 2025; 0-5000; A/C;,[1],Ministry of Power NA,2025-10-19T16:09:45Z,2025-10-19T16:09:45Z,No
['GEM/2025/B/6808350'],"Reverse Osmosis based Water Treatment System above 50 LPH Capacity (V2),Reverse Osmosis based Water",[5],Panchayats and Rural Housing Department Gujarat,2025-10-19T12:10:43Z,2025-10-19T12:10:43Z,No
['GEM/2025/B/6808114'],"Goat Pox Vaccine, Live",[58318],Agriculture and Co-operation Department Gujarat,2025-10-18T17:53:03Z,2025-10-18T17:53:03Z,No
['GEM/2025/B/6808101'],"Cleaning, Sanitation and Disinfection Service - Outcome Based - Laboratory and training center and ",[22189],Agriculture and Co-operation Department Gujarat,2025-10-18T17:59:20Z,2025-10-18T17:59:20Z,No
['GEM/2025/B/6808026'],Milking Machine,[1],Agriculture and Co-operation Department Gujarat,2025-10-18T17:37:38Z,2025-10-18T17:37:38Z,No
['GEM/2025/B/6807927'],Refrigerated Centrifuge For General And Research Purpose,[1],Agriculture and Co-operation Department Gujarat,2025-10-18T16:59:02Z,2025-10-18T16:59:02Z,No
['GEM/2025/B/6807898'],Cyber Security QRNG Device,[1],Ministry of Electronics and Information Technology Department of Electronics and Information Technology,2025-10-18T16:39:58Z,2025-10-18T16:39:58Z,No
['GEM/2025/B/6807877'],Quality Control Lab,[1],Ministry of Micro Small and Medium Enterprises Ministry of Micro Small and Medium Enterprises,2025-10-18T16:51:17Z,2025-10-18T16:51:17Z,No
['GEM/2025/B/6807668'],"Register 300 pages,Scissors medium size,tape dispensor,All out,paper shreder,file hub,service book ",[133],Ministry of Defence Department of Military Affairs,2025-10-18T17:41:15Z,2025-10-18T17:41:15Z,No
['GEM/2025/B/6807441'],Security Manpower Service (Version 2.0) - Office/Commercial/Institutions/ Residential; Unarmed Secu,[3],Labour and Employment Department Gujarat,2025-10-18T16:19:32Z,2025-10-18T16:19:32Z,No
['GEM/2025/B/6807439'],Security Manpower Service (Version 2.0) - Office/Commercial/Institutions/ Residential; Unarmed Secu,[3],Labour and Employment Department Gujarat,2025-10-18T16:21:05Z,2025-10-18T16:21:05Z,No
['GEM/2025/B/6807227'],Hemoglobin Test Strips,[246000],Health & Family Welfare Department Gujarat,2025-10-18T14:55:32Z,2025-10-18T14:55:32Z,No
['GEM/2025/B/6807216'],Hemoglobin Test Strips,[66000],Health & Family Welfare Department Gujarat,2025-10-18T14:57:45Z,2025-10-18T14:57:45Z,No
['GEM/2025/B/6807175'],Hemoglobin Test Strips,[55200],Health & Family Welfare Department Gujarat,2025-10-18T15:12:57Z,2025-10-18T15:12:57Z,No
['GEM/2025/B/6807125'],"Title1,Title2,Title3,Title4,Title5,Title6,Title7,Title8,Title9,Title10,Title11",[748],Ministry of Railways Indian Railways,2025-10-18T13:20:02Z,2025-10-18T13:20:02Z,No
['GEM/2025/B/6807070'],Hemoglobin Test Strips,[82800],Health & Family Welfare Department Gujarat,2025-10-18T15:14:21Z,2025-10-18T15:14:21Z,No
['GEM/2025/B/6807009'],Hemoglobin Test Strips,[156000],Health & Family Welfare Department Gujarat,2025-10-18T15:15:44Z,2025-10-18T15:15:44Z,No
['GEM/2025/B/6806967'],Hemoglobin Test Strips,[180000],Health & Family Welfare Department Gujarat,2025-10-18T15:17:18Z,2025-10-18T15:17:18Z,No
['GEM/2025/B/6806929'],Custom Bid for Services - E-TENDER FOR PROVIDING PICK UP FACILITY FOR HARIYALA LPG PLANT STAFF,[1],Ministry of Petroleum and Natural Gas Bharat Petroleum Corporation Ltd,2025-10-18T12:52:24Z,2025-10-18T12:52:24Z,No
['GEM/2025/B/6806900'],Hemoglobin Test Strips,[126000],Health & Family Welfare Department Gujarat,2025-10-18T15:00:24Z,2025-10-18T15:00:24Z,No
['GEM/2025/B/6806897'],"Design, Supply, Installation, Commissioning and Maintenance of Grid Connected Roof Top Solar Power ",[1],Education Department Gujarat,2025-10-18T13:30:31Z,2025-10-18T13:30:31Z,No
['GEM/2025/B/6806808'],"Laproscopic Monopolar,Laproscopic Monopolar,Laproscopic Bipolar,Laproscopic Bipolar,Laproscopic Suk",[809],Health & Family Welfare Department Gujarat,2025-10-21T13:01:38Z,2025-10-21T13:01:38Z,No
['GEM/2025/B/6806804'],Hemoglobin Test Strips,[216000],Health & Family Welfare Department Gujarat,2025-10-18T15:09:00Z,2025-10-18T15:09:00Z,No
['GEM/2025/B/6806801'],Galvanized Steel Chain Link Fence Fabric (V2) conforming to IS 2721,[2700],Agriculture and Co-operation Department Gujarat,2025-10-18T13:13:36Z,2025-10-18T13:13:36Z,No
['GEM/2025/B/6806793'],Hiring of Agency for IT Projects- Milestone basis,[1],Urban Development and Urban Housing Department Gujarat,2025-10-18T15:08:46Z,2025-10-18T15:08:46Z,No
['GEM/2025/B/6806706'],"Title1,Title2,Title3,Title4,Title5,Title6,Title7,Title8,Title9,Title10,Title11,Title12,Title13,Titl",[1134],Ministry of Railways Indian Railways,2025-10-18T12:18:04Z,2025-10-18T12:18:04Z,No
['GEM/2025/B/6806644'],Liquid Nitrogen Storage Equipment,[4],Agriculture and Co-operation Department Gujarat,2025-10-18T12:21:38Z,2025-10-18T12:21:38Z,No
['GEM/2025/B/6806537'],"Cleaning, Sanitation and Disinfection Service - Outcome Based - Office/Commercial/Institutions/Resi",[10964],Labour and Employment Department Gujarat,2025-10-18T12:57:13Z,2025-10-18T12:57:13Z,No
['GEM/2025/B/6806521'],Vending Cart,[2],Agriculture and Co-operation Department Gujarat,2025-10-18T16:35:00Z,2025-10-18T16:35:00Z,No
['GEM/2025/B/6806441'],Paper-based Printing Services - Printing with Material; Book/Booklet; Offset,[1407],Health & Family Welfare Department Gujarat,2025-10-18T11:32:55Z,2025-10-18T11:32:55Z,No
['GEM/2025/B/6806104'],Kitchen Set (Preschool Kit),[156],Panchayats and Rural Housing Department Gujarat,2025-10-18T17:08:21Z,2025-10-18T17:08:21Z,No
['GEM/2025/B/6805867'],Gas Analyser,[1],Education Department Gujarat,2025-10-18T19:29:15Z,2025-10-18T19:29:15Z,No
['GEM/2025/B/6805855'],Camera for CCTV System (V3),[25],Panchayats and Rural Housing Department Gujarat,2025-10-18T16:56:30Z,2025-10-18T16:56:30Z,No
['GEM/2025/B/6805809'],TENDER FOR THE MODIFICATION OF CONVEYOR LOOP OF VCM UNIT & UPGRADATION OF CONVEYOR SECTIONS FOR AUT,[1],Ministry of Petroleum and Natural Gas Bharat Petroleum Corporation Ltd,2025-10-18T09:21:53Z,2025-10-18T09:21:53Z,No
['GEM/2025/B/6805752'],Camera for CCTV System (V3),[46],Panchayats and Rural Housing Department Gujarat,2025-10-18T16:52:37Z,2025-10-18T16:52:37Z,No
['GEM/2025/B/6805731'],Camera for CCTV System (V3),[62],Panchayats and Rural Housing Department Gujarat,2025-10-18T17:04:31Z,2025-10-18T17:04:31Z,No
['GEM/2025/B/6805655'],Vehicle Lift,[1],Education Department Gujarat,2025-10-18T19:15:33Z,2025-10-18T19:15:33Z,No
['GEM/2025/B/6805616'],Manpower Outsourcing Services - Minimum wage - Skilled; High School; Admin,[18],Ministry of Defence Department of Military Affairs,2025-10-19T18:47:08Z,2025-10-19T18:47:08Z,No
['GEM/2025/B/6805603'],"Garden Swings,Outdoor Slide (V2),Seesaw for Playground (V2),Seesaw for Playground (V2),Play Ground ",[18],Panchayats and Rural Housing Department Gujarat,2025-10-18T17:23:13Z,2025-10-18T17:23:13Z,No
['GEM/2025/B/6805547'],Interactive Panels with CPU,[1],Panchayats and Rural Housing Department Gujarat,2025-10-18T17:00:46Z,2025-10-18T17:00:46Z,No
['GEM/2025/B/6805478'],Manpower Outsourcing Services - Minimum wage - Skilled; High School; Others,[9],Revenue Department Gujarat,2025-10-18T15:56:12Z,2025-10-18T15:56:12Z,No
['GEM/2025/B/6805392'],Manpower Outsourcing Services - Minimum wage - Unskilled; Not Required; Others,[30],Revenue Department Gujarat,2025-10-18T15:44:54Z,2025-10-18T15:44:54Z,No
['GEM/2025/B/6805317'],Reciprocating Air Compressors - Electric Motor Driven,[1],Education Department Gujarat,2025-10-18T19:21:44Z,2025-10-18T19:21:44Z,No
['GEM/2025/B/6804918'],Reverse Osmosis based Water Treatment System above 50 LPH Capacity (V2),[4],Panchayats and Rural Housing Department Gujarat,2025-10-18T17:54:06Z,2025-10-18T17:54:06Z,No
['GEM/2025/B/6804667'],"Microscopes - Pathological and Research as per IS 4381, IS 5204, IS 4381, IS 5204",[1],Agriculture and Co-operation Department Gujarat,2025-10-18T11:11:21Z,2025-10-18T11:11:21Z,No
['GEM/2025/B/6804045'],Financial Advisory Services - Offsite; Tax Advisory,[1],Labour and Employment Department Gujarat,2025-10-18T14:17:28Z,2025-10-18T14:17:28Z,No
['GEM/2025/B/6804010'],Manpower Outsourcing Services - Minimum wage - Unskilled; Secondary School; Others,[3],Agriculture and Co-operation Department Gujarat,2025-10-18T17:00:06Z,2025-10-18T17:00:06Z,No
['GEM/2025/B/6803069'],Off-axis parabolic mirrors with mount,[1],Department of Space Department of Space,2025-10-23T14:36:13Z,2025-10-23T14:36:13Z,No
['GEM/2025/B/6802700'],"TAB OFLOX OZ,TAB SPORLAC DS,TAB METROGYL 400 MG,TAB LIMCEE PLUS,TAB SINAREST,TAB MONTAIR LC,TAB AZE",[9267],Ministry of Home Affairs Central Armed Police Forces,2025-10-18T09:19:56Z,2025-10-18T09:19:56Z,No
['GEM/2025/B/6801568'],"Security Manpower Service (Version 2.0) - Healthcare; Unarmed Security Guard,Security Manpower Serv",[299],Health & Family Welfare Department Gujarat,2025-10-20T11:02:11Z,2025-10-20T11:02:11Z,No
['GEM/2025/B/6801544'],"Custom Bid for Services - Cleaning, Packing, Labelling, Storage, Loading/Unloading to/from vehicles",[1],Ministry of Petroleum and Natural Gas NA,2025-10-21T11:52:01Z,2025-10-21T11:52:01Z,No
['GEM/2025/B/6801301'],"Anatomy Charts,Physiology charts,Biochemistry charts,Microbiology Charts,Pharmacology Charts,Commun",[393],Ministry of Labour and Employment NA,2025-10-18T12:42:40Z,2025-10-18T12:42:40Z,No
['GEM/2025/B/6800586'],"Camera for CCTV System (V3),Access Control System",[2],Ministry of Defence Department of Military Affairs,2025-10-18T12:42:08Z,2025-10-18T12:42:08Z,No
['GEM/2025/B/6800571'],"Entry and Mid Level Desktop Computer,Electronic Lectern",[4],Ministry of Defence Department of Military Affairs,2025-10-18T13:06:43Z,2025-10-18T13:06:43Z,No
['GEM/2025/B/6800505'],"Visual Presenters (V2),KVM Switch",[2],Ministry of Defence Department of Military Affairs,2025-10-18T13:23:20Z,2025-10-18T13:23:20Z,No
['GEM/2025/B/6800470'],Online UPS (?10 KVA) With Battery Conforming To IS 16242 (Part 1),[1],Ministry of Defence Department of Military Affairs,2025-10-18T13:20:50Z,2025-10-18T13:20:50Z,No
['GEM/2025/B/6799807'],Tractors (V1),[3],Panchayats and Rural Housing Department Gujarat,2025-10-18T17:19:46Z,2025-10-18T17:19:46Z,No
['GEM/2025/B/6799768'],Agricultural Trailer Complying to AIS 112,[3],Panchayats and Rural Housing Department Gujarat,2025-10-18T17:29:06Z,2025-10-18T17:29:06Z,No
['GEM/2025/B/6799671'],LED Luminaire for Road and Street Lights (V2) Conforming to IS 10322 (Part 5 / Section 3),[355],Panchayats and Rural Housing Department Gujarat,2025-10-18T17:38:29Z,2025-10-18T17:38:29Z,No
['GEM/2025/B/6799184'],peak cap,[3036],Home Department Gujarat,2025-10-19T15:07:56Z,2025-10-19T15:07:56Z,No
['GEM/2025/B/6653023'],Propeller Type AC Ventilating Fans - Exhaust Fans (V2) as per IS 2312,[16],Energy and Petro Chemicals Department Gujarat,2025-10-23T10:51:53Z,2025-10-23T10:51:53Z,No
['GEM/2025/B/6650713'],"Revolving Chair (V4),Revolving Chair (V4)",[120],Education Department Gujarat,2025-10-18T14:59:40Z,2025-10-18T14:59:40Z,No
['GEM/2025/B/6647488'],"AMC of Integrated Security and Surveillance System - Monitor Operations; Comprehensive; Hardware, S",[1],Ministry of Defence Department of Military Affairs,2025-10-18T09:53:34Z,2025-10-18T09:53:34Z,No
['GEM/2025/B/6642342'],"Goods Transport Service – Per Trip based  Service - Household/Office, MAILS AND PRACEL; Closed Bo",[600],Ministry of Communications Department of Posts,2025-10-21T16:15:39Z,2025-10-21T16:15:39Z,No
['GEM/2025/B/6622720'],"Repair, Maintenance, and Installation of Plant/ Systems/Equipments (Version 2) - COLONY AREA; ELECT",[1],Energy and Petro Chemicals Department Gujarat,2025-10-18T17:28:15Z,2025-10-18T17:28:15Z,No
['GEM/2025/B/6707750'],PID Trainer Kit,[1],Ministry of Defence Department of Military Affairs,2025-10-18T10:25:24Z,2025-10-18T10:25:24Z,No
['GEM/2025/B/6693594'],"Monitoring System,Controller,Hooter,Siren,Switch,Cable,Cable,Cable,Cable,Cable,Cable,Splitter,Splic",[5069],Ministry of Defence Department of Military Affairs,2025-10-23T17:17:36Z,2025-10-23T17:17:36Z,No
['GEM/2025/B/6691972'],"Camera Metal Body,Camera,NVR,Hard Drive,POE Switch,Cable,Cable Laying,Pole,Pole Installation,Box,Ca",[9063],Ministry of Defence Department of Military Affairs,2025-10-23T17:15:15Z,2025-10-23T17:15:15Z,No
['GEM/2025/B/6679300'],Television (TV) (V2),[18],Energy and Petro Chemicals Department Gujarat,2025-10-23T11:29:50Z,2025-10-23T11:29:50Z,No
['GEM/2025/B/6795172'],High End Desktop Computer,[4],Department of Space Department of Space,2025-10-23T10:42:22Z,2025-10-23T10:42:22Z,No
['GEM/2025/B/6794326'],AMC/ CAMC of Solar Energy Power Plants - Comprehensive; Others; On-Grid Solar System,[1],Energy and Petro Chemicals Department Gujarat,2025-10-18T17:24:14Z,2025-10-18T17:24:14Z,No
['GEM/2025/B/6793928'],Modular Table / Meeting Table / Centre Table (V2),[40],Education Department Gujarat,2025-10-18T14:48:24Z,2025-10-18T14:48:24Z,No
['GEM/2025/B/6793749'],General Purpose Hand Gloves (V2),[1595],Agriculture and Co-operation Department Gujarat,2025-10-18T13:14:35Z,2025-10-18T13:14:35Z,No
['GEM/2025/B/6793741'],Optical fiber cable for Impac make IGAR-12 LO Two color pyrometer (350 to 1300 degC),[1],PMO Department of Atomic Energy,2025-10-22T10:45:06Z,2025-10-22T10:45:06Z,No
['GEM/2025/B/6793611'],"PLC based fire alarm system,Multimedia Projector (MMP),Mobile Jammer",[3],Ministry of Defence Department of Military Affairs,2025-10-18T13:16:23Z,2025-10-18T13:16:23Z,No
['GEM/2025/B/6793364'],Electromagnetic Solenoid Coil,[8],PMO Department of Atomic Energy,2025-10-22T10:32:21Z,2025-10-22T10:32:21Z,No
['GEM/2025/B/6790089'],Root Scanner,[1],Ministry of Agriculture and Farmers Welfare Department of Agricultural Research and Education (DARE),2025-10-21T11:15:53Z,2025-10-21T11:15:53Z,No
['GEM/2025/B/6789644'],Hemoglobin Test Strips,[39104],Health & Family Welfare Department Gujarat,2025-10-18T15:11:16Z,2025-10-18T15:11:16Z,No
['GEM/2025/B/6787297'],Standard F Immunoassay Analyzer,[1],Ministry of Home Affairs Central Armed Police Forces,2025-10-21T12:32:08Z,2025-10-21T12:32:08Z,No
['GEM/2025/B/6785702'],Arterial Blood Gas Analyzer (V2),[1],Health & Family Welfare Department Gujarat,2025-10-20T12:25:25Z,2025-10-20T12:25:25Z,No
['GEM/2025/B/6784412'],"Industrial Radiography film Very Fine Grain size, High contrast and slow speed radiography films,In",[10],PMO Department of Atomic Energy,2025-10-18T13:37:36Z,2025-10-18T13:37:36Z,No
['GEM/2025/B/6784260'],Data Analytics Service (Version 2),[1],Education Department Gujarat,2025-10-13T16:48:28Z,2025-10-13T16:48:28Z,No
['GEM/2025/B/6782914'],"HI Assorted Biochemical Test Code KB002 kit of 20 test,HIIM VIC Biochemical Test Code KB001 kit of ",[240],Ministry of Defence Department of Military Affairs,2025-10-18T11:25:25Z,2025-10-18T11:25:25Z,No
['GEM/2025/B/6817120'],"CARBON STEEL PIPE SIZE 2 INCH,CARBON STEEL PIPE SIZE 3/4 INCH,BALL VALVE (B. W) - 2 INCH,BALL VALVE",[268],Ministry of Petroleum and Natural Gas GAIL India Limited,2025-10-23T16:59:07Z,2025-10-23T16:59:07Z,No
['GEM/2025/B/6815473'],"Variable capacitor, 3-10pf range, BFC280823109,Transformer CORE, T130-6,Variable capacitor, 10-100p",[27],Department of Space Department of Space,2025-10-23T11:14:56Z,2025-10-23T11:14:56Z,No
['GEM/2025/B/6824155'],"L2 Ethernet Switch no1,L2 Ethernet Switch no2,L2 Ethernet Switch no3,L2 Ethernet Switch dummy,L2 Et",[5],Ministry of Petroleum and Natural Gas NA,2025-10-25T15:31:46Z,2025-10-25T15:31:46Z,No
['GEM/2025/B/6823770'],"Facility Management Services - LumpSum Based - Anumala, KAPS Township; To upkeep operate and mainta",[1],PMO Department of Atomic Energy,2025-10-25T13:15:20Z,2025-10-25T13:15:20Z,No
['GEM/2025/B/6823638'],"Custom Bid for Services - Providing assistance in day-to-day work in Materials store at WRPL, Viram",[1],Ministry of Petroleum and Natural Gas INDIAN OIL CORPORATION LIMITED,2025-10-25T17:20:27Z,2025-10-25T17:20:27Z,No
['GEM/2025/B/6792080'],"CS Reducer Eccentric Seamless BW size 150 NB X 100 NB X 10.97 MM THK as per ASME B 16.9, ASME SA 23",[100],PMO Department of Atomic Energy,2025-10-25T14:20:30Z,2025-10-25T14:20:30Z,No
['GEM/2025/B/6777415'],"High End Desktop Computer,High End Desktop Computer",[171],Ministry of Education Department of Higher Education,2025-10-24T18:00:28Z,2025-10-24T18:00:28Z,No
['GEM/2025/B/6748785'],"ALBUMIN,CALCIUM,GLUCOSE,HBA1C,TRIGLYCERIDES,CHOLESTEROL,HDL CHOLESTEROL,LDL CHOLESTEROL,DIRECT BILI",[33],Ministry of Defence Department of Military Affairs,2025-10-24T10:54:21Z,2025-10-24T10:54:21Z,No
['GEM/2025/B/6745565'],Custom Bid for Services - COMPREHENSIVE ANNUAL MAINTENANCE CONTRACT (CAMC) OF K-8 CRASH-RATED BOOM ,[1],Ministry of Defence Department of Military Affairs,2025-10-24T10:55:16Z,2025-10-24T10:55:16Z,No
['GEM/2025/B/6744768'],Custom Bid for Services - CAMC OF VISITOR MANAGEMENT SYSTEM INCLUDING SUPPORTING ACCESSORIES FOR 03,[1],Ministry of Defence Department of Military Affairs,2025-10-24T10:53:28Z,2025-10-24T10:53:28Z,No
['GEM/2025/B/6735922'],Sr No 1 Sr No Supply of 6 INCH X500 LG SS CORRUGATED HOSE for 4.2MW EDG 18PA6V Part No. 75.170.31.0,[4377],PMO Department of Atomic Energy,2025-10-25T13:39:39Z,2025-10-25T13:39:39Z,No
['GEM/2025/B/6735836'],"Hydraulic Motor for fuel filter for 4.2MW EDG (18PA6V) ; Part No. 76.046. 18.0. 00,Hydraulic Motor-",[4],PMO Department of Atomic Energy,2025-10-25T13:19:57Z,2025-10-25T13:19:57Z,No
['GEM/2025/B/6726879'],"Repair, Maintenance, and Installation of Plant/ Systems/Equipments (Version 2) - Laboratory; Chemis",[1],Education Department Gujarat,2025-09-25T16:40:44Z,2025-09-25T16:40:44Z,No
['GEM/2025/B/6663239'],Repair and Overhauling Service - Forklifts (V2) as per IS 6765:2003 and IS 10517; godrej; Yes; Buye,[1],Ministry of Defence Department of Military Affairs,2025-10-25T11:10:20Z,2025-10-25T11:10:20Z,No
['GEM/2025/B/6799291'],Custom Bid for Services - Hiring of Services for Cleaning and Painnting of Ships Bilges,[1],Ministry of Defence Department of Military Affairs,2025-10-25T11:02:09Z,2025-10-25T11:02:09Z,No
['GEM/2025/B/6798158'],"Supply of Manual ebonite lined diaphragm valve- WIER type. MOC- CIEL - EPDM Size-40NB,Supply of Man",[128],PMO Department of Atomic Energy,2025-10-25T10:51:36Z,2025-10-25T10:51:36Z,No
['GEM/2025/B/6807335'],"BOILER SUIT,SHORTS,MEN TRACK PANT,POLO T-SHIRT WITH COLLAR,BOMBER JACKET,T-SHIRT ROUND NECK",[16698],Home Department Gujarat,2025-10-24T07:56:15Z,2025-10-24T07:56:15Z,No
['GEM/2025/B/6758667'],"Sound velocity meter,Refractive index,Drying cartridge,sample cover,syringes",[5],Education Department Gujarat,2025-10-08T13:54:41Z,2025-10-08T13:54:41Z,No
['GEM/2025/B/6677971'],"Helo Starting Rectifier (HSR) alongwith accessorries, installation and commissioning",[1],Ministry of Defence Department of Defence,2025-10-24T10:01:28Z,2025-10-24T10:01:28Z,No
['GEM/2025/B/6802972'],ENT OPERATING MICROSCOPE. AS PER ATTACHED SPECIFICATION,[1],Ministry of Railways Indian Railways,2025-10-17T15:33:06Z,2025-10-17T15:33:06Z,No
['GEM/2025/B/6775331'],"1.1Kv, 3.5C X 120 Cu, XLPE insulated, UNARMOURED, FRLS cable as per attached technical specificatio",[1000],PMO Department of Atomic Energy,2025-10-18T15:35:03Z,2025-10-18T15:35:03Z,No
['GEM/2025/B/6772934'],Relay Testing Educational Kit,[1],Education Department Gujarat,2025-10-18T15:08:43Z,2025-10-18T15:08:43Z,No
['GEM/2025/B/6767927'],Hiring of Consultants - Milestone/Deliverable Based - As per ATC / RFP; Hiring of Consultancy Servi,[1],Sports Youth and Cultural Activities Department Gujarat,2025-10-09T16:51:47Z,2025-10-09T16:51:47Z,No
['GEM/2025/B/6766872'],Phosphorus oxy chloride,[69],PMO Department of Atomic Energy,2025-10-21T14:10:36Z,2025-10-21T14:10:36Z,No
['GEM/2025/B/6766760'],"INSULATING MATS - 2000 mm X 1000 mm and of thickness 2 mm (Class A),INSULATING MATS - 2000 mm X 100",[120],Ministry of Petroleum and Natural Gas INDIAN OIL CORPORATION LIMITED,2025-10-18T17:24:34Z,2025-10-18T17:24:34Z,No
['GEM/2025/B/6763734'],Custom Bid for Services - ANNUAL MAINTENANCE CONTRACT FOR SWIMMING POOL AND FILTRATION PLANT,[1],Ministry of Youth Affairs and Sports Department of Sports,2025-10-18T18:39:55Z,2025-10-18T18:39:55Z,No
['GEM/2025/B/6760071'],"Three phase Variable Auto Transformer as per IS 5241.1969,Single Phase Variable Auto Transformer as",[2],PMO Department of Atomic Energy,2025-10-22T10:54:46Z,2025-10-22T10:54:46Z,No
['GEM/2025/B/6760054'],Compressor oils,[50],PMO Department of Atomic Energy,2025-10-22T11:21:57Z,2025-10-22T11:21:57Z,No
['GEM/2025/B/6756094'],Custom Bid for Services - Zimbra Collaborative Suite Three Years Subscription,[1],PMO Department of Atomic Energy,2025-10-21T11:30:22Z,2025-10-21T11:30:22Z,No
['GEM/2025/B/6746143'],"Hiring of Agency for IT Projects- Milestone basis,Hiring of Agency for IT Projects- Milestone basis",[4],Industries and Mines Department Gujarat,2025-10-04T15:46:53Z,2025-10-04T15:46:53Z,No
['GEM/2025/B/6739841'],"Shell and coil type heat exchanger (PHT system sample cooler, 3323-HX-1&2) as per specification",[2],PMO Department of Atomic Energy,2025-10-18T15:50:46Z,2025-10-18T15:50:46Z,No
['GEM/2025/B/6727954'],ARDUINO UNO KIT WITH SERVO MOTOR,[6],Ministry of Defence Department of Military Affairs,2025-10-18T10:20:11Z,2025-10-18T10:20:11Z,No
['GEM/2025/B/6820767'],Safes (V3) ISI Marked to IS 550,[5],Ministry of Finance REGIONAL RURAL BANKS,2025-10-24T14:24:28Z,2025-10-24T14:24:28Z,No
['GEM/2025/B/6821025'],Tablet,[2],Ministry of Defence Department of Military Affairs,2025-10-24T15:01:29Z,2025-10-24T15:01:29Z,No
['GEM/2025/B/6820910'],Laptop,[1],Ministry of Defence Department of Military Affairs,2025-10-24T14:47:53Z,2025-10-24T14:47:53Z,No
['GEM/2025/B/6819805'],"Hand held Helium gas leak detector,Spare Sensor for Helium Detector,Spare Short Probe For Helium De",[4],PMO Department of Atomic Energy,2025-10-25T11:55:31Z,2025-10-25T11:55:31Z,No
['GEM/2025/B/6822526'],"ASSY PULL CABLE ACCEL,BRACKET,CATCH ASSY HOOD,HING ASSY RH,CARTRIDGELUB OIL FILTER",[5],Ministry of Defence Department of Military Affairs,2025-10-24T19:55:13Z,2025-10-24T19:55:13Z,No
['GEM/2025/B/6822039'],"SELF PRIMING, NON-CLOGGING, COMPLETE CENTRIFUGAL DEWATERING PUMP WITH FLAME PROOF MOTOR,Self Primin",[3],Ministry of Petroleum and Natural Gas INDIAN OIL CORPORATION LIMITED,2025-10-24T17:39:03Z,2025-10-24T17:39:03Z,No
['GEM/2025/B/6821841'],Custom Bid for Services - Establishment of Stackyard for Stacking of 18 dia Pipes at IHB Viramgam S,[1],Ministry of Petroleum and Natural Gas NA,2025-10-24T18:25:20Z,2025-10-24T18:25:20Z,No
['GEM/2025/B/6821513'],FILTERS FOR CASCADE PUMP,[1],Department of Space Department of Space,2025-10-24T16:34:47Z,2025-10-24T16:34:47Z,No
['GEM/2025/B/6821368'],Stationary Valve Regulated Lead Acid Batteries (V2) as per IS 15549,[104],Ministry of Finance Department of Financial Services,2025-10-24T17:11:26Z,2025-10-24T17:11:26Z,No
['GEM/2025/B/6819311'],"Elliptical Mirror,Motorized Rotation Stage,Motorized Translation Stages,Two axis stepper motor cont",[4],Department of Space Department of Space,2025-10-24T14:53:53Z,2025-10-24T14:53:53Z,No
['GEM/2025/B/6819258'],"Split Air Conditioner (Floor Type), as per IS: 1391 (part 2)",[12],Ministry of Petroleum and Natural Gas INDIAN OIL CORPORATION LIMITED,2025-10-25T17:24:11Z,2025-10-25T17:24:11Z,No
['GEM/2025/B/6819175'],"PROCUREMENT OF BREATHING APPARATUS SET HAVING 45 MINUTES DURATION FOR GAIL-RPNHQ VADODARA.,BREATHIN",[32],Ministry of Petroleum and Natural Gas GAIL India Limited,2025-10-25T10:16:14Z,2025-10-25T10:16:14Z,No
['GEM/2025/B/6818830'],Advance Fire Monitor (V2),[3],Ministry of Petroleum and Natural Gas Bharat Petroleum Corporation Ltd,2025-10-25T14:11:37Z,2025-10-25T14:11:37Z,No
['GEM/2025/B/6788928'],"Electronic dosimeter,Neutron dosimeter Reader for Neutron Dosimeter,Network based software compatib",[32],PMO Department of Atomic Energy,2025-10-25T16:48:06Z,2025-10-25T16:48:06Z,No
['GEM/2025/B/6784896'],Custom Bid for Services - HIRING OF SERVICES FOR ASSISTANCE IN INSTRUMENTATION AND TELECOM DEPARTME,[2],Ministry of Petroleum and Natural Gas GAIL India Limited,2025-10-24T12:52:57Z,2025-10-24T12:52:57Z,No
['GEM/2025/B/6796369'],Manpower Outsourcing Services - Minimum wage - Unskilled; Not Required; Others,[38],Ministry of Defence Department of Military Affairs,2025-10-19T18:50:20Z,2025-10-19T18:50:20Z,No
['GEM/2025/B/6796165'],EPC7011L7C (COTS) - 60V 6A Radiation-Hardened Half-Bridge Integrated Circuit,[7],Department of Space Department of Space,2025-10-23T14:27:45Z,2025-10-23T14:27:45Z,No
['GEM/2025/B/6776647'],"Procurement of Raw Material, Mfg. & Supply of Water Lubricated Angular Contact Ball Bearing (WLB-5)",[20],PMO Department of Atomic Energy,2025-10-18T17:13:13Z,2025-10-18T17:13:13Z,No
['GEM/2025/B/6781997'],File/Folder (V3),[25000],Education Department Gujarat,2025-10-18T15:07:52Z,2025-10-18T15:07:52Z,No
['GEM/2025/B/6826680'],"Fuel Pressure Sensor, Part No. 060G6722",[4],Ministry of Defence Department of Defence,2025-10-28T12:25:58Z,2025-10-28T12:25:58Z,No
['GEM/2025/B/6826678'],Revolving Chair (V5),[10],Education Department Gujarat,2025-10-27T11:58:15Z,2025-10-27T11:58:15Z,No
['GEM/2025/B/6826458'],CALIPERS,[1],Labour and Employment Department Gujarat,2025-10-27T11:06:20Z,2025-10-27T11:06:20Z,No
['GEM/2025/B/6826046'],"flannellette rolls of  cm width,Cotton Stockinette as per IS 3326",[4300],Ministry of Defence Department of Military Affairs,2025-10-27T09:17:53Z,2025-10-27T09:17:53Z,No
['GEM/2025/B/6826042'],Hiro nisha Pump Spares,[1],Ministry of Petroleum and Natural Gas INDIAN OIL CORPORATION LIMITED,2025-10-27T09:17:18Z,2025-10-27T09:17:18Z,No
['GEM/2025/B/6825719'],"ITEM 1,ITEM 2,ITEM 3,ITEM 4,ITEM 5",[136],Ministry of Railways Indian Railways,2025-10-28T19:22:30Z,2025-10-28T19:22:30Z,No
['GEM/2025/B/6825496'],Chair (Without Wheels) for General Purpose,[400],Education Department Gujarat,2025-10-26T14:37:46Z,2025-10-26T14:37:46Z,No
['GEM/2025/B/6824521'],Custom Bid for Services - 9030C25D05 Airtime Charges for UHF Radio sets including Base station for ,[1],Ministry of Petroleum and Natural Gas INDIAN OIL CORPORATION LIMITED,2025-10-28T11:19:43Z,2025-10-28T11:19:43Z,No
['GEM/2025/B/6776721'],COBLATOR SYSTEM,[1],Health & Family Welfare Department Gujarat,2025-10-27T15:53:50Z,2025-10-27T15:53:50Z,No
['GEM/2025/B/6775856'],Monthly Basis Cab and Taxi Hiring Service - Without Fuel - SUV; As per Scope of work; As per Scope ,[1],Ministry of Power POWER GRID Corporation OF INDIA Limited,2025-10-28T16:25:03Z,2025-10-28T16:25:03Z,No
['GEM/2025/B/6775219'],"Commercial UPVC Fittings,Commercial UPVC Fittings,Commercial UPVC Fittings,Commercial UPVC Fittings",[565],Department of Space Department of Space,2025-10-27T17:04:08Z,2025-10-27T17:04:08Z,No
['GEM/2025/B/6774760'],Facility Management Services - LumpSum Based - ROAD  CCTV POLE FOUNDATION WITH INSTALLATION Consuma,[1],Home Department Gujarat,2025-10-27T13:58:08Z,2025-10-27T13:58:08Z,No
['GEM/2025/B/6774694'],"Stationary Valve Regulated Lead Acid Batteries (V2) as per IS 15549,OTR Tyres (V2),OTR Tyres (V2)",[79],Home Department Gujarat,2025-10-27T13:59:51Z,2025-10-27T13:59:51Z,No
['GEM/2025/B/6774407'],USB Type External Hard Disk Drive (V2),[25],Ministry of Home Affairs Central Armed Police Forces,2025-10-28T17:02:07Z,2025-10-28T17:02:07Z,No
['GEM/2025/B/6772980'],Custom Bid for Services - Contract work for Complete Management and maintenance of the Running Room,[1],Ministry of Railways Indian Railways,2025-10-27T18:08:09Z,2025-10-27T18:08:09Z,No
['GEM/2025/B/6772005'],Custom Bid for Services - Hiring of services of Skid/Trailer mounted High Pressure (HP) mobile stea,[1],Ministry of Petroleum and Natural Gas NA,2025-10-28T10:14:10Z,2025-10-28T10:14:10Z,No
['GEM/2025/B/6771869'],"6A SWITCH 1 Way 1 Module,6A SOCKET 3 Pin with Shutter 2 Module,16A SWITCH 1 Way with Indicator 1 Mo",[3802],Department of Space Department of Space,2025-10-28T09:39:21Z,2025-10-28T09:39:21Z,No
['GEM/2025/B/6771551'],"Spring charge motor,Matrix MTX 3 point 5,Matrix MTX 1 point 5,Closing Coil,Tripping Coil,Under Volt",[27],Department of Space Department of Space,2025-10-28T09:57:07Z,2025-10-28T09:57:07Z,No
['GEM/2025/B/6769717'],"Fixed Computer Workstation,Fixed Computer Workstation",[3],Department of Space Department of Space,2025-10-28T10:00:41Z,2025-10-28T10:00:41Z,No
['GEM/2025/B/6768316'],CUSTOMIZE WOODEN BOARD,[1],Ministry of Defence Department of Military Affairs,2025-10-28T15:07:55Z,2025-10-28T15:07:55Z,No
['GEM/2025/B/6768293'],"Submersible Pump Set (Three Phase) (V2) as per IS 8034:2018,Submersible Pump Set (Three Phase) (V2)",[3],Department of Space Department of Space,2025-10-27T12:34:52Z,2025-10-27T12:34:52Z,No
['GEM/2025/B/6800181'],Manpower Outsourcing Services - Fixed Remuneration - Others; Sports Trainer; Diploma,[10],Ministry of Youth Affairs and Sports Department of Sports,2025-10-28T21:14:52Z,2025-10-28T21:14:52Z,No
['GEM/2025/B/6799599'],"Distributed Control System with two process loops,Temperature Measuring Instrument Workbench,Calibr",[12],Education Department Gujarat,2025-10-27T12:02:02Z,2025-10-27T12:02:02Z,No
['GEM/2025/B/6799400'],"D-Dimer (latex Agglutination based kit),D-Dimer reagent,D-Dimer Control,Occult Blood,Esbach’ s Re",[182970],Health & Family Welfare Department Gujarat,2025-10-27T12:52:32Z,2025-10-27T12:52:32Z,No
['GEM/2025/B/6798697'],Relay Testing Educational Kit,[1],Education Department Gujarat,2025-10-27T13:37:24Z,2025-10-27T13:37:24Z,No
['GEM/2025/B/6781807'],"Artificial Insemination Gun,Burdizo Castrator For Large Animal,Burdizo Castrator For Small Animal,D",[12549],Panchayats and Rural Housing Department Gujarat,2025-10-28T17:23:24Z,2025-10-28T17:23:24Z,No
['GEM/2025/B/6779500'],All in One PC (V2),[1],Panchayats and Rural Housing Department Gujarat,2025-10-28T13:15:41Z,2025-10-28T13:15:41Z,No
['GEM/2025/B/6828381'],"Camera for CCTV System (V3),Networking / Server Rack,Television (TV) (V2),Video Recorder for CCTV S",[103],Panchayats and Rural Housing Department Gujarat,2025-10-28T15:08:50Z,2025-10-28T15:08:50Z,No
['GEM/2025/B/6828197'],"Cleaning, Sanitation and Disinfection Service - Outcome Based - Office/Commercial/Institutions/Resi",[280],Ministry of Finance Department of Revenue,2025-10-27T17:19:35Z,2025-10-27T17:19:35Z,No
['GEM/2025/B/6828175'],Repair and Overhauling Service - Sewing Machine as per IS 1610; brother; Yes; Buyer Premises,[4],Labour and Employment Department Gujarat,2025-10-27T16:33:32Z,2025-10-27T16:33:32Z,No
['GEM/2025/B/6828096'],Writing Pad Chair,[25],Health & Family Welfare Department Gujarat,2025-10-27T16:54:58Z,2025-10-27T16:54:58Z,No
['GEM/2025/B/6828023'],"THINNER GTA 733,PAINT GREEN INTEGRATED 740 ECL 549,PAINT WHITE INTERTHANE 990,DISTILLED WATER,GUARD",[272],Ministry of Defence Department of Defence,2025-10-27T15:58:15Z,2025-10-27T15:58:15Z,No
['GEM/2025/B/6827909'],Procurement of Fire Fighting Equipments,[1],Ministry of Petroleum and Natural Gas Bharat Petroleum Corporation Ltd,2025-10-27T15:09:16Z,2025-10-27T15:09:16Z,No
['GEM/2025/B/6827871'],Fixed Computer Workstation,[1],Education Department Gujarat,2025-10-28T12:54:10Z,2025-10-28T12:54:10Z,No
['GEM/2025/B/6827869'],Power Generator - DG Set (up to 900 KVA),[1],Agriculture and Co-operation Department Gujarat,2025-10-27T16:44:02Z,2025-10-27T16:44:02Z,No
['GEM/2025/B/6827804'],Writing Pad Chair,[50],Agriculture and Co-operation Department Gujarat,2025-10-27T16:35:51Z,2025-10-27T16:35:51Z,No
['GEM/2025/B/6827756'],Fixed Computer Workstation,[1],Education Department Gujarat,2025-10-28T12:54:26Z,2025-10-28T12:54:26Z,No
['GEM/2025/B/6827747'],General Purpose Hand Gloves (V2),[1448],Agriculture and Co-operation Department Gujarat,2025-10-27T15:18:42Z,2025-10-27T15:18:42Z,No
['GEM/2025/B/6827649'],"Design, Supply, Installation, Commissioning and Maintenance of Grid Connected Roof Top Solar Power ",[1],Energy and Petro Chemicals Department Gujarat,2025-10-28T17:15:47Z,2025-10-28T17:15:47Z,No
['GEM/2025/B/6827556'],MAN PORTABLE SCOOP STRETCHER,[2],Ministry of Defence Department of Military Affairs,2025-10-27T14:02:35Z,2025-10-27T14:02:35Z,No
['GEM/2025/B/6827532'],"Hecker Jacket,Safety Helmet",[3036],Home Department Gujarat,2025-10-28T16:21:27Z,2025-10-28T16:21:27Z,No
['GEM/2025/B/6827489'],Baby Care Kit (ICDS),[500],Women and Child Development Department Gujarat,2025-10-27T16:13:28Z,2025-10-27T16:13:28Z,No
['GEM/2025/B/6827352'],Pyranometer,[1],Education Department Gujarat,2025-10-27T14:32:48Z,2025-10-27T14:32:48Z,No
['GEM/2025/B/6827342'],Ai Sheath,[2962],Agriculture and Co-operation Department Gujarat,2025-10-27T15:18:00Z,2025-10-27T15:18:00Z,No
['GEM/2025/B/6827254'],"Mattress with cover size 72"" x36"" x5"",Mattress with cover size 72"" x32"" x5"",Mattress with cover siz",[836],Ministry of Petroleum and Natural Gas NA,2025-10-27T16:49:04Z,2025-10-27T16:49:04Z,No
['GEM/2025/B/6429731'],Procurement of Aspirators/ Suction Tubes,[50],Ministry of Health and Family Welfare Department of Health and Family Welfare,2025-08-06T11:01:54Z,2025-08-06T11:01:54Z,No
['GEM/2025/B/6429589'],Procurement of Enhanced Trace Level SO2 Analyzer,[9],Ministry of Health and Family Welfare Department of Health and Family Welfare,2025-08-06T10:58:05Z,2025-08-06T10:58:05Z,No
['GEM/2025/B/6425678'],Procurement of Otorhinolaryngoscope Equipment,[27],Ministry of Health and Family Welfare Department of Health and Family Welfare,2025-08-06T11:14:12Z,2025-08-06T11:14:12Z,No
['GEM/2025/B/6400459'],Hiring of Agency for IT Projects- Milestone basis,[1],Energy and Petro Chemicals Department Gujarat,2025-07-01T12:42:11Z,2025-07-01T12:42:11Z,No
['GEM/2025/B/6857729'],"AMC / CMC of Fire Detection, Fire Alarm, Fire Hydrant and Sprinkler System,AMC / CMC of Fire Detect",[48],Health & Family Welfare Department Gujarat,2025-11-05T12:03:27Z,2025-11-05T12:03:27Z,No
['GEM/2025/B/6828058'],Automated tissue processor,[1],Health & Family Welfare Department Gujarat,2025-11-05T12:10:35Z,2025-11-05T12:10:35Z,No
['GEM/2025/B/6852604'],"Labetalol 20 mg inj,Dopamine HCL 40 mg per ml inj,Metoprolol 1 mg per ml inj,Adrenaline Tartrate 1 ",[680],Ministry of Defence Department of Military Affairs,2025-11-05T12:15:29Z,2025-11-05T12:15:29Z,No
['GEM/2025/B/6804647'],Camera for CCTV System (V3),[41],Urban Development and Urban Housing Department Gujarat,2025-10-18T19:01:13Z,2025-10-18T19:01:13Z,No
['GEM/2025/B/6780926'],"Entry and Mid Level Desktop Computer,Line Interactive UPS with AVR (V2)",[30],Urban Development and Urban Housing Department Gujarat,2025-10-17T16:12:10Z,2025-10-17T16:12:10Z,No
['GEM/2025/B/6858010'],Auto Kerato Refractometer/ Auto Ref Keratometer,[1],Health & Family Welfare Department Gujarat,2025-11-05T12:36:38Z,2025-11-05T12:36:38Z,No
['GEM/2025/B/6737515'],"Pressure gauge,Gasket Complete Set,Fuel Filter,Push button,Washer,Fue Pipe,Oil Filter,Air Cleaner",[98],Ministry of Defence Department of Military Affairs,2025-09-28T11:17:13Z,2025-09-28T11:17:13Z,No
['GEM/2025/B/6858060'],Auto Refractometer (V2),[1],Health & Family Welfare Department Gujarat,2025-11-05T12:47:47Z,2025-11-05T12:47:47Z,No
['GEM/2025/B/6858000'],USB Type External Solid State Drive Capacity Greater than 256 GB,[10],Ministry of Defence Department of Military Affairs,2025-11-05T12:48:15Z,2025-11-05T12:48:15Z,No
['GEM/2025/B/6856435'],DECORATIVE ILLUMINATOR FOR PATH INDICATION,[4],Ministry of Defence Department of Military Affairs,2025-11-05T12:46:27Z,2025-11-05T12:46:27Z,No
['GEM/2025/B/6757791'],UV - Visible Spectrophotometer (FSSAI),[1],Agriculture and Co-operation Department Gujarat,2025-11-05T13:00:44Z,2025-11-05T13:00:44Z,No
['GEM/2025/B/6858132'],"Manpower Outsourcing Services - Minimum wage - Semi-skilled; High School; Others,Manpower Outsourci",[3],Revenue Department Gujarat,2025-11-05T13:24:24Z,2025-11-05T13:24:24Z,No
['GEM/2025/B/6851201'],Magnetic Compass,[40],Home Department Gujarat,2025-11-05T13:21:22Z,2025-11-05T13:21:22Z,No
['GEM/2025/B/6848062'],Tactical Knee and Elbow Pad (V2),[260],Home Department Gujarat,2025-11-05T13:27:46Z,2025-11-05T13:27:46Z,No
['GEM/2025/B/6847765'],thermal imager,[1],Home Department Gujarat,2025-11-05T13:15:34Z,2025-11-05T13:15:34Z,No
['GEM/2025/B/6844810'],Tactical Knee and Elbow Pad (V2),[260],Home Department Gujarat,2025-11-05T13:25:44Z,2025-11-05T13:25:44Z,No
['GEM/2025/B/6761081'],"Manpower Outsourcing Services - Minimum wage - Semi-skilled; High School; Others,Manpower Outsourci",[3],Revenue Department Gujarat,2025-10-07T14:43:34Z,2025-10-07T14:43:34Z,No
['GEM/2025/B/6858161'],ROAD BARRIER,[30],Ministry of Defence Department of Military Affairs,2025-11-05T13:31:33Z,2025-11-05T13:31:33Z,No
['GEM/2025/B/6858141'],Plain Copier Paper (V3) ISI Marked to IS 14490,[1500],Panchayats and Rural Housing Department Gujarat,2025-11-05T13:32:26Z,2025-11-05T13:32:26Z,No
['GEM/2025/B/6851667'],Night vision weapon sight (Thermal) / Weapon mounted thermal system as per MHA QRs,[10],Home Department Gujarat,2025-11-05T13:33:57Z,2025-11-05T13:33:57Z,No
['GEM/2025/B/6850607'],Passive Night Vision Monocular as per MHA QR (V2),[10],Home Department Gujarat,2025-11-05T13:30:28Z,2025-11-05T13:30:28Z,No
['GEM/2025/B/6848117'],ballistic goggles,[50],Home Department Gujarat,2025-11-05T13:39:50Z,2025-11-05T13:39:50Z,No
['GEM/2025/B/6783778'],Television (TV) (V2),[10],Ministry of Defence Department of Military Affairs,2025-11-05T13:57:09Z,2025-11-05T13:57:09Z,No
['GEM/2025/B/6800913'],PUMP SET ALARM BOARD,[1],Ministry of Defence Department of Defence,2025-10-21T12:07:27Z,2025-10-21T12:07:27Z,No
['GEM/2025/B/6783900'],Multimedia Projector (MMP),[6],Ministry of Defence Department of Military Affairs,2025-11-05T14:10:00Z,2025-11-05T14:10:00Z,No
['GEM/2025/B/6858292'],Breath Analyser,[2],Ministry of Defence Department of Military Affairs,2025-11-05T14:20:51Z,2025-11-05T14:20:51Z,No
['GEM/2025/B/6855891'],Custom Bid for Services - 9030C25D22 Awarding of job contract for management of Ethanol and miscell,[2],Ministry of Petroleum and Natural Gas INDIAN OIL CORPORATION LIMITED,2025-11-05T14:16:45Z,2025-11-05T14:16:45Z,No
['GEM/2025/B/6856681'],Baby Care Kit (ICDS),[500],Women and Child Development Department Gujarat,2025-11-04T18:24:51Z,2025-11-04T18:24:51Z,No
['GEM/2025/B/6856592'],Manpower Outsourcing Services - Minimum wage - Skilled; High School; Others,[3],Revenue Department Gujarat,2025-11-04T18:25:50Z,2025-11-04T18:25:50Z,No
['GEM/2025/B/6852286'],"Whole Gram,Horse Ration (JAV),Himalayan Pink Rock salt",[26070],Home Department Gujarat,2025-11-04T18:25:47Z,2025-11-04T18:25:47Z,No
['GEM/2025/B/6849531'],UV - Visible Spectrophotometer (FSSAI),[1],Agriculture and Co-operation Department Gujarat,2025-11-04T18:16:59Z,2025-11-04T18:16:59Z,No
['GEM/2025/B/6682061'],"300mA X - Ray Machine (V2),COMPUTED RADIOGRAPHY SYSTEM",[2],Panchayats and Rural Housing Department Gujarat,2025-09-15T19:38:37Z,2025-09-15T19:38:37Z,No
['GEM/2025/B/6856798'],Monthly Basis Cab & Taxi Hiring Services - MUV; 2000 km x 320 hours; Local 24*7,[12],Panchayats and Rural Housing Department Gujarat,2025-11-04T18:35:33Z,2025-11-04T18:35:33Z,No
['GEM/2025/B/6856731'],Monthly Basis Cab & Taxi Hiring Services - MUV; 2000 km x 320 hours; Local 24*7,[6],Panchayats and Rural Housing Department Gujarat,2025-11-04T18:34:25Z,2025-11-04T18:34:25Z,No
['GEM/2025/B/6856897'],"Dslr / Compact / Handheld Camcorder Or Video Cameras (V2),Dslr / Compact / Handheld Camcorder Or Vi",[4],Agriculture and Co-operation Department Gujarat,2025-11-04T19:41:54Z,2025-11-04T19:41:54Z,No
['GEM/2025/B/6835384'],"Custom Bid for Services - Manpower based composite mechanized cleaning including rag picking, garba",[1],Ministry of Railways Indian Railways,2025-11-04T18:52:15Z,2025-11-04T18:52:15Z,No
['GEM/2025/B/6848141'],Repair and Overhauling Service - AIR CONDITIONER WINDOW; AS PER SCOPE OF WORK; Yes; Buyer Premises,[1],Ministry of Defence Department of Military Affairs,2025-11-01T17:49:23Z,2025-11-01T17:49:23Z,No
['GEM/2025/B/6842995'],ATM Universal testing machine,[1],Agriculture and Co-operation Department Gujarat,2025-11-01T17:53:45Z,2025-11-01T17:53:45Z,No
['GEM/2025/B/6838688'],3 Part Automated Hematology Analyzer (V2),[2],Panchayats and Rural Housing Department Gujarat,2025-10-30T15:33:06Z,2025-10-30T15:33:06Z,No
['GEM/2025/B/6848199'],"AUTOMATIC VOLTAGE REGULATOR AVR BRUSH,RECTIFIER METALLIC TYPE L18 DISTBLD,BUSH SET,ROD WELDING SILI",[7],Ministry of Defence Department of Military Affairs,2025-11-01T18:11:17Z,2025-11-01T18:11:17Z,No
['GEM/2025/B/6848064'],Monthly Basis Cab & Taxi Hiring Services - Sedan; 1200 km x 208 hours; Local,[4],Health & Family Welfare Department Gujarat,2025-11-01T18:12:20Z,2025-11-01T18:12:20Z,No
['GEM/2025/B/6848018'],Refrigerated Centrifuge For General And Research Purpose,[1],Agriculture and Co-operation Department Gujarat,2025-11-01T18:06:30Z,2025-11-01T18:06:30Z,No
['GEM/2025/B/6847843'],Decorative Lightning Pole (V2),[32],Panchayats and Rural Housing Department Gujarat,2025-11-01T18:08:28Z,2025-11-01T18:08:28Z,No
['GEM/2025/B/6847688'],Reverse Osmosis based Water Treatment System above 50 LPH Capacity (V2),[2],Panchayats and Rural Housing Department Gujarat,2025-11-01T18:04:07Z,2025-11-01T18:04:07Z,No
['GEM/2025/B/6847686'],Ultra low temperature laboratory deep freezer,[1],Agriculture and Co-operation Department Gujarat,2025-11-01T18:10:29Z,2025-11-01T18:10:29Z,No
['GEM/2025/B/6847186'],PABX System - EPABX (V2),[1],Education Department Gujarat,2025-11-01T18:04:27Z,2025-11-01T18:04:27Z,No
['GEM/2025/B/6784977'],LED Luminaire for Road and Street Lights (V2) Conforming to IS 10322 (Part 5 / Section 3),[106],Panchayats and Rural Housing Department Gujarat,2025-10-13T17:34:04Z,2025-10-13T17:34:04Z,No
['GEM/2025/B/6782851'],Fourier Transform Infra Red (FTIR) Spectrometer,[1],Education Department Gujarat,2025-10-15T16:04:59Z,2025-10-15T16:04:59Z,No
['GEM/2025/B/6730934'],Current Impulse & Reference Voltage Test Setup for 11kV LA,[1],Energy and Petro Chemicals Department Gujarat,2025-10-14T11:17:40Z,2025-10-14T11:17:40Z,No
['GEM/2025/B/6714267'],"Compression Testing Machine(Mecl)-IS:516, IS: 14858",[1],Education Department Gujarat,2025-10-14T16:43:34Z,2025-10-14T16:43:34Z,No
['GEM/2025/B/6839074'],DEFIBRILLATOR MONITOR WITH FACILITY FOR EXTERNAL PACING,[1],Ministry of Defence Department of Defence,2025-11-04T22:24:56Z,2025-11-04T22:24:56Z,No
['GEM/2025/B/6812304'],Manpower Outsourcing Services - Minimum wage - Skilled; High School; Admin,[9],Ministry of Defence Department of Defence,2025-11-04T22:22:37Z,2025-11-04T22:22:37Z,No
['GEM/2025/B/6856506'],LED Luminaire for Road and Street Lights (V2) Conforming to IS 10322 (Part 5 / Section 3),[410],Panchayats and Rural Housing Department Gujarat,2025-11-04T17:28:18Z,2025-11-04T17:28:18Z,No
['GEM/2025/B/6856477'],Networking / Server Rack,[1],Education Department Gujarat,2025-11-04T17:21:32Z,2025-11-04T17:21:32Z,No
['GEM/2025/B/6856442'],Network Attached Storage (V2),[1],Education Department Gujarat,2025-11-04T17:17:43Z,2025-11-04T17:17:43Z,No
['GEM/2025/B/6856385'],Poultry feed ingredient of Soyabeen,[55],Agriculture and Co-operation Department Gujarat,2025-11-04T17:23:40Z,2025-11-04T17:23:40Z,No
['GEM/2025/B/6831463'],Custom Bid for Services - Refueling of fire extinguisher under AGE E/M-I of GE (AF) Jamnagar No 1 a,[1],Ministry of Defence Department of Military Affairs,2025-10-28T13:58:13Z,2025-10-28T13:58:13Z,No
['GEM/2025/B/6831395'],GOLD CONTACTS SPRAY,[2],Ministry of Defence Department of Military Affairs,2025-10-28T13:49:47Z,2025-10-28T13:49:47Z,No
['GEM/2025/B/6831218'],Manpower Outsourcing Services - Minimum wage - Unskilled; High School; Others,[1],Education Department Gujarat,2025-10-28T14:51:13Z,2025-10-28T14:51:13Z,No
['GEM/2025/B/6831084'],Custom Bid for Services - Repair to EICHER TIPPER Engine No E-483-20979750 under AGE E/M-I of GE (A,[1],Ministry of Defence Department of Military Affairs,2025-10-28T12:55:36Z,2025-10-28T12:55:36Z,No
['GEM/2025/B/6831033'],Add on Phones / Consols / Endpoint for PABX System,[35],"Ministry of Ports, Shipping and Waterways NA",2025-10-28T12:51:27Z,2025-10-28T12:51:27Z,No
['GEM/2025/B/6830786'],Activity Based Educational Kits for Chemistry,[1],Education Department Gujarat,2025-10-28T12:27:19Z,2025-10-28T12:27:19Z,No
['GEM/2025/B/6830578'],Monthly Basis Cab & Taxi Hiring Services - MUV; 1500 km x 320 hours; Local 24*7,[11],Panchayats and Rural Housing Department Gujarat,2025-10-28T12:54:43Z,2025-10-28T12:54:43Z,No
['GEM/2025/B/6830572'],Professional Training Services (Version 2) - online; Weekdays,[8],PMO Department of Atomic Energy,2025-10-28T12:00:40Z,2025-10-28T12:00:40Z,No
['GEM/2025/B/6830056'],"Manpower Outsourcing Services - Minimum wage - Unskilled; Not Required; Others,Manpower Outsourcing",[14],Home Department Gujarat,2025-10-28T11:04:56Z,2025-10-28T11:04:56Z,No
['GEM/2025/B/6830054'],"Socomore Aeroglaze Z307 Polyurethane Coating Black as per attached specification,Aeroglaze 9958 Thi",[2],Department of Space Department of Space,2025-10-28T18:31:02Z,2025-10-28T18:31:02Z,No
['GEM/2025/B/6836703'],Operation And Maintenance Of Lifts (Elevators) - LIFT OPERATOR,[1],Energy and Petro Chemicals Department Gujarat,2025-11-04T17:18:35Z,2025-11-04T17:18:35Z,No
['GEM/2025/B/6650682'],Steel Filing Cabinets for General Office Purpose (V2) as per IS 3313,[40],Education Department Gujarat,2025-10-18T14:58:38Z,2025-10-18T14:58:38Z,No
['GEM/2025/B/6856583'],Electric Cabling Service - TENDER FOR PROVIDING AND SUPPLYING AND INSTALLATION SOLAR LED STREET LIG,[1],Urban Development and Urban Housing Department Gujarat,2025-11-04T17:39:42Z,2025-11-04T17:39:42Z,No
['GEM/2025/B/6856541'],"PVC Channel,PVC Channel",[150],Labour and Employment Department Gujarat,2025-11-04T17:31:05Z,2025-11-04T17:31:05Z,No
['GEM/2025/B/6856538'],Multifunction Machine MFM (V2),[1],Education Department Gujarat,2025-11-04T17:35:15Z,2025-11-04T17:35:15Z,No
['GEM/2025/B/6856445'],Electrical Terminals as per IS 8309,[2000],Energy and Petro Chemicals Department Gujarat,2025-11-04T17:33:15Z,2025-11-04T17:33:15Z,No
['GEM/2025/B/6856439'],Event or Seminar or Workshop or Exhibition or Expo Management Service - National; Daxin Zone Level ,[1],Sports Youth and Cultural Activities Department Gujarat,2025-11-04T17:39:00Z,2025-11-04T17:39:00Z,No
['GEM/2025/B/6856414'],Electric Cabling Service - TENDER FOR PROVIDING AND SUPPLYING AND INSTALLATION HIGH MAST POLE; AT T,[1],Urban Development and Urban Housing Department Gujarat,2025-11-04T17:31:18Z,2025-11-04T17:31:18Z,No
['GEM/2025/B/6856272'],Electrical Terminals as per IS 8309,[1800],Energy and Petro Chemicals Department Gujarat,2025-11-04T17:40:46Z,2025-11-04T17:40:46Z,No
['GEM/2025/B/6856247'],Manpower Outsourcing Services - Minimum wage - Unskilled; High School; Others,[3],Social Justice and Empowerment Department Gujarat,2025-11-04T17:31:15Z,2025-11-04T17:31:15Z,No
['GEM/2025/B/6831969'],Thermocol Ice box for Medical purposes,[4650],Panchayats and Rural Housing Department Gujarat,2025-10-29T12:13:25Z,2025-10-29T12:13:25Z,No
['GEM/2025/B/6810921'],"Commercial N2 Gas Cylinders,N2 Gas Cylinders,ZERO AIR Gas Cylinders,HYDROGEN Gas Cylinders,Oxygen G",[189],Ministry of Petroleum and Natural Gas NA,2025-10-29T12:01:52Z,2025-10-29T12:01:52Z,No
['GEM/2025/B/6820429'],Pneumatic Tyres For Passenger Car Vehicles - Diagonal And Radial Ply Marked to IS 15633,[100],Home Department Gujarat,2025-10-28T14:00:50Z,2025-10-28T14:00:50Z,No
['GEM/2025/B/6818836'],"6"" SLOT DIPPING DEVICES FOR PETROL AND ETHANOL AG TANKS",[1],Ministry of Petroleum and Natural Gas Bharat Petroleum Corporation Ltd,2025-10-25T00:17:13Z,2025-10-25T00:17:13Z,No
['GEM/2025/B/6818282'],Layer 2 Access Switch (V2),[1],Ministry of Defence Department of Military Affairs,2025-10-28T13:52:22Z,2025-10-28T13:52:22Z,No
['GEM/2025/B/6817633'],ANNUAL MAINTENANCE SERVICES FOR WATER PURIFICATION AND CONDITIONING SYSTEM (Version 2) - Drinking W,[20],Education Department Gujarat,2025-10-26T08:38:51Z,2025-10-26T08:38:51Z,No
['GEM/2025/B/6816420'],"Inj Cetuximab 100 mg,NS Glass Bottle 500 ml,NS Glass Bottle 250 ml,Inj Eribulin 1 mg,Inj Vinscristi",[1364],Ministry of Labour and Employment NA,2025-10-28T15:41:37Z,2025-10-28T15:41:37Z,No
['GEM/2025/B/6815463'],ANNUAL MAINTENANCE SERVICES FOR WATER PURIFICATION AND CONDITIONING SYSTEM (Version 2) - Potable Wa,[15],Education Department Gujarat,2025-10-26T08:35:02Z,2025-10-26T08:35:02Z,No
['GEM/2025/B/6811338'],Annual Maintenance service - EPABX System,[1],Ministry of Textiles NA,2025-10-28T10:12:53Z,2025-10-28T10:12:53Z,No
['GEM/2025/B/6810593'],"Bowl SS,Bowl SS,Bowl SS,Kidney Tray,Kidney Tray,Clip Towel X-Action,Forceps Towel Mayo,Cannula Suct",[471],Health & Family Welfare Department Gujarat,2025-10-27T12:34:42Z,2025-10-27T12:34:42Z,No
['GEM/2025/B/6798754'],Custom Bid for Services - PV Elite and Caesar II software for a period as specified above at PDIL V,[1],Ministry of Chemicals and Fertilizers Department of Fertilizers,2025-10-16T15:37:32Z,2025-10-16T15:37:32Z,No
['GEM/2025/B/6782590'],Gas Analyser,[1],Education Department Gujarat,2025-10-18T14:39:43Z,2025-10-18T14:39:43Z,No
['GEM/2025/B/6851299'],Event or Seminar or Workshop or Exhibition or Expo Management Service - National; Workshop; Linocut,[2],Sports Youth and Cultural Activities Department Gujarat,2025-11-03T16:05:30Z,2025-11-03T16:05:30Z,No
['GEM/2025/B/6851156'],"Measuring Tape,Measuring Tape,Measuring Tape",[49],Labour and Employment Department Gujarat,2025-11-03T16:11:20Z,2025-11-03T16:11:20Z,No
['GEM/2025/B/6851123'],DVD Writer (Version 2),[2],Labour and Employment Department Gujarat,2025-11-03T16:10:33Z,2025-11-03T16:10:33Z,No
['GEM/2025/B/6788186'],"Assets Insurance Service - All Risk Policy, Fire Insurance, Electronic Equipment Insurance; Standar",[1],Ministry of Electronics and Information Technology Department of Electronics and Information Technology,2025-10-14T16:08:24Z,2025-10-14T16:08:24Z,No
['GEM/2025/B/6850396'],"Pole Screw,Kelly kit,Bty Cut Off Switch,Clutch Release brg,Brake booster Kit,Steering Pump Kit,Brg ",[22],Ministry of Defence Department of Military Affairs,2025-11-03T12:59:44Z,2025-11-03T12:59:44Z,No
['GEM/2025/B/6850313'],"Head Light LH,Head Light RH,Combination Switch,Booster Kit,Clutch Plate,Coolant Tank,rep kit,Fuel P",[15],Ministry of Defence Department of Military Affairs,2025-11-03T12:54:43Z,2025-11-03T12:54:43Z,No
['GEM/2025/B/6850141'],Neonatal Ventilators,[1],Health & Family Welfare Department Gujarat,2025-11-03T12:51:26Z,2025-11-03T12:51:26Z,No
['GEM/2025/B/6850008'],"CAT-VI WIRING (INCLUDES CABLE, CONDUIT AND LAYING)",[1450],Ministry of Defence Department of Military Affairs,2025-11-03T12:48:52Z,2025-11-03T12:48:52Z,No
['GEM/2025/B/6856566'],Power Generator - DG Set (up to 900 KVA),[1],Urban Development and Urban Housing Department Gujarat,2025-11-04T17:53:32Z,2025-11-04T17:53:32Z,No
['GEM/2025/B/6856429'],Tentage Service Lumpsum Based - Exhibitions; 300 Squarefeet rate for Stage with red carpet (three f,[27],Panchayats and Rural Housing Department Gujarat,2025-11-04T17:53:11Z,2025-11-04T17:53:11Z,No
['GEM/2025/B/6853673'],"Custom Bid for Services - complete Management of 03 RPF BARRACKs  01 RAJKOT,02 SURENDRANAGAR,03 JAM",[1],Ministry of Railways Indian Railways,2025-11-04T17:55:36Z,2025-11-04T17:55:36Z,No
['GEM/2025/B/6851249'],"Providing and fixing of Single Spike Air Terminal,Providing and fixing of 8 mm Aluminium Round Cond",[4004],Ministry of Civil Aviation Airports Authority of India (AAI),2025-11-04T17:49:42Z,2025-11-04T17:49:42Z,No
['GEM/2025/B/6821936'],"Entry and Mid Level Desktop Computer,Computer Printer (V2),Line Interactive UPS with AVR (V2)",[23],Ministry of Defence Department of Military Affairs,2025-11-04T17:45:21Z,2025-11-04T17:45:21Z,No
['GEM/2025/B/6852012'],Monthly Basis Cab & Taxi Hiring Services - SUV; 2000 km x 320 hours; Local 24*7,[2],Ministry of Finance Department of Revenue,2025-11-04T17:37:47Z,2025-11-04T17:37:47Z,No
['GEM/2025/B/6716163'],Refined Wheat Flour (Maida) (V2) (Defence),[29700],Ministry of Defence Department of Military Affairs,2025-11-04T17:35:56Z,2025-11-04T17:35:56Z,No
['GEM/2025/B/6856735'],Waste Container (V3),[290],Panchayats and Rural Housing Department Gujarat,2025-11-04T18:08:03Z,2025-11-04T18:08:03Z,No
['GEM/2025/B/6856712'],Electrical Terminals as per IS 8309,[2000],Energy and Petro Chemicals Department Gujarat,2025-11-04T18:04:24Z,2025-11-04T18:04:24Z,No
['GEM/2025/B/6856708'],Manpower Outsourcing Services - Minimum wage - Unskilled; 10 pass; Others,[2],Industries and Mines Department Gujarat,2025-11-04T18:11:28Z,2025-11-04T18:11:28Z,No
['GEM/2025/B/6792654'],Anaesthesia Workstation (V2),[2],Ministry of Labour and Employment NA,2025-10-29T09:49:26Z,2025-10-29T09:49:26Z,No
['GEM/2025/B/6833918'],OLTC Spares,[1],Ministry of Petroleum and Natural Gas INDIAN OIL CORPORATION LIMITED,2025-10-29T10:06:37Z,2025-10-29T10:06:37Z,No
['GEM/2025/B/6822923'],Cotton Yarn Waste (V2) as per IS 5485,[1000],Energy and Petro Chemicals Department Gujarat,2025-10-29T10:10:49Z,2025-10-29T10:10:49Z,No
['GEM/2025/B/6834026'],"Procurement of Cupboard, Office Table, PVC Chair & Three-Seater Bench for Sunrise Global School, Ga",[1],"Ministry of Ports, Shipping and Waterways NA",2025-10-29T10:24:53Z,2025-10-29T10:24:53Z,No
['GEM/2025/B/6758812'],"Staircase wiring,2 Module,4 Module,8 Module,12 Module,5 or 6 A switch,2 way 5 or 6 A switch,15 or 1",[1090],"Ministry of Ports, Shipping and Waterways NA",2025-10-29T10:27:14Z,2025-10-29T10:27:14Z,No
['GEM/2025/B/6834852'],Event or Seminar or Workshop or Exhibition or Expo Management Service - National; Virtual Event; Ve,[1],Panchayats and Rural Housing Department Gujarat,2025-10-29T12:29:12Z,2025-10-29T12:29:12Z,No
['GEM/2025/B/6834832'],Monthly Basis Cab & Taxi Hiring Services - MUV; 2500 km x 320 hours; Local 24*7,[1],Forests and Environment Department Gujarat,2025-10-29T12:20:53Z,2025-10-29T12:20:53Z,No
['GEM/2025/B/6806821'],"Operation And Maintenance Of Lifts (Elevators) - Complete System,Operation And Maintenance Of Lifts",[6],Ministry of Defence Department of Military Affairs,2025-10-29T12:15:23Z,2025-10-29T12:15:23Z,No
['GEM/2025/B/6792424'],Plain Copier Paper (V3) ISI Marked to IS 14490,[12000],Amdavad (Ahmedabad) Municipal Corporation (AMC),2025-10-29T12:25:06Z,2025-10-29T12:25:06Z,No
['GEM/2025/B/6750719'],Financial Advisory Services - Offsite; Tax Advisory,[1],Finance Department Gujarat,2025-10-30T10:30:34Z,2025-10-30T10:30:34Z,No
['GEM/2025/B/6365098'],Interactive Panels with CPU,[1],Panchayats and Rural Housing Department Gujarat,2025-06-20T11:53:26Z,2025-06-20T11:53:26Z,No
['GEM/2025/B/6858465'],"K M Drive,Brush Carrier,Brg Bush,CE Bush,Bush,Resiver Light Switch,Solenoid Switch,Field Coil 24V,C",[41],Ministry of Defence Department of Military Affairs,2025-11-05T15:13:28Z,2025-11-05T15:13:28Z,No
['GEM/2025/B/6858404'],"Monthly Basis Cab & Taxi Hiring Services - SUV; 2500 km x 320 hours; Outstation 24*7,Monthly Basis ",[11],Ministry of Finance Department of Revenue,2025-11-05T15:10:52Z,2025-11-05T15:10:52Z,No
['GEM/2025/B/6858482'],"Brg Bush,C E Bush,bush,Pole Screw,Chain Sprocket Set,Union Brake Booster,Air Pipe,DE-aeruation tank",[17],Ministry of Defence Department of Military Affairs,2025-11-05T15:19:04Z,2025-11-05T15:19:04Z,No
['GEM/2025/B/6858529'],"Fuel Feed Pump,Clutch plate set,Pressure plate set,Clutch Plate,Pressure plate",[5],Ministry of Defence Department of Military Affairs,2025-11-05T15:34:07Z,2025-11-05T15:34:07Z,No
['GEM/2025/B/6858527'],Monthly Basis Cab & Taxi Hiring Services - MUV; 2000 km x 320 hours; Outstation 24*7,[1],Ministry of Railways Indian Railways,2025-11-05T15:42:27Z,2025-11-05T15:42:27Z,No
['GEM/2025/B/6858500'],"Radiator Hose Pipe,Speedometer cable,Washer,Gear Lever Kit,Power Stg Gear Repair Kit,Door Lock LH,D",[13],Ministry of Defence Department of Military Affairs,2025-11-05T15:35:27Z,2025-11-05T15:35:27Z,No
['GEM/2025/B/6841137'],"Split Air Conditioner Including Green AC, Wall Mount Type (V2),Split Air Conditioner Including Gree",[70],Ministry of Finance Department of Financial Services,2025-11-05T15:32:30Z,2025-11-05T15:32:30Z,No
['GEM/2025/B/6792847'],Rathi make coupling spares,[1],Ministry of Petroleum and Natural Gas INDIAN OIL CORPORATION LIMITED,2025-10-16T17:33:05Z,2025-10-16T17:33:05Z,No
['GEM/2025/B/6792815'],Hydro-treating catalyst,[1],Ministry of Petroleum and Natural Gas INDIAN OIL CORPORATION LIMITED,2025-10-16T14:57:36Z,2025-10-16T14:57:36Z,No
['GEM/2025/B/6848341'],"Audio Amplifier (V3),Wired Microphone (V2),Speaker (V3)",[13],Urban Development and Urban Housing Department Gujarat,2025-11-04T11:18:34Z,2025-11-04T11:18:34Z,No
['GEM/2025/B/6847615'],Pre - Sensitized Printing Plates (V2),[2490],Industries and Mines Department Gujarat,2025-11-04T11:17:22Z,2025-11-04T11:17:22Z,No
['GEM/2025/B/6761357'],Automated HPLC System for Separation of complex mixtures,[1],Science and Technology Department Gujarat,2025-10-07T13:44:41Z,2025-10-07T13:44:41Z,No
['GEM/2025/B/6852334'],High End Desktop Computer,[3],"Commissioner of Geology and Mining, Gujarat",2025-11-04T11:41:18Z,2025-11-04T11:41:18Z,No
['GEM/2025/B/6838659'],"Manpower Outsourcing Services - Fixed Remuneration - Admin; Data Entry Operator; Secondary School,M",[10],Ministry of Labour and Employment NA,2025-11-04T11:36:06Z,2025-11-04T11:36:06Z,No
['GEM/2025/B/6838192'],"OPTICAL SMOKE DETECTOR, PART NO. 116-BHH--300",[2],Ministry of Defence Department of Defence,2025-11-04T11:38:57Z,2025-11-04T11:38:57Z,No
['GEM/2025/B/6804039'],Anaesthesia Machine (V2),[2],Ministry of Labour and Employment NA,2025-10-17T16:09:30Z,2025-10-17T16:09:30Z,No
['GEM/2025/B/6798584'],"Manpower Outsourcing Services - Minimum wage - Skilled; High School; Admin,Manpower Outsourcing Ser",[142],Panchayats and Rural Housing Department Gujarat,2025-10-16T17:59:38Z,2025-10-16T17:59:38Z,No
['GEM/2025/B/6763419'],"MMS with Automatic Real time East West Tracking System,Automatic MMS with Real time East West Track",[796],Ministry of Heavy Industries and Public Enterprises Department of Heavy Industry,2025-10-13T14:51:03Z,2025-10-13T14:51:03Z,No
['GEM/2025/B/6753736'],Custom Bid for Services - AS PER ATC,[1],Energy and Petro Chemicals Department Gujarat,2025-11-04T11:43:32Z,2025-11-04T11:43:32Z,No
['GEM/2025/B/6734516'],Custom Bid for Services - AS PER ATC,[1],Energy and Petro Chemicals Department Gujarat,2025-11-04T11:42:39Z,2025-11-04T11:42:39Z,No
['GEM/2025/B/6853884'],Catering service (Event Based) - Lunch; Veg; Regular Thali,[340],Agriculture and Co-operation Department Gujarat,2025-11-04T11:54:18Z,2025-11-04T11:54:18Z,No
['GEM/2025/B/6853611'],Manpower Outsourcing Services - Minimum wage - Unskilled; Secondary School; Others,[2],Labour and Employment Department Gujarat,2025-11-04T11:54:39Z,2025-11-04T11:54:39Z,No
['GEM/2025/B/6853588'],"Catering service (Duration Based) - Veg; Breakfast; Special Thali,Catering service (Duration Based)",[450],Sports Youth and Cultural Activities Department Gujarat,2025-11-04T11:58:40Z,2025-11-04T11:58:40Z,No
['GEM/2025/B/6851554'],"Manpower Outsourcing Services - Minimum wage - Unskilled; Not Required; Others,Manpower Outsourcing",[26],Ports and Transport Department Gujarat,2025-11-04T11:46:33Z,2025-11-04T11:46:33Z,No
['GEM/2025/B/6851359'],Water Lubricated Deep Groove Ball Bearing,[20],PMO Department of Atomic Energy,2025-11-04T11:52:39Z,2025-11-04T11:52:39Z,No
['GEM/2025/B/6834624'],Customized AMC/CMC for Pre-owned Products - CAMC for Laundry Equipment: Stefeb; Stefeb; Comprehensi,[13],Ministry of Labour and Employment NA,2025-11-04T11:46:47Z,2025-11-04T11:46:47Z,No
['GEM/2025/B/6785376'],Agricultural Trailer Complying to AIS 112,[1],Urban Development and Urban Housing Department Gujarat,2025-10-13T17:30:39Z,2025-10-13T17:30:39Z,No
['GEM/2025/B/6785283'],Utility Vehicle,[1],Urban Development and Urban Housing Department Gujarat,2025-10-13T17:17:27Z,2025-10-13T17:17:27Z,No
['GEM/2025/B/6785199'],Healthcare Kitchen and Dietary Service - General Ward; Diet; Full Regular Diet; Morning Tea + Snack,[11],Health & Family Welfare Department Gujarat,2025-10-13T17:42:57Z,2025-10-13T17:42:57Z,No
['GEM/2025/B/6803510'],Patient Bed (Fowler),[5],Ministry of Defence Department of Defence,2025-11-06T11:24:05Z,2025-11-06T11:24:05Z,No
['GEM/2025/B/6503894'],Procurement of Advanced Pulmonary Function Test Machine,[10],Ministry of Health and Family Welfare Department of Health and Family Welfare,2025-09-15T10:16:05Z,2025-09-15T10:16:05Z,No
['GEM/2025/B/6795248'],"Butter Churner,Cream Separator,Gerber Centrifuge machine,Sausage filler,Electric stunning machine,B",[24],Agriculture and Co-operation Department Gujarat,2025-10-28T14:54:48Z,2025-10-28T14:54:48Z,No
['GEM/2025/B/6750574'],LED Luminaire for Road and Street Lights (V2) Conforming to IS 10322 (Part 5 / Section 3),[15],Panchayats and Rural Housing Department Gujarat,2025-10-03T15:32:33Z,2025-10-03T15:32:33Z,No
['GEM/2025/B/6859987'],Repair and Overhauling Service - REPAIR OF DC GPU 24/28 V AVISH; REPAIR OF DC GPU 24/28 V AVISH; Ye,[1],Ministry of Defence Department of Military Affairs,2025-11-06T11:23:11Z,2025-11-06T11:23:11Z,No
['GEM/2025/B/6859974'],Agricultural Trailer Complying to AIS 112,[1],Panchayats and Rural Housing Department Gujarat,2025-11-06T11:24:40Z,2025-11-06T11:24:40Z,No
['GEM/2025/B/6859937'],Repair and Overhauling Service - SUPPLY OF MT SPARES; MT SPARES; Yes; Buyer Premises,[1],Ministry of Defence Department of Military Affairs,2025-11-06T11:18:55Z,2025-11-06T11:18:55Z,No
['GEM/2025/B/6859913'],"Automotive Vehicles - Retro - Reflective Sheets and Tapes (Traffic Safety) as per IS 14221,Automoti",[17],Ports and Transport Department Gujarat,2025-11-06T11:16:35Z,2025-11-06T11:16:35Z,No
['GEM/2025/B/6859906'],Pole-Mounted Outdoor Dustbin,[46],Panchayats and Rural Housing Department Gujarat,2025-11-06T11:17:02Z,2025-11-06T11:17:02Z,No
['GEM/2025/B/6857516'],Hiring of Agency for IT Projects- Milestone basis,[1],Urban Development and Urban Housing Department Gujarat,2025-11-06T11:21:13Z,2025-11-06T11:21:13Z,No
['GEM/2025/B/6830687'],LED Luminaire for Road and Street Lights (V2) Conforming to IS 10322 (Part 5 / Section 3),[90],Panchayats and Rural Housing Department Gujarat,2025-10-28T15:25:09Z,2025-10-28T15:25:09Z,No
['GEM/2025/B/6859627'],TESTER FOR COMPRESSION CHECK,[1],Ministry of Defence Department of Military Affairs,2025-11-06T10:41:02Z,2025-11-06T10:41:02Z,No
['GEM/2025/B/6859525'],"Monthly Basis Cab & Taxi Hiring Services - Hatchback; 2500 km x 320 hours; Local,Monthly Basis Cab ",[4],Ministry of Railways Railways Public Sector Undertakings,2025-11-06T10:39:18Z,2025-11-06T10:39:18Z,No
['GEM/2025/B/6860087'],Single Wheel Hoe,[38],Agriculture and Co-operation Department Gujarat,2025-11-06T11:44:09Z,2025-11-06T11:44:09Z,No
['GEM/2025/B/6859949'],Pneumatic Tyres For Passenger Car Vehicles - Diagonal And Radial Ply Marked to IS 15633,[52],Home Department Gujarat,2025-11-06T11:42:58Z,2025-11-06T11:42:58Z,No
['GEM/2025/B/6859829'],"Cleaning, Sanitation and Disinfection Service - Outcome Based - Office/Commercial/Institutions/Resi",[9422],Labour and Employment Department Gujarat,2025-11-06T11:31:50Z,2025-11-06T11:31:50Z,No
['GEM/2025/B/6701863'],"Tractors (V1),Agricultural Trailer Complying to AIS 112",[2],Panchayats and Rural Housing Department Gujarat,2025-09-18T22:12:20Z,2025-09-18T22:12:20Z,No
['GEM/2025/B/6788025'],"Monthly Basis Cab & Taxi Hiring Services - Sedan; 2000 km x 320 hours; Outstation 24*7,Monthly Basi",[15],Ministry of Finance Department of Revenue,2025-11-06T12:15:35Z,2025-11-06T12:15:35Z,No
['GEM/2025/B/6767663'],"Cleaning, Sanitation and Disinfection Service - Outcome Based - Office/Commercial/Institutions/Resi",[2474],Ministry of Finance Department of Revenue,2025-11-06T12:20:16Z,2025-11-06T12:20:16Z,No
['GEM/2025/B/6750393'],Modular Toilet,[2],Panchayats and Rural Housing Department Gujarat,2025-10-03T17:37:10Z,2025-10-03T17:37:10Z,No
['GEM/2025/B/6691759'],"Collecting Electrode with locking plate,Collective Electrode with C Clamp",[2446],Energy and Petro Chemicals Department Gujarat,2025-11-04T09:25:01Z,2025-11-04T09:25:01Z,No
['GEM/2025/B/6853058'],Laboratory Steel Furniture,[2],Agriculture and Co-operation Department Gujarat,2025-11-04T09:37:49Z,2025-11-04T09:37:49Z,No
['GEM/2025/B/6848073'],Financial Audit Services - Audit report; CA Firm,[1],Urban Development and Urban Housing Department Gujarat,2025-11-04T09:30:11Z,2025-11-04T09:30:11Z,No
['GEM/2025/B/6709627'],"Repair, Maintenance, and Installation of Plant/ Systems/Equipments (Version 2) - Thermal Power Plan",[1],Energy and Petro Chemicals Department Gujarat,2025-11-04T09:42:11Z,2025-11-04T09:42:11Z,No
['GEM/2025/B/6852325'],Manpower Outsourcing Services - Fixed Remuneration - Admin; Clerk; Graduate,[1],Women and Child Development Department Gujarat,2025-11-03T18:27:25Z,2025-11-03T18:27:25Z,No
['GEM/2025/B/6852025'],"Catering service (Event Based) - Lunch; Veg; Regular Buffet,Catering service (Event Based) - Snacks",[3000],Agriculture and Co-operation Department Gujarat,2025-11-03T18:23:21Z,2025-11-03T18:23:21Z,No
['GEM/2025/B/6852260'],"Paper Carry Bag,Paper Carry Bag,Paper Carry Bag",[90000],Agriculture and Co-operation Department Gujarat,2025-11-03T18:00:45Z,2025-11-03T18:00:45Z,No
['GEM/2025/B/6852157'],Solar Micro Pumping Systems as per MNRE Specification,[6],Forests and Environment Department Gujarat,2025-11-03T18:08:45Z,2025-11-03T18:08:45Z,No
['GEM/2025/B/6852046'],Hiring of Consultancy Services - Percentage based - As per ATC; As per ATC; No; Hybrid(As specified,[1],Rural Development Department Gujarat,2025-11-03T18:04:27Z,2025-11-03T18:04:27Z,No
['GEM/2025/B/6846235'],Permeable Nonwoven Surgical Adhesive Tape,[3000],Health & Family Welfare Department Gujarat,2025-11-03T18:07:57Z,2025-11-03T18:07:57Z,No
['GEM/2025/B/6851555'],Customized AMC/CMC for Pre-owned Products - Scanning Electron Microscope; Carl Zeiss; Annual Mainte,[1],Agriculture and Co-operation Department Gujarat,2025-11-03T16:18:51Z,2025-11-03T16:18:51Z,No
['GEM/2025/B/6851530'],Line Tester,[187],Energy and Petro Chemicals Department Gujarat,2025-11-03T16:16:47Z,2025-11-03T16:16:47Z,No
['GEM/2025/B/6850806'],Security Manpower Service (Version 2.0) - Office/Commercial/Institutions/ Residential; Unarmed Secu,[3],Labour and Employment Department Gujarat,2025-11-03T16:20:15Z,2025-11-03T16:20:15Z,No
['GEM/2025/B/6847862'],Custom Bid for Services - Repair and Installation of Spares for Fire Engines 4A 4B  IOCL Vadodara L,[1],Ministry of Petroleum and Natural Gas INDIAN OIL CORPORATION LIMITED,2025-11-03T16:22:57Z,2025-11-03T16:22:57Z,No
['GEM/2025/B/6852112'],"Pliers, Pincers and Nippers as per IS 2615, IS 11526",[187],Energy and Petro Chemicals Department Gujarat,2025-11-03T17:25:05Z,2025-11-03T17:25:05Z,No
['GEM/2025/B/6852018'],Hopper Tipper Dumper for Garbage,[1],Urban Development and Urban Housing Department Gujarat,2025-11-03T17:29:28Z,2025-11-03T17:29:28Z,No
['GEM/2025/B/6851919'],Monthly Basis Cab & Taxi Hiring Services - Hatchback; 2500 km x 320 hours; Local,[1],Women and Child Development Department Gujarat,2025-11-03T17:15:18Z,2025-11-03T17:15:18Z,No
['GEM/2025/B/6813734'],"MCB - Miniature Circuit - Breakers for A.C. Operation as per IS / IEC 60898 (Part 1),MCB - Miniatur",[2144],Ministry of Defence Department of Military Affairs,2025-11-03T17:29:33Z,2025-11-03T17:29:33Z,No
['GEM/2025/B/6852149'],Monthly Basis Cab & Taxi Hiring Services - Hatchback; 2000 km x 320 hours; Local 24*7,[1],Panchayats and Rural Housing Department Gujarat,2025-11-03T17:53:58Z,2025-11-03T17:53:58Z,No
['GEM/2025/B/6851846'],"Submersible Pump Set (Three Phase) (V2) as per IS 8034:2018,Submersible Pump Starters (Motor starte",[3],Panchayats and Rural Housing Department Gujarat,2025-11-03T17:59:26Z,2025-11-03T17:59:26Z,No
['GEM/2025/B/6836936'],"Pneumatic Tyres for Commercial Vehicles - Diagonal and Radial Ply Marked to IS 15636,Pneumatic Tyre",[18],Home Department Gujarat,2025-11-03T19:01:50Z,2025-11-03T19:01:50Z,No
['GEM/2025/B/6852590'],Monthly Basis Cab & Taxi Hiring Services - Sedan; 2500 km x 320 hours; Outstation 24*7,[1],Women and Child Development Department Gujarat,2025-11-03T19:30:17Z,2025-11-03T19:30:17Z,No
['GEM/2025/B/6852493'],Water Quality Meters / Analyzers,[20],Narmada Water Resources Water Supply and Kalpsar Department Gujarat,2025-11-03T19:54:58Z,2025-11-03T19:54:58Z,No
['GEM/2025/B/6617208'],Modular Toilet,[2],Panchayats and Rural Housing Department Gujarat,2025-08-28T11:28:34Z,2025-08-28T11:28:34Z,No
['GEM/2025/B/6849517'],Tracksuit,[18],Home Department Gujarat,2025-11-03T20:04:01Z,2025-11-03T20:04:01Z,No
['GEM/2025/B/6852701'],Custom Bid for Services - Expansion of IoT-based Energy Management System (EnMS) for Comprehensive ,[1],Ministry of Petroleum and Natural Gas Bharat Petroleum Corporation Ltd,2025-11-03T20:26:12Z,2025-11-03T20:26:12Z,No
['GEM/2025/B/6748579'],Servers (V2),[1],Ministry of Defence Department of Military Affairs,2025-10-25T20:36:36Z,2025-10-25T20:36:36Z,No
['GEM/2025/B/6706894'],Portable Toilet,[1],Ministry of Home Affairs Central Armed Police Forces,2025-11-03T19:18:11Z,2025-11-03T19:18:11Z,No
['GEM/2025/B/6851984'],Repair and Overhauling Service - built up trucks; EICHER; Yes; Buyer Premises,[1],Ministry of Defence Department of Military Affairs,2025-11-03T17:09:52Z,2025-11-03T17:09:52Z,No
['GEM/2025/B/6851945'],"Pliers, Pincers and Nippers as per IS 2615, IS 11526",[220],Energy and Petro Chemicals Department Gujarat,2025-11-03T17:11:06Z,2025-11-03T17:11:06Z,No
['GEM/2025/B/6705904'],Event or Seminar or Workshop or Exhibition or Expo Management Service - National; AS PER SCOPE OF W,[1],Ministry of Defence Department of Military Affairs,2025-10-29T16:31:34Z,2025-10-29T16:31:34Z,No
['GEM/2025/B/6661010'],Erythrocyte Sedimentation Rate (ESR) Pipette,[5278],Health & Family Welfare Department Gujarat,2025-10-29T16:41:26Z,2025-10-29T16:41:26Z,No
['GEM/2025/B/6836709'],Event or Seminar or Workshop or Exhibition or Expo Management Service - National; Virtual Event; Ve,[1],Panchayats and Rural Housing Department Gujarat,2025-10-29T16:56:16Z,2025-10-29T16:56:16Z,No
['GEM/2025/B/6836652'],Hay Grass (Loose and Bundle),[39600],Home Department Gujarat,2025-10-29T16:54:11Z,2025-10-29T16:54:11Z,No
['GEM/2025/B/6836619'],Polythene Sealing Machine (V2),[1],Rural Development Department Gujarat,2025-10-29T16:45:15Z,2025-10-29T16:45:15Z,No
['GEM/2025/B/6836459'],Sewing Machine as per IS 1610,[14],Rural Development Department Gujarat,2025-10-29T16:48:59Z,2025-10-29T16:48:59Z,No
['GEM/2025/B/6836371'],Bursting Strength Tester,[1],Agriculture and Co-operation Department Gujarat,2025-10-29T16:51:58Z,2025-10-29T16:51:58Z,No
['GEM/2025/B/6835005'],Monthly Basis Cab & Taxi Hiring Services - Hatchback; 2000 km x 320 hours; Outstation,[1],Health & Family Welfare Department Gujarat,2025-10-29T16:46:48Z,2025-10-29T16:46:48Z,No
['GEM/2025/B/6829965'],PROCUREMENT OF AC SPARES FOR ICGS C-143,[1],Ministry of Defence Department of Defence,2025-10-29T16:54:48Z,2025-10-29T16:54:48Z,No
['GEM/2025/B/6829922'],Procurement of Stbd main engine spares for ICGS C-152,[1],Ministry of Defence Department of Defence,2025-10-29T16:48:06Z,2025-10-29T16:48:06Z,No
['GEM/2025/B/6797743'],Bus Stop Shelter,[16],Panchayats and Rural Housing Department Gujarat,2025-11-03T17:41:39Z,2025-11-03T17:41:39Z,No
['GEM/2025/B/6852112'],"Pliers, Pincers and Nippers as per IS 2615, IS 11526",[187],Energy and Petro Chemicals Department Gujarat,2025-11-03T17:25:05Z,2025-11-03T17:25:05Z,No
['GEM/2025/B/6852018'],Hopper Tipper Dumper for Garbage,[1],Urban Development and Urban Housing Department Gujarat,2025-11-03T17:29:28Z,2025-11-03T17:29:28Z,No
['GEM/2025/B/6851919'],Monthly Basis Cab & Taxi Hiring Services - Hatchback; 2500 km x 320 hours; Local,[1],Women and Child Development Department Gujarat,2025-11-03T17:15:18Z,2025-11-03T17:15:18Z,No
['GEM/2025/B/6813734'],"MCB - Miniature Circuit - Breakers for A.C. Operation as per IS / IEC 60898 (Part 1),MCB - Miniatur",[2144],Ministry of Defence Department of Military Affairs,2025-11-03T17:29:33Z,2025-11-03T17:29:33Z,No
['GEM/2025/B/6852149'],Monthly Basis Cab & Taxi Hiring Services - Hatchback; 2000 km x 320 hours; Local 24*7,[1],Panchayats and Rural Housing Department Gujarat,2025-11-03T17:53:58Z,2025-11-03T17:53:58Z,No
['GEM/2025/B/6851846'],"Submersible Pump Set (Three Phase) (V2) as per IS 8034:2018,Submersible Pump Starters (Motor starte",[3],Panchayats and Rural Housing Department Gujarat,2025-11-03T17:59:26Z,2025-11-03T17:59:26Z,No
['GEM/2025/B/6851337'],"Collection & Disposal Waste Management Service - Unloading, Collection, Transportation; Dry Waste",[18000],Panchayats and Rural Housing Department Gujarat,2025-11-03T17:58:55Z,2025-11-03T17:58:55Z,No
['GEM/2025/B/6782677'],"Tower Bolts (Non-Ferrous Metals) V2 as per IS 204,Tower Bolts (Non-Ferrous Metals) V2 as per IS 204",[1706],Ministry of Defence Department of Military Affairs,2025-11-03T17:47:35Z,2025-11-03T17:47:35Z,No
['GEM/2025/B/6759085'],Manpower Outsourcing Services - Fixed Remuneration - DISTRICT CONSULTANT (AADHAR); DISTRICT CONSULT,[16],Women and Child Development Department Gujarat,2025-10-07T12:26:13Z,2025-10-07T12:26:13Z,No
['GEM/2025/B/6772398'],"Ferric Ammonium Sulphate,Buffer Solutions,Buffer Solutions,Buffer Solutions,Laboratory Filter Paper",[14],Labour and Employment Department Gujarat,2025-10-09T16:26:01Z,2025-10-09T16:26:01Z,No
['GEM/2025/B/6772016'],Copper Sulphate (V2) as per IS 261,[2],Labour and Employment Department Gujarat,2025-10-09T15:42:45Z,2025-10-09T15:42:45Z,No
['GEM/2025/B/6771872'],Acetone as per IS 170,[11],Labour and Employment Department Gujarat,2025-10-09T15:16:16Z,2025-10-09T15:16:16Z,No
['GEM/2025/B/6767898'],Web Camera As Per UIDAI Specification,[2],Labour and Employment Department Gujarat,2025-10-08T16:48:15Z,2025-10-08T16:48:15Z,No
['GEM/2025/B/6763245'],"bipolar high frequency cord 300cm,unipolar high frequency cord 300cm,suction and irrigation tube 36",[15],Health & Family Welfare Department Gujarat,2025-10-09T17:47:59Z,2025-10-09T17:47:59Z,No
['GEM/2025/B/6709626'],Custom Bid for Services - Oxygen suction air nitrous point,[1],Health & Family Welfare Department Gujarat,2025-10-04T09:30:57Z,2025-10-04T09:30:57Z,No
['GEM/2025/B/6852877'],Stitching and Tailoring Service - Tailoring; Cotton; Schools,[598],Home Department Gujarat,2025-11-03T22:49:49Z,2025-11-03T22:49:49Z,No
['GEM/2025/B/6852893'],"Custom Bid for Services - KANDLA- DESIGN, MANUFACTURE, SITC OF 80 MT ELECTRONIC WEIGHBRIDGE AT BPCL",[1],Ministry of Petroleum and Natural Gas Bharat Petroleum Corporation Ltd,2025-11-04T08:27:25Z,2025-11-04T08:27:25Z,No
['GEM/2025/B/6852432'],Repair and Overhauling Service - GOODS AND SERVICES FOR FORD VINTAGE SALON GALAXIE 500; GOODS AND S,[150],Ministry of Defence Department of Military Affairs,2025-11-04T08:39:49Z,2025-11-04T08:39:49Z,No
['GEM/2025/B/6853001'],"Split Air Conditioner Including Green AC, Wall Mount Type (V2)",[2],Agriculture and Co-operation Department Gujarat,2025-11-04T09:23:10Z,2025-11-04T09:23:10Z,No
['GEM/2025/B/6835795'],Masala Mill Kit (Gujarat Govt) as per IS 996,[2],Panchayats and Rural Housing Department Gujarat,2025-11-03T14:20:18Z,2025-11-03T14:20:18Z,No
['GEM/2025/B/6797231'],Full Field Digital Mammography Unit,[3],Health & Family Welfare Department Gujarat,2025-10-16T17:56:03Z,2025-10-16T17:56:03Z,No
['GEM/2025/B/6794535'],Hopper Tipper Dumper for Garbage,[3],Panchayats and Rural Housing Department Gujarat,2025-11-03T14:29:06Z,2025-11-03T14:29:06Z,No
['GEM/2025/B/6772876'],Monthly Basis Cab & Taxi Hiring Services - Sedan; 2500 km; Outstation,[1],Education Department Gujarat,2025-11-03T14:15:59Z,2025-11-03T14:15:59Z,No
['GEM/2025/B/6850645'],Repair and Overhauling Service - List of Mechancial Engineering Department Laboratory Equipment; No,[1],Education Department Gujarat,2025-11-03T14:13:16Z,2025-11-03T14:13:16Z,No
['GEM/2025/B/6850559'],Agricultural Trailer Complying to AIS 112,[1],Panchayats and Rural Housing Department Gujarat,2025-11-03T14:07:05Z,2025-11-03T14:07:05Z,No
['GEM/2025/B/6835327'],"SR NO 1 MS Fluid control make Pipe fitting Material-SS 316 10mm OD tube plug,SR NO 2 MS Fluid contr",[4220],PMO Department of Atomic Energy,2025-11-03T14:14:16Z,2025-11-03T14:14:16Z,No
['GEM/2025/B/6774979'],"Issuance of Smart Cards/ID Cards - marksheet  and certificate; Exam Results; Lamination, Packaging,",[3000000],Education Department Gujarat,2025-10-15T17:07:48Z,2025-10-15T17:07:48Z,No
['GEM/2025/B/6643114'],"Hiring of GIS Implementation Agency for Survey, Software Development and Master Planning related ac",[1],Forests and Environment Department Gujarat,2025-10-08T17:53:17Z,2025-10-08T17:53:17Z,No
['GEM/2025/B/6850759'],Custom Bid for Services - SUPPLY AND INSTALLATION OF CAT-VI CABLE ALONG WITH CASING CAPING AND REQD,[1],Ministry of Defence Department of Military Affairs,2025-11-03T14:32:52Z,2025-11-03T14:32:52Z,No
['GEM/2025/B/6839725'],Event or Seminar or Workshop or Exhibition or Expo Management Service - National; Virtual Event; Ve,[1],Panchayats and Rural Housing Department Gujarat,2025-10-30T13:40:16Z,2025-10-30T13:40:16Z,No
['GEM/2025/B/6839514'],Goods Transport Service – Per Trip based  Service - Household/Office; Open Body LCV Truck; 17 FT ,[59],Finance Department Gujarat,2025-10-30T13:30:54Z,2025-10-30T13:30:54Z,No
['GEM/2025/B/6839380'],Manpower Outsourcing Services - Minimum wage - Skilled; Post Graduate in Chemistry; Healthcare,[6],Health & Family Welfare Department Gujarat,2025-10-30T13:33:12Z,2025-10-30T13:33:12Z,No
['GEM/2025/B/6832864'],Custom Bid for Services - Annual Rate Contract for the Miscellaneous OnM Electrical Jobs for Mainta,[1],Ministry of Petroleum and Natural Gas GAIL India Limited,2025-10-30T13:39:49Z,2025-10-30T13:39:49Z,No
['GEM/2025/B/6795266'],"outdoor tv 65""",[1],Ministry of Defence Department of Military Affairs,2025-10-30T13:37:26Z,2025-10-30T13:37:26Z,No
['GEM/2025/B/6708071'],Entry and Mid Level Desktop Computer,[221],Agriculture and Co-operation Department Gujarat,2025-10-30T13:36:14Z,2025-10-30T13:36:14Z,No
['GEM/2025/B/6839928'],Facility Management Services - LumpSum Based - Exam-oriented co-literature in Halol taluka; Exam-or,[1],Education Department Gujarat,2025-10-30T14:14:23Z,2025-10-30T14:14:23Z,No
['GEM/2025/B/6839866'],Facility Management Services - LumpSum Based - Supply of smart class at Halol taluka; Supply of sma,[1],Education Department Gujarat,2025-10-30T14:02:25Z,2025-10-30T14:02:25Z,No
['GEM/2025/B/6839815'],Manpower Outsourcing Services - Minimum wage - Unskilled; High School with Science subject; Healthc,[4],Health & Family Welfare Department Gujarat,2025-10-30T14:08:00Z,2025-10-30T14:08:00Z,No
['GEM/2025/B/6839755'],Manpower Outsourcing Services - Minimum wage - Unskilled; Middle School; Others,[1],Education Department Gujarat,2025-10-30T14:03:30Z,2025-10-30T14:03:30Z,No
['GEM/2025/B/6850764'],Security Manpower Service (Version 2.0) - Office/Commercial/Institutions/ Residential; Unarmed Secu,[6],Ministry of Education Department of School Education and Literacy,2025-11-03T14:52:22Z,2025-11-03T14:52:22Z,No
['GEM/2025/B/6844072'],Security Manpower Service (Version 2.0) - Office/Commercial/Institutions/ Residential; Unarmed Secu,[3],Labour and Employment Department Gujarat,2025-11-03T14:55:13Z,2025-11-03T14:55:13Z,No
['GEM/2025/B/6758039'],Yokogawa make DCS,[1],Ministry of Petroleum and Natural Gas INDIAN OIL CORPORATION LIMITED,2025-10-07T10:12:50Z,2025-10-07T10:12:50Z,No
['GEM/2025/B/6848874'],Writing Pens,[10000],Agriculture and Co-operation Department Gujarat,2025-11-02T17:46:10Z,2025-11-02T17:46:10Z,No
['GEM/2025/B/6848917'],Currency Counting Machine (V2),[4],Ministry of Finance Department of Financial Services,2025-11-02T18:24:20Z,2025-11-02T18:24:20Z,No
['GEM/2025/B/6848915'],SMART CLASS EQUIPMENT WITH DIGITAL CONTENTS SOFTWARE,[3],Education Department Gujarat,2025-11-02T18:18:23Z,2025-11-02T18:18:23Z,No
['GEM/2025/B/6848960'],"Revolving Chair (V5),Revolving Chair (V5),Chair (Without Wheels) for General Purpose",[120],Ministry of Finance Department of Financial Services,2025-11-02T19:19:46Z,2025-11-02T19:19:46Z,No
['GEM/2025/B/6849027'],"ITEM 1,ITEM 2,ITEM 3,ITEM 4,ITEM 5,ITEM 6",[47],Ministry of Railways Indian Railways,2025-11-02T21:07:21Z,2025-11-02T21:07:21Z,No
['GEM/2025/B/6849059'],"ITEM 1,ITEM 2,ITEM 3,ITEM 4,ITEM 5,ITEM 6,ITEM 7,ITEM 8,ITEM 9,ITEM 10",[789],Ministry of Railways Indian Railways,2025-11-02T22:51:04Z,2025-11-02T22:51:04Z,No
['GEM/2025/B/6838798'],Repair and Overhauling Service - 8000 hourly routine on Port DA onboard ICGS C-445; Make- Caterpill,[1],Ministry of Defence Department of Defence,2025-11-03T09:19:09Z,2025-11-03T09:19:09Z,No
['GEM/2025/B/6831483'],E-cart for Goods,[29],Panchayats and Rural Housing Department Gujarat,2025-11-06T14:02:14Z,2025-11-06T14:02:14Z,No
['GEM/2025/B/6695064'],Manpower Outsourcing Services - Fixed Remuneration - Finance/Accounts; Sr Assistant Revenue Record;,[28],Energy and Petro Chemicals Department Gujarat,2025-10-04T12:40:26Z,2025-10-04T12:40:26Z,No
['GEM/2025/B/6620859'],Power Hacksaw Machine,[41],Labour and Employment Department Gujarat,2025-09-09T20:09:22Z,2025-09-09T20:09:22Z,No
['GEM/2025/B/6861189'],Manpower Outsourcing Services - Minimum wage - Unskilled; Not Required; Others,[2],Panchayats and Rural Housing Department Gujarat,2025-11-06T13:56:35Z,2025-11-06T13:56:35Z,No
['GEM/2025/B/6861119'],"Spring Brake Booster,Crank Shaft Oil Seal,Fuel Filter Cartridge,Diffrential Oil Seal,Axle Tube Oil ",[18],Ministry of Defence Department of Military Affairs,2025-11-06T13:46:12Z,2025-11-06T13:46:12Z,No
['GEM/2025/B/6860977'],Facility Management Services - LumpSum Based - Commercial; FIRE FIGHTING SYSTEM; Consumables to be ,[1],Labour and Employment Department Gujarat,2025-11-06T13:49:21Z,2025-11-06T13:49:21Z,No
['GEM/2025/B/6860923'],Digital Hand-held VHF Transceiver as per MHA QR,[20],Forests and Environment Department Gujarat,2025-11-06T13:57:22Z,2025-11-06T13:57:22Z,No
['GEM/2025/B/6849581'],Deep freezer,[1],Agriculture and Co-operation Department Gujarat,2025-11-03T11:21:02Z,2025-11-03T11:21:02Z,No
['GEM/2025/B/6620541'],Single Operator AC and DC Arc Welding Transformers GTAW Welding Machine as per IS 6008,[12],Labour and Employment Department Gujarat,2025-09-09T20:08:01Z,2025-09-09T20:08:01Z,No
['GEM/2025/B/6620067'],Portable electrode oven,[32],Labour and Employment Department Gujarat,2025-09-09T20:06:16Z,2025-09-09T20:06:16Z,No
['GEM/2025/B/6851288'],Backhoe Loaders (V3),[1],Urban Development and Urban Housing Department Gujarat,2025-11-03T15:39:37Z,2025-11-03T15:39:37Z,No
['GEM/2025/B/6851209'],Truck Mounted Boom Lift Platform,[1],Urban Development and Urban Housing Department Gujarat,2025-11-03T15:30:55Z,2025-11-03T15:30:55Z,No
['GEM/2025/B/6815524'],Oxygen Gas Regulators (Version 2),[400],Health & Family Welfare Department Gujarat,2025-10-24T11:47:56Z,2025-10-24T11:47:56Z,No
['GEM/2025/B/6767196'],"Offset printing cleaning Chemical,Offset printing cleaning Chemical,Offset printing cleaning Chemic",[79],Ports and Transport Department Gujarat,2025-10-08T15:37:57Z,2025-10-08T15:37:57Z,No
['GEM/2025/B/6765128'],network segregation and replacement of obsolete controllers and associated hardware,[1],Ministry of Petroleum and Natural Gas INDIAN OIL CORPORATION LIMITED,2025-10-09T09:32:23Z,2025-10-09T09:32:23Z,No
['GEM/2025/B/6756791'],Dell make Internal hard disk for Dell PowerEdge R530 Server as per attached technical specification,[90],PMO Department of Atomic Energy,2025-10-13T13:02:53Z,2025-10-13T13:02:53Z,No
['GEM/2025/B/6729515'],"All in One PC (V2),Entry and Mid Level Desktop Computer,Entry and Mid Level Laptop - Notebook,Multi",[6],Panchayats and Rural Housing Department Gujarat,2025-10-03T12:18:48Z,2025-10-03T12:18:48Z,No
['GEM/2025/B/6723345'],"Sintered brake pad for M/s Kateel Engineering industry Pvt. Ltd. make pneumatic brake,Spring set fo",[36],PMO Department of Atomic Energy,2025-10-13T17:54:11Z,2025-10-13T17:54:11Z,No
['GEM/2025/B/6700595'],"Inj Cetuximab,Inj Normal saline Glass Bottle 500 ml,Inj Eribulin 1 mg,inj Vincristine 1 mg,Inj Bleo",[222],Ministry of Labour and Employment NA,2025-09-29T11:25:48Z,2025-09-29T11:25:48Z,No
['GEM/2025/B/6842156'],Calibration Services - CALIBRATION OF OPTICAL POWER METER; CALIBRATION OF OPTICAL POWER METER; CALI,[2],Ministry of Defence Department of Military Affairs,2025-10-31T08:04:25Z,2025-10-31T08:04:25Z,No
['GEM/2025/B/6800892'],High Mast Lighting Tower for large area with LED Flood Lighting System,[2],Panchayats and Rural Housing Department Gujarat,2025-11-04T15:11:47Z,2025-11-04T15:11:47Z,No
['GEM/2025/B/6796085'],High Mast Lighting Tower for large area with LED Flood Lighting System,[1],Panchayats and Rural Housing Department Gujarat,2025-11-04T15:12:29Z,2025-11-04T15:12:29Z,No
['GEM/2025/B/6781595'],"MCB - Miniature Circuit - Breakers for A.C. Operation as per IS / IEC 60898 (Part 1),Cast Copper Al",[11851],Ministry of Defence Department of Military Affairs,2025-11-04T15:12:06Z,2025-11-04T15:12:06Z,No
['GEM/2025/B/6732553'],"Service Angle Valve Part no SPZ4203140 for Daikin make PFS2402DARY chiller,Angle Valve Part no S490",[187],PMO Department of Atomic Energy,2025-10-14T17:03:51Z,2025-10-14T17:03:51Z,No
['GEM/2025/B/6715685'],M/s. WIKA make Float for Magnetic Level Gauge as per attached technical specifications,[15],PMO Department of Atomic Energy,2025-10-14T16:14:34Z,2025-10-14T16:14:34Z,No
['GEM/2025/B/6855649'],LED Luminaire for Road and Street Lights (V2) Conforming to IS 10322 (Part 5 / Section 3),[59],Panchayats and Rural Housing Department Gujarat,2025-11-04T15:38:37Z,2025-11-04T15:38:37Z,No
['GEM/2025/B/6855557'],Mini Jetting Machine,[1],Urban Development and Urban Housing Department Gujarat,2025-11-04T15:41:03Z,2025-11-04T15:41:03Z,No
['GEM/2025/B/6855528'],"Fuel Water Separator,Fuel Water Separator,Fuel Water Separator,Vehicle Mounted Air Filter,Air Pre F",[468],Ports and Transport Department Gujarat,2025-11-04T15:31:08Z,2025-11-04T15:31:08Z,No
['GEM/2025/B/6851000'],"Monthly Basis Cab & Taxi Hiring Services - Sedan; 2500 km x 320 hours; Outstation 24*7,Monthly Basi",[2],Panchayats and Rural Housing Department Gujarat,2025-11-04T15:37:31Z,2025-11-04T15:37:31Z,No
['GEM/2025/B/6848007'],Monthly Basis Cab & Taxi Hiring Services - SUV; 2500 km x 320 hours; Local 24*7,[3],"Commissionerate of Rural Development, Gujarat",2025-11-04T15:38:32Z,2025-11-04T15:38:32Z,No
['GEM/2025/B/6840947'],Monthly Basis Cab & Taxi Hiring Services - SUV; 3000 Km x 364 hours; Outstation 24*7,[1],Revenue Department Gujarat,2025-10-30T16:34:42Z,2025-10-30T16:34:42Z,No
['GEM/2025/B/6840630'],Customized AMC/CMC for Pre-owned Products - TAS Integration and modification in software &PLC; SEIP,[1],Ministry of Petroleum and Natural Gas INDIAN OIL CORPORATION LIMITED,2025-10-30T16:39:01Z,2025-10-30T16:39:01Z,No
['GEM/2025/B/6838826'],"Batterie,Batteries small,Gluestick,CD,Tissue paper,Flag,Paper pin,Paper Cutter Blade,Paper Cutter B",[470],Ministry of Defence Department of Military Affairs,2025-10-30T16:31:41Z,2025-10-30T16:31:41Z,No
['GEM/2025/B/6837980'],Non-percolating flexible Fire Fighting Hose,[50],Ministry of Petroleum and Natural Gas NA,2025-10-30T16:35:23Z,2025-10-30T16:35:23Z,No
['GEM/2025/B/6823059'],"Repair, Maintenance, and Installation of Plant/ Systems/Equipments (Version 2) - THERMAL POWER PLAN",[1],Energy and Petro Chemicals Department Gujarat,2025-10-30T16:33:38Z,2025-10-30T16:33:38Z,No
['GEM/2025/B/6703395'],PROCUREMENT AND INSTALLATION OF ROPE CLIMBER,[1],Ministry of Defence Department of Military Affairs,2025-10-30T17:09:30Z,2025-10-30T17:09:30Z,No
['GEM/2025/B/6663467'],"Wedge Connector suitable for Conductor Size Weasel 34mm2,Wedge Connector suitable for Conductor Siz",[1500000],Energy and Petro Chemicals Department Gujarat,2025-09-16T16:39:40Z,2025-09-16T16:39:40Z,No
['GEM/2025/B/6842375'],"Split Air Conditioner Including Green AC, Wall Mount Type (V2)",[2],Agriculture and Co-operation Department Gujarat,2025-10-31T10:13:49Z,2025-10-31T10:13:49Z,No
['GEM/2025/B/6742224'],Augmentation and upgradation of OMS PLC system to latest platform,[1],Ministry of Petroleum and Natural Gas INDIAN OIL CORPORATION LIMITED,2025-10-06T14:48:04Z,2025-10-06T14:48:04Z,No
['GEM/2025/B/6822107'],Custom Bid for Services - CADRE MANAGEMENT SYSTEM,[1],Ministry of Finance Department of Revenue,2025-10-29T18:24:37Z,2025-10-29T18:24:37Z,No
['GEM/2025/B/6757561'],Gas Chromatography,[1],PMO Department of Atomic Energy,2025-10-25T11:01:48Z,2025-10-25T11:01:48Z,No
['GEM/2025/B/6750186'],Custom Bid for Services - 9030C25C83 Services for providing Public Addressing System,[1],Ministry of Petroleum and Natural Gas INDIAN OIL CORPORATION LIMITED,2025-10-04T09:30:03Z,2025-10-04T09:30:03Z,No
['GEM/2025/B/6745670'],flannellette rolls of  cm width,[9000],Ministry of Home Affairs Central Armed Police Forces,2025-10-09T13:23:37Z,2025-10-09T13:23:37Z,No
['GEM/2025/B/6735264'],Custom Bid for Services - 9030C25C73 ARC for Hydrojet Cleaning of equipments along with miscellaneo,[2],Ministry of Petroleum and Natural Gas INDIAN OIL CORPORATION LIMITED,2025-09-30T11:27:50Z,2025-09-30T11:27:50Z,No
['GEM/2025/B/6723776'],"Repair, Maintenance, and Installation of Plant/ Systems/Equipments (Version 2) - Surendranagar Pump",[1],Energy and Petro Chemicals Department Gujarat,2025-09-27T12:07:30Z,2025-09-27T12:07:30Z,No
['GEM/2025/B/6723037'],"Repair, Maintenance, and Installation of Plant/ Systems/Equipments (Version 2) - SPS Surendranagar;",[1],Energy and Petro Chemicals Department Gujarat,2025-09-27T11:50:16Z,2025-09-27T11:50:16Z,No
['GEM/2025/B/6851782'],Reverse Osmosis based Water Treatment System above 50 LPH Capacity (V2),[4],Education Department Gujarat,2025-11-04T09:58:30Z,2025-11-04T09:58:30Z,No
['GEM/2025/B/6780208'],Phenothiazene(PTZ),[139200],Ministry of Petroleum and Natural Gas INDIAN OIL CORPORATION LIMITED,2025-10-13T18:26:20Z,2025-10-13T18:26:20Z,No
['GEM/2025/B/6853254'],"Catering service (Event Based) - Lunch; Veg; Special Thali,Catering service (Event Based) - Lunch; ",[9],Agriculture and Co-operation Department Gujarat,2025-11-04T10:25:39Z,2025-11-04T10:25:39Z,No
['GEM/2025/B/6840627'],Custom Bid for Services - ANNUAL MAINTENANCE CONTRACT OF RO PLANT WITH CARTRIDGES,[1],Ministry of Defence Department of Military Affairs,2025-11-04T10:17:20Z,2025-11-04T10:17:20Z,No
['GEM/2025/B/6836380'],Whole Gram,[7920],Home Department Gujarat,2025-10-29T16:23:18Z,2025-10-29T16:23:18Z,No
['GEM/2025/B/6836219'],"Manpower Outsourcing Services - Minimum wage - Skilled; Not Required; Others,Manpower Outsourcing S",[7],Revenue Department Gujarat,2025-10-29T16:29:10Z,2025-10-29T16:29:10Z,No
['GEM/2025/B/6836175'],"Collection & Disposal Waste Management Service - Collection, Lifting, Transportation, Unloading; Dr",[5687],Panchayats and Rural Housing Department Gujarat,2025-10-29T16:18:21Z,2025-10-29T16:18:21Z,No
['GEM/2025/B/6836161'],Seaweed Extract Granules,[2500],Forests and Environment Department Gujarat,2025-10-29T16:18:17Z,2025-10-29T16:18:17Z,No
['GEM/2025/B/6828919'],Manpower Outsourcing Services - Minimum wage - Unskilled; High School; Others,[1],Labour and Employment Department Gujarat,2025-10-27T17:46:15Z,2025-10-27T17:46:15Z,No
['GEM/2025/B/6828836'],"Laundry Service - Healthcare purpose,Laundry Service - Healthcare purpose,Laundry Service - Healthc",[1000],Health & Family Welfare Department Gujarat,2025-10-27T17:38:39Z,2025-10-27T17:38:39Z,No
['GEM/2025/B/6828818'],"Bottom Connector for EA 18X2X1 mm,VALCO bulkhead connector,BUSH CERAMIC ID 2.1 LG 3,Capillary Fused",[64],Department of Space Department of Space,2025-10-28T18:21:24Z,2025-10-28T18:21:24Z,No
['GEM/2025/B/6828657'],Germination Paper (V2) Conforming to IS 6671,[4500],Agriculture and Co-operation Department Gujarat,2025-10-27T17:33:40Z,2025-10-27T17:33:40Z,No
['GEM/2025/B/6828636'],"Plain Copier Paper (V3) ISI Marked to IS 14490,Plain Copier Paper (V3) ISI Marked to IS 14490",[750],Education Department Gujarat,2025-10-27T17:03:26Z,2025-10-27T17:03:26Z,No
['GEM/2025/B/6828620'],Procurement of Naval Store Items (Music System 5.1 Channel),[1],Ministry of Defence Department of Defence,2025-10-27T16:50:59Z,2025-10-27T16:50:59Z,No
['GEM/2025/B/6858253'],Monthly Basis Cab & Taxi Hiring Services - Sedan; 2500 km x 320 hours; Local 24*7,[2],Labour and Employment Department Gujarat,2025-11-05T19:26:28Z,2025-11-05T19:26:28Z,No
['GEM/2025/B/6854902'],Wind mill blades,[2],Ministry of Defence Department of Military Affairs,2025-11-05T19:59:34Z,2025-11-05T19:59:34Z,No
['GEM/2025/B/6859116'],COOLANT,[60],Ministry of Defence Department of Military Affairs,2025-11-05T20:42:46Z,2025-11-05T20:42:46Z,No
['GEM/2025/B/6859165'],"Lighting Pole or Post and Hardware - Tubular Street Light Poles (V2),LED Luminaire for Road and Str",[86],Panchayats and Rural Housing Department Gujarat,2025-11-05T22:36:37Z,2025-11-05T22:36:37Z,No
['GEM/2025/B/6803478'],Scanner (V3),[3],Agriculture and Co-operation Department Gujarat,2025-10-17T15:01:21Z,2025-10-17T15:01:21Z,No
['GEM/2025/B/6793705'],Customized AMC/CMC for Pre-owned Products - Renewal of license for services of Firewall FortiGate 2,[1],Agriculture and Co-operation Department Gujarat,2025-10-15T15:34:23Z,2025-10-15T15:34:23Z,No
['GEM/2025/B/6793566'],Programmable Logic Controller Trainer Kit,[1],Education Department Gujarat,2025-10-15T15:10:50Z,2025-10-15T15:10:50Z,No
['GEM/2025/B/6787697'],Hyper Converged Infrastructure for Data Center (V2),[1],Agriculture and Co-operation Department Gujarat,2025-10-16T16:58:57Z,2025-10-16T16:58:57Z,No
['GEM/2025/B/6758126'],"Reverse Osmosis based Water Treatment System above 50 LPH Capacity (V2),Self - Contained Drinking W",[2],Agriculture and Co-operation Department Gujarat,2025-10-06T16:09:39Z,2025-10-06T16:09:39Z,No
['GEM/2025/B/6747089'],Tritium Target along with Target Holder Assembly,[1],PMO Department of Atomic Energy,2025-10-06T14:51:08Z,2025-10-06T14:51:08Z,No
['GEM/2025/B/6826957'],Hiring of Integrated Audio System,[1],Ministry of Defence Department of Military Affairs,2025-11-01T12:32:48Z,2025-11-01T12:32:48Z,No
['GEM/2025/B/6740211'],digital signature certificate,[12],Ministry of Consumer Affairs Food and Public Distribution Department of Food and Public Distribution,2025-09-29T16:11:28Z,2025-09-29T16:11:28Z,No
['GEM/2025/B/6847040'],Monthly Basis Cab & Taxi Hiring Services - SUV; 3000 Km x 364 hours; Outstation 24*7,[1],Gujarat Industrial Develpment Corporation (GIDC),2025-11-01T13:10:32Z,2025-11-01T13:10:32Z,No
['GEM/2025/B/6847022'],Waste Container (V3),[407],Panchayats and Rural Housing Department Gujarat,2025-11-01T13:09:54Z,2025-11-01T13:09:54Z,No
['GEM/2025/B/6847007'],Monthly Basis Cab & Taxi Hiring Services - Sedan; 2500 km x 320 hours; Outstation 24*7,[2],Gujarat Industrial Develpment Corporation (GIDC),2025-11-01T13:05:52Z,2025-11-01T13:05:52Z,No
['GEM/2025/B/6846902'],Pneumatic Tyres For Passenger Car Vehicles - Diagonal And Radial Ply Marked to IS 15633,[4],Roads and Buildings Department Gujarat,2025-11-01T13:05:00Z,2025-11-01T13:05:00Z,No
['GEM/2025/B/6765920'],Hiring of Consultants - Per Person Per Month Based - Subject Matter Experts; Industrial Infrastruct,[5],Science and Technology Department Gujarat,2025-10-08T15:35:38Z,2025-10-08T15:35:38Z,No
['GEM/2025/B/6745826'],Diabetic Foot Evaluation System,[1],Ministry of Health and Family Welfare Department of Health and Family Welfare,2025-10-11T11:05:43Z,2025-10-11T11:05:43Z,No
['GEM/2025/B/6667916'],Uterine Balloon Tamponade Device (V2),[10000],Health & Family Welfare Department Gujarat,2025-09-25T13:27:17Z,2025-09-25T13:27:17Z,No
['GEM/2025/B/6846940'],Monthly Basis Cab & Taxi Hiring Services - Sedan; 2500 km x 320 hours; Outstation 24*7,[1],Gujarat Industrial Develpment Corporation (GIDC),2025-11-01T12:59:50Z,2025-11-01T12:59:50Z,No
['GEM/2025/B/6846845'],Camera for CCTV System (V3),[25],Ministry of Education Department of School Education and Literacy,2025-11-01T12:53:05Z,2025-11-01T12:53:05Z,No
['GEM/2025/B/6846819'],Semi Automatic Bio Chemistry Analyser,[1],Agriculture and Co-operation Department Gujarat,2025-11-01T12:54:16Z,2025-11-01T12:54:16Z,No
['GEM/2025/B/6846792'],"Vehicle Hiring Service - Per Vehicle-Day basis - Sedan; 2021, 2022, 2023, 2024, 2025; Outstation; P",[60],Labour and Employment Department Gujarat,2025-11-01T12:46:48Z,2025-11-01T12:46:48Z,No
['GEM/2025/B/6846737'],Polyethylene Bags for General Purposes,[750],Health & Family Welfare Department Gujarat,2025-11-01T12:54:30Z,2025-11-01T12:54:30Z,No
['GEM/2025/B/6846654'],Stand for Root Trainers (V2),[1080],Agriculture and Co-operation Department Gujarat,2025-11-01T12:47:43Z,2025-11-01T12:47:43Z,No
['GEM/2025/B/6831977'],"Refilling of Medical Gases in Cylinders,Refilling of Medical Gases in Cylinders,Refilling of Medica",[896],Ministry of Labour and Employment NA,2025-11-01T12:58:16Z,2025-11-01T12:58:16Z,No
['GEM/2025/B/6826820'],Hiring of Data Wall,[1],Ministry of Defence Department of Military Affairs,2025-11-01T12:48:55Z,2025-11-01T12:48:55Z,No
['GEM/2025/B/6751310'],Manpower Outsourcing Services - Fixed Remuneration - Data Entry operator; Data Entry Operator; Grad,[10],Social Justice and Empowerment Department Gujarat,2025-10-03T17:32:07Z,2025-10-03T17:32:07Z,No
['GEM/2025/B/6684013'],Diode Laser for Skin,[4],Health & Family Welfare Department Gujarat,2025-11-01T12:58:23Z,2025-11-01T12:58:23Z,No
['GEM/2025/B/6673259'],Manpower Outsourcing Services - Fixed Remuneration - Others; SAMAJ SURAXA SAHAYAK; Graduate,[10],Social Justice and Empowerment Department Gujarat,2025-10-03T15:50:21Z,2025-10-03T15:50:21Z,No
['GEM/2025/B/6847063'],Pneumatic Tyres For Passenger Car Vehicles - Diagonal And Radial Ply Marked to IS 15633,[4],Roads and Buildings Department Gujarat,2025-11-01T13:18:05Z,2025-11-01T13:18:05Z,No
['GEM/2025/B/6847044'],"Design, Supply, Installation, Commissioning and Maintenance of Grid Connected Roof Top Solar Power ",[1],Ministry of Finance Department of Financial Services,2025-11-01T13:29:36Z,2025-11-01T13:29:36Z,No
['GEM/2025/B/6846974'],Waste Container (V3),[400],Panchayats and Rural Housing Department Gujarat,2025-11-01T13:19:23Z,2025-11-01T13:19:23Z,No
['GEM/2025/B/6835605'],"Solar Concentrator Training System,Solar Thermal Training System",[2],Education Department Gujarat,2025-11-01T13:18:43Z,2025-11-01T13:18:43Z,No
['GEM/2025/B/6847177'],Grinding Wheel (V2),[4],Labour and Employment Department Gujarat,2025-11-01T13:37:41Z,2025-11-01T13:37:41Z,No
['GEM/2025/B/6846621'],MOBILE PHONE WITH IOS OPERATING SOFTWARE,[1],Ministry of Defence Department of Military Affairs,2025-11-01T13:33:04Z,2025-11-01T13:33:04Z,No
['GEM/2025/B/6845283'],High frequancy digital wireless flat panel detector system,[1],Health & Family Welfare Department Gujarat,2025-11-01T13:38:55Z,2025-11-01T13:38:55Z,No
['GEM/2025/B/6847244'],"Cutting Tools,Cutting Tools",[30],Labour and Employment Department Gujarat,2025-11-01T13:53:44Z,2025-11-01T13:53:44Z,No
['GEM/2025/B/6847214'],"Water Jug,Whitner Pen,Tape mix colour 01 inch,Chair towel,Wiper Cleaner,Odonil,Punching machine big",[367],Ministry of Defence Department of Military Affairs,2025-11-01T13:58:58Z,2025-11-01T13:58:58Z,No
['GEM/2025/B/6847077'],Catering Service per Packet based - Veg; Breakfast; Buffet(Breakfast/Lunch/Dinner),[17000],Education Department Gujarat,2025-11-01T13:56:16Z,2025-11-01T13:56:16Z,No
['GEM/2025/B/6855591'],"Internet Bandwidth and Replication Service - Internet Leased Line; Goverment Service provider, Priv",[1],Education Department Gujarat,2025-11-04T15:39:38Z,2025-11-04T15:39:38Z,No
['GEM/2025/B/6851716'],SMART CLASS EQUIPMENT WITH DIGITAL CONTENTS SOFTWARE,[4],Panchayats and Rural Housing Department Gujarat,2025-11-07T11:08:52Z,2025-11-07T11:08:52Z,No
['GEM/2025/B/6834653'],"TAB LEVETIRACETAM 500MG,TAB SITAGLIPTIN 50MG,INJ PHENYTOIN SODIUM 100MG,LEVOSALBUTMOL RESPULE 0 POI",[50681],Ministry of Defence Department of Military Affairs,2025-11-07T11:14:50Z,2025-11-07T11:14:50Z,No
['GEM/2025/B/6831613'],Entry and Mid Level Desktop Computer,[4],Panchayats and Rural Housing Department Gujarat,2025-10-28T14:49:46Z,2025-10-28T14:49:46Z,No
['GEM/2025/B/6829729'],"Micropipette with 1 ml volume,Micropipette with 5 ml volume,Micro tip with 1 ml volume,Micro tip wi",[20540],PMO Department of Atomic Energy,2025-11-07T11:02:55Z,2025-11-07T11:02:55Z,No
['GEM/2025/B/6760609'],SAM TURBO PUMP SPARES,[1],Ministry of Petroleum and Natural Gas INDIAN OIL CORPORATION LIMITED,2025-10-07T11:23:40Z,2025-10-07T11:23:40Z,No
['GEM/2025/B/6760434'],DELTA PD make pumps,[1],Ministry of Petroleum and Natural Gas INDIAN OIL CORPORATION LIMITED,2025-10-07T10:58:26Z,2025-10-07T10:58:26Z,No
['GEM/2025/B/6754962'],Manpower Outsourcing Services - Minimum wage - Skilled; Graduate; Admin,[4],Home Department Gujarat,2025-10-05T10:27:51Z,2025-10-05T10:27:51Z,No
['GEM/2025/B/6764015'],Leasing in of Commercial Properties - Office Space; Wet Lease (maintenance to be borne by lessor); ,[1],Ministry of Road Transports and highways NA,2025-10-07T19:10:22Z,2025-10-07T19:10:22Z,No
['GEM/2025/B/6864421'],Manpower Outsourcing Services - Man-days based - Others; Unskilled; Mazdoor/Labour,[7560],Narmada Water Resources Water Supply and Kalpsar Department Gujarat,2025-11-07T11:44:50Z,2025-11-07T11:44:50Z,No
['GEM/2025/B/6841646'],Pneumatic impact wrenches,[2],Ministry of Defence Department of Military Affairs,2025-10-30T18:22:31Z,2025-10-30T18:22:31Z,No
['GEM/2025/B/6841433'],Customized AMC/CMC for Pre-owned Products - --; --; Annual Maintenance Contract (AMC); Monthly; No,[2],Urban Development and Urban Housing Department Gujarat,2025-10-30T18:26:31Z,2025-10-30T18:26:31Z,No
['GEM/2025/B/6841374'],Customized AMC/CMC for Pre-owned Products - --; --; Annual Maintenance Contract (AMC); Monthly; No,[3],Urban Development and Urban Housing Department Gujarat,2025-10-30T18:25:04Z,2025-10-30T18:25:04Z,No
['GEM/2025/B/6840118'],Custom Bid for Services - Hiring of Services for Chemical Dozing Pumps for a period of 04 years at ,[1],Ministry of Petroleum and Natural Gas NA,2025-10-30T18:22:00Z,2025-10-30T18:22:00Z,No
['GEM/2025/B/6837153'],Customized AMC/CMC for Pre-owned Products - 1; 1; Annual Maintenance Contract (AMC); Monthly; No,[1],Urban Development and Urban Housing Department Gujarat,2025-10-30T18:22:59Z,2025-10-30T18:22:59Z,No
['GEM/2025/B/6841192'],"Canteen Service - Best Price  on Fixed Menu Rate Model - Vegetarian; Breakfast, Lunch, Dinner; Insi",[1],Social Justice and Empowerment Department Gujarat,2025-10-30T17:04:30Z,2025-10-30T17:04:30Z,No
['GEM/2025/B/6841176'],Wheat Bran as Livestock Feed Ingredient as per IS 2239,[4500],Home Department Gujarat,2025-10-30T17:03:29Z,2025-10-30T17:03:29Z,No
['GEM/2025/B/6841008'],Repair and Overhauling Service - Corrective maintenance of dryer unit of two compressors; Atlas Cop,[2],Ministry of Housing & Urban Affairs (MoHUA) NA,2025-10-30T17:06:36Z,2025-10-30T17:06:36Z,No
['GEM/2025/B/6840681'],Custom Bid for Services - ARC for Hydrojet Cleaning Services,[1],Ministry of Petroleum and Natural Gas NA,2025-10-30T17:06:41Z,2025-10-30T17:06:41Z,No
['GEM/2025/B/6840647'],ANAOLG OUTPUT PCB,[1],Ministry of Defence Department of Defence,2025-10-30T17:00:10Z,2025-10-30T17:00:10Z,No
['GEM/2025/B/6787697'],Hyper Converged Infrastructure for Data Center (V2),[1],Agriculture and Co-operation Department Gujarat,2025-10-16T16:58:57Z,2025-10-16T16:58:57Z,No
['GEM/2025/B/6758126'],"Reverse Osmosis based Water Treatment System above 50 LPH Capacity (V2),Self - Contained Drinking W",[2],Agriculture and Co-operation Department Gujarat,2025-10-06T16:09:39Z,2025-10-06T16:09:39Z,No
['GEM/2025/B/6747089'],Tritium Target along with Target Holder Assembly,[1],PMO Department of Atomic Energy,2025-10-06T14:51:08Z,2025-10-06T14:51:08Z,No
['GEM/2025/B/6703279'],Oxygen Concentrator (V2),[273],Health & Family Welfare Department Gujarat,2025-10-15T16:22:47Z,2025-10-15T16:22:47Z,No
['GEM/2025/B/6859161'],Stainless Steel Dining Table With Fixed Chair,[20],Education Department Gujarat,2025-11-05T22:46:35Z,2025-11-05T22:46:35Z,No
['GEM/2025/B/6852604'],"Labetalol 20 mg inj,Dopamine HCL 40 mg per ml inj,Metoprolol 1 mg per ml inj,Adrenaline Tartrate 1 ",[680],Ministry of Defence Department of Military Affairs,2025-11-05T12:15:29Z,2025-11-05T12:15:29Z,No
['GEM/2025/B/6804647'],Camera for CCTV System (V3),[41],Urban Development and Urban Housing Department Gujarat,2025-10-18T19:01:13Z,2025-10-18T19:01:13Z,No
['GEM/2025/B/6780926'],"Entry and Mid Level Desktop Computer,Line Interactive UPS with AVR (V2)",[30],Urban Development and Urban Housing Department Gujarat,2025-10-17T16:12:10Z,2025-10-17T16:12:10Z,No
['GEM/2025/B/6857729'],"AMC / CMC of Fire Detection, Fire Alarm, Fire Hydrant and Sprinkler System,AMC / CMC of Fire Detect",[48],Health & Family Welfare Department Gujarat,2025-11-05T12:03:27Z,2025-11-05T12:03:27Z,No
['GEM/2025/B/6828058'],Automated tissue processor,[1],Health & Family Welfare Department Gujarat,2025-11-05T12:10:35Z,2025-11-05T12:10:35Z,No
['GEM/2025/B/6819502'],Implementation of Private Hosting Infrastructure,[1],Ministry of Education Department of Higher Education,2025-10-29T11:00:56Z,2025-10-29T11:00:56Z,No
['GEM/2025/B/6834211'],MOV Gate Valve,[1],Ministry of Petroleum and Natural Gas INDIAN OIL CORPORATION LIMITED,2025-10-29T10:52:23Z,2025-10-29T10:52:23Z,No
['GEM/2025/B/6834117'],Monthly Basis Cab & Taxi Hiring Services - Hatchback; 2500 km x 320 hours; Outstation 24*7,[2],Women and Child Development Department Gujarat,2025-10-29T10:53:43Z,2025-10-29T10:53:43Z,No
['GEM/2025/B/6727553'],Servers (V2),[1],Ministry of Defence Department of Military Affairs,2025-10-29T11:06:30Z,2025-10-29T11:06:30Z,No
['GEM/2025/B/6725398'],"Custom Bid for Services - Online and Offline condition monitoring, testing and assessment of HT mot",[1],Ministry of Petroleum and Natural Gas NA,2025-10-08T10:25:16Z,2025-10-08T10:25:16Z,No
['GEM/2025/B/6834448'],Signage Board (V4),[1],Health & Family Welfare Department Gujarat,2025-10-29T11:22:47Z,2025-10-29T11:22:47Z,No
['GEM/2025/B/6832041'],Silicon Photo Multiplier (SiPM),[450],Department of Space Department of Space,2025-10-29T11:28:13Z,2025-10-29T11:28:13Z,No
['GEM/2025/B/6689186'],Naturally Ventilated Poly House,[500],Agriculture and Co-operation Department Gujarat,2025-10-27T14:41:30Z,2025-10-27T14:41:30Z,No
['GEM/2025/B/6686214'],"765KV, 2500A RIP BUSHING WITH METAL PARTS AND GASKETS FOR SEISMIC ZONE5,420KV, 2500A RIP BUSHING WI",[110],Ministry of Power POWER GRID Corporation OF INDIA Limited,2025-09-19T17:02:32Z,2025-09-19T17:02:32Z,No
['GEM/2025/B/6829370'],Steel Almirah / Cabinets conforming to IS 3312 (V4),[10],Health & Family Welfare Department Gujarat,2025-10-28T13:02:54Z,2025-10-28T13:02:54Z,No
['GEM/2025/B/6755995'],"Gamjee Rolls / Pads (V2),Gamjee Rolls / Pads (V2)",[4000],Ministry of Labour and Employment Employees State Insuarnce Corporation,2025-11-01T14:23:24Z,2025-11-01T14:23:24Z,No
['GEM/2025/B/6573835'],Biosafety Cabinet,[12],Ministry of Health and Family Welfare Department of Health and Family Welfare,2025-08-26T10:52:16Z,2025-08-26T10:52:16Z,No
['GEM/2025/B/6847358'],Bus Hiring Service - Short Term - Outstation; Out of state Training and Exposure visit 3 x 2 Bus se,[14],Agriculture and Co-operation Department Gujarat,2025-11-01T14:37:55Z,2025-11-01T14:37:55Z,No
['GEM/2025/B/6847038'],"Manpower Outsourcing Services - Minimum wage - Unskilled; Not Required; Others,Manpower Outsourcing",[4],Education Department Gujarat,2025-11-01T14:37:22Z,2025-11-01T14:37:22Z,No
['GEM/2025/B/6847459'],LED Luminaire for Road and Street Lights (V2) Conforming to IS 10322 (Part 5 / Section 3),[1750],Panchayats and Rural Housing Department Gujarat,2025-11-01T14:52:40Z,2025-11-01T14:52:40Z,No
['GEM/2025/B/6847437'],Repair and Overhauling Service - Two post car lift; Unknown; Yes; Buyer Premises,[1],Labour and Employment Department Gujarat,2025-11-01T14:48:22Z,2025-11-01T14:48:22Z,No
['GEM/2025/B/6847385'],"Manpower Outsourcing Services - Minimum wage - Skilled; Secondary School; Admin,Manpower Outsourcin",[4],Ministry of Defence Department of Military Affairs,2025-11-01T14:58:28Z,2025-11-01T14:58:28Z,No
['GEM/2025/B/6757167'],Hiring of Consultants - Milestone/Deliverable Based - Hiring Consultant for Project Management Unit,[1],Home Department Gujarat,2025-11-01T14:54:05Z,2025-11-01T14:54:05Z,No
['GEM/2025/B/6618222'],Software Support Services 2.0 - Oracle; Database Management Software; Maintenance Services; Technic,[1],Industries and Mines Department Gujarat,2025-09-26T14:21:18Z,2025-09-26T14:21:18Z,No
['GEM/2025/B/6847564'],"Bayonet Lampholders (V2) ISI Marked to IS 1258,Bayonet Lampholders (V2) ISI Marked to IS 1258,Bayon",[202],Labour and Employment Department Gujarat,2025-11-01T15:08:41Z,2025-11-01T15:08:41Z,No
['GEM/2025/B/6859534'],Surgical Ophthalmic Operating Microscope,[1],Ministry of Railways Indian Railways,2025-11-06T10:19:01Z,2025-11-06T10:19:01Z,No
['GEM/2025/B/6859257'],3 TON AC COMPRESSOR OF CEC,[1],Ministry of Defence Department of Military Affairs,2025-11-06T10:25:09Z,2025-11-06T10:25:09Z,No
['GEM/2025/B/6859076'],Catering Service per Packet based - Veg; Pkts; 972 Pkt for contingent (Real Mix Fruit Juice/Bundi L,[9972],Ministry of Home Affairs Central Armed Police Forces,2025-11-06T10:19:09Z,2025-11-06T10:19:09Z,No
['GEM/2025/B/6833923'],Repair and Overhauling Service - ICAF; sargam; No; Buyer Premises,[1],Ministry of Defence Department of Defence,2025-11-06T10:27:15Z,2025-11-06T10:27:15Z,No
['GEM/2025/B/6859627'],TESTER FOR COMPRESSION CHECK,[1],Ministry of Defence Department of Military Affairs,2025-11-06T10:41:02Z,2025-11-06T10:41:02Z,No
['GEM/2025/B/6859525'],"Monthly Basis Cab & Taxi Hiring Services - Hatchback; 2500 km x 320 hours; Local,Monthly Basis Cab ",[4],Ministry of Railways Railways Public Sector Undertakings,2025-11-06T10:39:18Z,2025-11-06T10:39:18Z,No
['GEM/2025/B/6764893'],Event or Seminar or Workshop or Exhibition or Expo Management Service - National; SAILORS MOTIVATIO,[1],Ministry of Defence Department of Military Affairs,2025-11-06T10:47:36Z,2025-11-06T10:47:36Z,No
['GEM/2025/B/6859715'],Bipolar Electrosurgical Generator,[2],Ministry of Railways Indian Railways,2025-11-06T10:46:20Z,2025-11-06T10:46:20Z,No
['GEM/2025/B/6859710'],Gold purity testing meter/ Karat meter,[3],Ministry of Finance Department of Financial Services,2025-11-06T10:52:47Z,2025-11-06T10:52:47Z,No
['GEM/2025/B/6854405'],Custom Bid for Services - ----,[1],Ministry of Petroleum and Natural Gas NA,2025-11-06T10:49:29Z,2025-11-06T10:49:29Z,No
['GEM/2025/B/6752916'],"Paint hardtop XP white,Hardtop XP Green 257,Paint Jotamastic 80 Grey Jotun,Paint Jotamsatic 80 Alum",[1120],Ministry of Defence Department of Defence,2025-11-01T15:25:19Z,2025-11-01T15:25:19Z,No
['GEM/2025/B/6847668'],LED Based Indicating Lamp for Panel Cut Outs,[10],Labour and Employment Department Gujarat,2025-11-01T15:33:24Z,2025-11-01T15:33:24Z,No
['GEM/2025/B/6847553'],"Desk and Bench Set for Classroom/Training Area,Computer Table (V2),Cafeteria Chair,Waiting Area / A",[22],Panchayats and Rural Housing Department Gujarat,2025-11-01T15:30:22Z,2025-11-01T15:30:22Z,No
['GEM/2025/B/6847487'],Fibre Cable  for Networking,[750],Panchayats and Rural Housing Department Gujarat,2025-11-01T15:30:05Z,2025-11-01T15:30:05Z,No
['GEM/2025/B/6847442'],"Camera for CCTV System (V3),Video Recorder for CCTV System (V2),Television (TV) (V2),Layer 2 Access",[26],Panchayats and Rural Housing Department Gujarat,2025-11-01T15:30:34Z,2025-11-01T15:30:34Z,No
['GEM/2025/B/6847413'],"Garden Swings,Outdoor Slide (V2),Garden Swings,Outdoor Slide (V2),Play Ground Merry Go Round  (V2),",[12],Sports Youth and Cultural Activities Department Gujarat,2025-11-01T15:38:57Z,2025-11-01T15:38:57Z,No
['GEM/2025/B/6846190'],Custom Bid for Services - Schedule 1 GADHADA TELE EXCH TO DHASA TELE EXCH 24F OFC ROUTE UNDER JURIS,[1],Ministry of Communications Department of Telecommunications (DOT),2025-11-01T15:41:03Z,2025-11-01T15:41:03Z,No
['GEM/2025/B/6779473'],"Fitting-Valve 10-Port 24-VDC HSN/SAC Code: 84818090, Agilent Part no. 5062-9510,Catalyst Assy for 7",[3],Department of Space Department of Space,2025-10-11T13:38:56Z,2025-10-11T13:38:56Z,No
['GEM/2025/B/6779384'],Rock and Mineral standar (in chip form),[1],Department of Space Department of Space,2025-10-11T13:36:50Z,2025-10-11T13:36:50Z,No
['GEM/2025/B/6761773'],"Ammeter - Analog (Panel Meter) as per IS 1248,Ammeter - Analog (Panel Meter) as per IS 1248",[2],Labour and Employment Department Gujarat,2025-10-07T13:49:54Z,2025-10-07T13:49:54Z,No
['GEM/2025/B/6834111'],Monthly Basis Cab & Taxi Hiring Services - SUV; 2500 km x 320 hours; Outstation 24*7,[1],Agriculture and Co-operation Department Gujarat,2025-10-29T10:40:16Z,2025-10-29T10:40:16Z,No
['GEM/2025/B/6819502'],Implementation of Private Hosting Infrastructure,[1],Ministry of Education Department of Higher Education,2025-10-29T11:00:56Z,2025-10-29T11:00:56Z,No
['GEM/2025/B/6834211'],MOV Gate Valve,[1],Ministry of Petroleum and Natural Gas INDIAN OIL CORPORATION LIMITED,2025-10-29T10:52:23Z,2025-10-29T10:52:23Z,No
['GEM/2025/B/6834117'],Monthly Basis Cab & Taxi Hiring Services - Hatchback; 2500 km x 320 hours; Outstation 24*7,[2],Women and Child Development Department Gujarat,2025-10-29T10:53:43Z,2025-10-29T10:53:43Z,No
['GEM/2025/B/6727553'],Servers (V2),[1],Ministry of Defence Department of Military Affairs,2025-10-29T11:06:30Z,2025-10-29T11:06:30Z,No
['GEM/2025/B/6725398'],"Custom Bid for Services - Online and Offline condition monitoring, testing and assessment of HT mot",[1],Ministry of Petroleum and Natural Gas NA,2025-10-08T10:25:16Z,2025-10-08T10:25:16Z,No
['GEM/2025/B/6834448'],Signage Board (V4),[1],Health & Family Welfare Department Gujarat,2025-10-29T11:22:47Z,2025-10-29T11:22:47Z,No
['GEM/2025/B/6832041'],Silicon Photo Multiplier (SiPM),[450],Department of Space Department of Space,2025-10-29T11:28:13Z,2025-10-29T11:28:13Z,No
['GEM/2025/B/6689186'],Naturally Ventilated Poly House,[500],Agriculture and Co-operation Department Gujarat,2025-10-27T14:41:30Z,2025-10-27T14:41:30Z,No
['GEM/2025/B/6686214'],"765KV, 2500A RIP BUSHING WITH METAL PARTS AND GASKETS FOR SEISMIC ZONE5,420KV, 2500A RIP BUSHING WI",[110],Ministry of Power POWER GRID Corporation OF INDIA Limited,2025-09-19T17:02:32Z,2025-09-19T17:02:32Z,No
['GEM/2025/B/6831218'],Manpower Outsourcing Services - Minimum wage - Unskilled; High School; Others,[1],Education Department Gujarat,2025-10-28T14:51:13Z,2025-10-28T14:51:13Z,No
['GEM/2025/B/6831084'],Custom Bid for Services - Repair to EICHER TIPPER Engine No E-483-20979750 under AGE E/M-I of GE (A,[1],Ministry of Defence Department of Military Affairs,2025-10-28T12:55:36Z,2025-10-28T12:55:36Z,No
['GEM/2025/B/6831033'],Add on Phones / Consols / Endpoint for PABX System,[35],"Ministry of Ports, Shipping and Waterways NA",2025-10-28T12:51:27Z,2025-10-28T12:51:27Z,No
['GEM/2025/B/6830786'],Activity Based Educational Kits for Chemistry,[1],Education Department Gujarat,2025-10-28T12:27:19Z,2025-10-28T12:27:19Z,No
['GEM/2025/B/6830578'],Monthly Basis Cab & Taxi Hiring Services - MUV; 1500 km x 320 hours; Local 24*7,[11],Panchayats and Rural Housing Department Gujarat,2025-10-28T12:54:43Z,2025-10-28T12:54:43Z,No
['GEM/2025/B/6830572'],Professional Training Services (Version 2) - online; Weekdays,[8],PMO Department of Atomic Energy,2025-10-28T12:00:40Z,2025-10-28T12:00:40Z,No
['GEM/2025/B/6830056'],"Manpower Outsourcing Services - Minimum wage - Unskilled; Not Required; Others,Manpower Outsourcing",[14],Home Department Gujarat,2025-10-28T11:04:56Z,2025-10-28T11:04:56Z,No
['GEM/2025/B/6830054'],"Socomore Aeroglaze Z307 Polyurethane Coating Black as per attached specification,Aeroglaze 9958 Thi",[2],Department of Space Department of Space,2025-10-28T18:31:02Z,2025-10-28T18:31:02Z,No
['GEM/2025/B/6830011'],Project Management Consultancy (PMC) Service - Supervision Consultancy (SC); Normal Highway Project,[1],Energy and Petro Chemicals Department Gujarat,2025-10-28T12:01:08Z,2025-10-28T12:01:08Z,No
['GEM/2025/B/6829919'],"Flywheel Ring,Washer Adjusting 0.3 Thick,Carburettor Assy,Hose,Exhaust Fan,Spark Plug,Fuse Box,Gask",[31],Ministry of Defence Department of Military Affairs,2025-10-28T11:33:37Z,2025-10-28T11:33:37Z,No
['GEM/2025/B/6829603'],"Cleaning, Sanitation and Disinfection Service - Outcome Based - Office/Commercial/Institutions/Resi",[88299],Education Department Gujarat,2025-10-28T19:55:32Z,2025-10-28T19:55:32Z,No
['GEM/2025/B/6829444'],Treatment Couch (V2),[10],Health & Family Welfare Department Gujarat,2025-10-27T21:56:08Z,2025-10-27T21:56:08Z,No
['GEM/2025/B/6828832'],Monthly Basis Cab & Taxi Hiring Services - SUV; 2500 km x 320 hours; Local 24*7,[4],Panchayats and Rural Housing Department Gujarat,2025-10-29T11:35:17Z,2025-10-29T11:35:17Z,No
['GEM/2025/B/6803785'],Monthly Basis Cab & Taxi Hiring Services - SUV; 2500 km x 320 hours; Local 24*7,[1],Panchayats and Rural Housing Department Gujarat,2025-10-29T11:34:58Z,2025-10-29T11:34:58Z,No
['GEM/2025/B/6834577'],Interactive Panels with CPU,[1],Ministry of Labour and Employment Directorate General of Employment,2025-10-29T11:59:02Z,2025-10-29T11:59:02Z,No
['GEM/2025/B/6834505'],Event or Seminar or Workshop or Exhibition or Expo Management Service - National; Virtual Event; Ve,[1],Panchayats and Rural Housing Department Gujarat,2025-10-29T11:50:33Z,2025-10-29T11:50:33Z,No
['GEM/2025/B/6832238'],Centrifuge Tubes (V2),[46500],Panchayats and Rural Housing Department Gujarat,2025-10-29T12:09:15Z,2025-10-29T12:09:15Z,No
['GEM/2025/B/6832182'],ice packs,[8300],Panchayats and Rural Housing Department Gujarat,2025-10-29T12:11:14Z,2025-10-29T12:11:14Z,No
['GEM/2025/B/6831969'],Thermocol Ice box for Medical purposes,[4650],Panchayats and Rural Housing Department Gujarat,2025-10-29T12:13:25Z,2025-10-29T12:13:25Z,No
['GEM/2025/B/6810921'],"Commercial N2 Gas Cylinders,N2 Gas Cylinders,ZERO AIR Gas Cylinders,HYDROGEN Gas Cylinders,Oxygen G",[189],Ministry of Petroleum and Natural Gas NA,2025-10-29T12:01:52Z,2025-10-29T12:01:52Z,No
['GEM/2025/B/6854611'],Poultry feed ingredient of Soyabeen,[25],Agriculture and Co-operation Department Gujarat,2025-11-04T16:30:57Z,2025-11-04T16:30:57Z,No
['GEM/2025/B/6852454'],"Steel Porta Cabin,Steel Porta Cabin,Steel Porta Cabin",[11],Energy and Petro Chemicals Department Gujarat,2025-11-04T16:44:59Z,2025-11-04T16:44:59Z,No
['GEM/2025/B/6794052'],Waiting Area / Airport Terminal / Public Place / Reception area Chair or Seat (V2),[40],Education Department Gujarat,2025-10-18T15:01:28Z,2025-10-18T15:01:28Z,No
['GEM/2025/B/6790057'],"Cleaning, Sanitation and Disinfection Service - Outcome Based - As per ATC; As per ATC; As per ATC",[1],Energy and Petro Chemicals Department Gujarat,2025-10-15T10:18:12Z,2025-10-15T10:18:12Z,No
['GEM/2025/B/6637101'],"Manpower Outsourcing Services - Minimum wage - Skilled; Graduate; Admin,Manpower Outsourcing Servic",[17],Legislative and Parliamentary Affairs,2025-10-07T12:41:53Z,2025-10-07T12:41:53Z,No
['GEM/2025/B/6856326'],Servers (V2),[2],Education Department Gujarat,2025-11-04T17:12:05Z,2025-11-04T17:12:05Z,No
['GEM/2025/B/6856099'],"Operation and Maintenance Of Electrical Systems/Electrical Installations - SUPPLYING,INSTALLATION,T",[1],Urban Development and Urban Housing Department Gujarat,2025-11-04T17:02:44Z,2025-11-04T17:02:44Z,No
['GEM/2025/B/6855841'],Manpower Outsourcing Services - Fixed Remuneration - Healthcare; Veterinary Doctor; Graduate,[1],Panchayats and Rural Housing Department Gujarat,2025-11-04T17:02:18Z,2025-11-04T17:02:18Z,No
['GEM/2025/B/6852722'],Micro/Semi-Micro/Analytical weighing balance,[20],Agriculture and Co-operation Department Gujarat,2025-11-04T17:01:18Z,2025-11-04T17:01:18Z,No
['GEM/2025/B/6851335'],"1ST LOT 1 C X 4 SQ MM Cu 1.5 KV XLPO COPOLYMER HALOZEN FREE DC CABLE,2nd LOT 1 C X 4 SQ MM Cu 1.5 K",[3127000],Ministry of Heavy Industries and Public Enterprises Department of Heavy Industry,2025-11-04T17:05:38Z,2025-11-04T17:05:38Z,No
['GEM/2025/B/6756023'],"Sterile Hypodermic Syringe (V3),Sterile Hypodermic Syringe (V3),Sterile Hypodermic Syringe (V3),Ste",[173850],Ministry of Labour and Employment Employees State Insuarnce Corporation,2025-11-01T14:20:37Z,2025-11-01T14:20:37Z,No
['GEM/2025/B/6756012'],"Nebulizer Mask,Nebulizer Mask",[4500],Ministry of Labour and Employment Employees State Insuarnce Corporation,2025-11-01T14:27:21Z,2025-11-01T14:27:21Z,No
['GEM/2025/B/6755995'],"Gamjee Rolls / Pads (V2),Gamjee Rolls / Pads (V2)",[4000],Ministry of Labour and Employment Employees State Insuarnce Corporation,2025-11-01T14:23:24Z,2025-11-01T14:23:24Z,No
['GEM/2025/B/6847358'],Bus Hiring Service - Short Term - Outstation; Out of state Training and Exposure visit 3 x 2 Bus se,[14],Agriculture and Co-operation Department Gujarat,2025-11-01T14:37:55Z,2025-11-01T14:37:55Z,No
['GEM/2025/B/6847038'],"Manpower Outsourcing Services - Minimum wage - Unskilled; Not Required; Others,Manpower Outsourcing",[4],Education Department Gujarat,2025-11-01T14:37:22Z,2025-11-01T14:37:22Z,No
['GEM/2025/B/6573835'],Biosafety Cabinet,[12],Ministry of Health and Family Welfare Department of Health and Family Welfare,2025-08-26T10:52:16Z,2025-08-26T10:52:16Z,No
['GEM/2025/B/6847459'],LED Luminaire for Road and Street Lights (V2) Conforming to IS 10322 (Part 5 / Section 3),[1750],Panchayats and Rural Housing Department Gujarat,2025-11-01T14:52:40Z,2025-11-01T14:52:40Z,No
['GEM/2025/B/6847437'],Repair and Overhauling Service - Two post car lift; Unknown; Yes; Buyer Premises,[1],Labour and Employment Department Gujarat,2025-11-01T14:48:22Z,2025-11-01T14:48:22Z,No
['GEM/2025/B/6847385'],"Manpower Outsourcing Services - Minimum wage - Skilled; Secondary School; Admin,Manpower Outsourcin",[4],Ministry of Defence Department of Military Affairs,2025-11-01T14:58:28Z,2025-11-01T14:58:28Z,No
['GEM/2025/B/6757167'],Hiring of Consultants - Milestone/Deliverable Based - Hiring Consultant for Project Management Unit,[1],Home Department Gujarat,2025-11-01T14:54:05Z,2025-11-01T14:54:05Z,No
['GEM/2025/B/6831395'],GOLD CONTACTS SPRAY,[2],Ministry of Defence Department of Military Affairs,2025-10-28T13:49:47Z,2025-10-28T13:49:47Z,No
['GEM/2025/B/6831218'],Manpower Outsourcing Services - Minimum wage - Unskilled; High School; Others,[1],Education Department Gujarat,2025-10-28T14:51:13Z,2025-10-28T14:51:13Z,No
['GEM/2025/B/6831084'],Custom Bid for Services - Repair to EICHER TIPPER Engine No E-483-20979750 under AGE E/M-I of GE (A,[1],Ministry of Defence Department of Military Affairs,2025-10-28T12:55:36Z,2025-10-28T12:55:36Z,No
['GEM/2025/B/6831033'],Add on Phones / Consols / Endpoint for PABX System,[35],"Ministry of Ports, Shipping and Waterways NA",2025-10-28T12:51:27Z,2025-10-28T12:51:27Z,No
['GEM/2025/B/6830786'],Activity Based Educational Kits for Chemistry,[1],Education Department Gujarat,2025-10-28T12:27:19Z,2025-10-28T12:27:19Z,No
['GEM/2025/B/6830578'],Monthly Basis Cab & Taxi Hiring Services - MUV; 1500 km x 320 hours; Local 24*7,[11],Panchayats and Rural Housing Department Gujarat,2025-10-28T12:54:43Z,2025-10-28T12:54:43Z,No
['GEM/2025/B/6830572'],Professional Training Services (Version 2) - online; Weekdays,[8],PMO Department of Atomic Energy,2025-10-28T12:00:40Z,2025-10-28T12:00:40Z,No
['GEM/2025/B/6830056'],"Manpower Outsourcing Services - Minimum wage - Unskilled; Not Required; Others,Manpower Outsourcing",[14],Home Department Gujarat,2025-10-28T11:04:56Z,2025-10-28T11:04:56Z,No
['GEM/2025/B/6830054'],"Socomore Aeroglaze Z307 Polyurethane Coating Black as per attached specification,Aeroglaze 9958 Thi",[2],Department of Space Department of Space,2025-10-28T18:31:02Z,2025-10-28T18:31:02Z,No
['GEM/2025/B/6830011'],Project Management Consultancy (PMC) Service - Supervision Consultancy (SC); Normal Highway Project,[1],Energy and Petro Chemicals Department Gujarat,2025-10-28T12:01:08Z,2025-10-28T12:01:08Z,No
['GEM/2025/B/6822923'],Cotton Yarn Waste (V2) as per IS 5485,[1000],Energy and Petro Chemicals Department Gujarat,2025-10-29T10:10:49Z,2025-10-29T10:10:49Z,No
['GEM/2025/B/6834026'],"Procurement of Cupboard, Office Table, PVC Chair & Three-Seater Bench for Sunrise Global School, Ga",[1],"Ministry of Ports, Shipping and Waterways NA",2025-10-29T10:24:53Z,2025-10-29T10:24:53Z,No
['GEM/2025/B/6758812'],"Staircase wiring,2 Module,4 Module,8 Module,12 Module,5 or 6 A switch,2 way 5 or 6 A switch,15 or 1",[1090],"Ministry of Ports, Shipping and Waterways NA",2025-10-29T10:27:14Z,2025-10-29T10:27:14Z,No
['GEM/2025/B/6834852'],Event or Seminar or Workshop or Exhibition or Expo Management Service - National; Virtual Event; Ve,[1],Panchayats and Rural Housing Department Gujarat,2025-10-29T12:29:12Z,2025-10-29T12:29:12Z,No
['GEM/2025/B/6834832'],Monthly Basis Cab & Taxi Hiring Services - MUV; 2500 km x 320 hours; Local 24*7,[1],Forests and Environment Department Gujarat,2025-10-29T12:20:53Z,2025-10-29T12:20:53Z,No
['GEM/2025/B/6806821'],"Operation And Maintenance Of Lifts (Elevators) - Complete System,Operation And Maintenance Of Lifts",[6],Ministry of Defence Department of Military Affairs,2025-10-29T12:15:23Z,2025-10-29T12:15:23Z,No
['GEM/2025/B/6792424'],Plain Copier Paper (V3) ISI Marked to IS 14490,[12000],Amdavad (Ahmedabad) Municipal Corporation (AMC),2025-10-29T12:25:06Z,2025-10-29T12:25:06Z,No
['GEM/2025/B/6750719'],Financial Advisory Services - Offsite; Tax Advisory,[1],Finance Department Gujarat,2025-10-30T10:30:34Z,2025-10-30T10:30:34Z,No
['GEM/2025/B/6835498'],Household Refrigerating Appliances as per IS 17550,[1],Labour and Employment Department Gujarat,2025-10-30T10:32:02Z,2025-10-30T10:32:02Z,No
['GEM/2025/B/6831178'],"Annual Maintenance service-AIR CONDITIONER,Annual Maintenance service-AIR CONDITIONER,Annual Mainte",[324],Gujarat State Civil Supplies Corporation Limited,2025-10-30T10:38:44Z,2025-10-30T10:38:44Z,No
['GEM/2025/B/6806719'],"Cleaning, Sanitation and Disinfection Service - Outcome Based - Office/Commercial/Institutions/Resi",[10688],Gujarat State Civil Supplies Corporation Limited,2025-10-30T10:40:22Z,2025-10-30T10:40:22Z,No
['GEM/2025/B/6837544'],Maruti Gypsy Head Engine Block Repair,[1],Ministry of Defence Department of Military Affairs,2025-10-30T10:58:10Z,2025-10-30T10:58:10Z,No
['GEM/2025/B/6837343'],Tractors (V1),[10],Urban Development and Urban Housing Department Gujarat,2025-10-30T10:57:58Z,2025-10-30T10:57:58Z,No
['GEM/2025/B/6830803'],"Split Air Conditioner Including Green AC, Wall Mount Type (V2)",[9],Gujarat State Civil Supplies Corporation Limited,2025-10-30T10:51:35Z,2025-10-30T10:51:35Z,No
['GEM/2025/B/6718135'],Signal Light Gun,[1],Ministry of Defence Department of Military Affairs,2025-10-30T10:54:14Z,2025-10-30T10:54:14Z,No
['GEM/2025/B/6607533'],"Repair, Maintenance, and Installation of Plant/ Systems/Equipments (Version 2) - WT 5009G Work of V",[1],Energy and Petro Chemicals Department Gujarat,2025-09-18T09:27:52Z,2025-09-18T09:27:52Z,No
['GEM/2025/B/6838425'],Catering service (Duration Based) - Veg; Breakfast; Special Packet,[62],Education Department Gujarat,2025-10-30T11:00:48Z,2025-10-30T11:00:48Z,No
['GEM/2025/B/6837323'],Mobile Containers For Solid Waste Conforming to IS 12402,[10],Health & Family Welfare Department Gujarat,2025-10-30T11:13:36Z,2025-10-30T11:13:36Z,No
['GEM/2025/B/6828429'],"Apex Locator,Arch Bar,Ceramic Furnace,Cold Spraay,Cordeless Endomotor with Handpiece and Digital Ds",[753],Health & Family Welfare Department Gujarat,2025-10-30T11:07:20Z,2025-10-30T11:07:20Z,No
['GEM/2025/B/6763272'],Analog Mammography Unit (V2),[1],Rajkot Municipal Corporation,2025-10-30T11:14:38Z,2025-10-30T11:14:38Z,No
['GEM/2025/B/6858680'],Door With Assembly,[80],Tribal Development Department Gujarat,2025-11-05T16:50:50Z,2025-11-05T16:50:50Z,No
['GEM/2025/B/6858503'],Manpower Outsourcing Services - Man-days based - Others; Skilled; Driver - LMV,[624],Ministry of Petroleum and Natural Gas NA,2025-11-05T16:50:35Z,2025-11-05T16:50:35Z,No
['GEM/2025/B/6854348'],Qualitative PCR Machine (Thermal Cycler),[1],Agriculture and Co-operation Department Gujarat,2025-11-05T16:57:04Z,2025-11-05T16:57:04Z,No
['GEM/2025/B/6858744'],Catering Service per Packet based - Veg; Snacks/High; Snacks Packet,[4324],Education Department Gujarat,2025-11-05T17:03:32Z,2025-11-05T17:03:32Z,No
['GEM/2025/B/6858721'],thermal gloves,[100],Home Department Gujarat,2025-11-05T17:11:23Z,2025-11-05T17:11:23Z,No
['GEM/2025/B/6858706'],"Split Air Conditioner Including Green AC, Wall Mount Type (V2),Split Air Conditioner Including Gree",[5],Agriculture and Co-operation Department Gujarat,2025-11-05T17:09:48Z,2025-11-05T17:09:48Z,No
['GEM/2025/B/6858695'],TENDER FOR PROVIDING & CO-ORDINATING SERVICES AT IOCL KANDLA,[1],Ministry of Petroleum and Natural Gas Bharat Petroleum Corporation Ltd,2025-11-05T17:43:26Z,2025-11-05T17:43:26Z,No
['GEM/2025/B/6858960'],Customized AMC/CMC for Pre-owned Products - Ro AND WATER COOLER; AS Per Scope Of Work; Comprehensiv,[2],Home Department Gujarat,2025-11-05T18:30:30Z,2025-11-05T18:30:30Z,No
['GEM/2025/B/6857565'],Currency Counting Machine (V2),[10],Ministry of Finance Department of Financial Services,2025-11-05T10:58:53Z,2025-11-05T10:58:53Z,No
['GEM/2025/B/6857770'],Blood Glucose Test Strips (Glucostrips) with Glucometer,[70000],Health & Family Welfare Department Gujarat,2025-11-05T11:38:17Z,2025-11-05T11:38:17Z,No
['GEM/2025/B/6757334'],Supply of Complete EDWARD double stage rotary vane vacuum pump along with motor. Model E2M40T4 220-,[47],PMO Department of Atomic Energy,2025-10-27T11:58:18Z,2025-10-27T11:58:18Z,No
['GEM/2025/B/6755776'],Professional Painting Service - CAMOUFLAGE PAINTING OF AM SYSTEM EQUIPMENT; CAMOUFLAGE PAINTING OF ,[1],Ministry of Defence Department of Military Affairs,2025-10-28T17:46:27Z,2025-10-28T17:46:27Z,No
['GEM/2025/B/6754028'],Entry and Mid Level Desktop Computer,[10],General Administration Department Gujarat,2025-10-27T17:25:50Z,2025-10-27T17:25:50Z,No
['GEM/2025/B/6751336'],AMC OF NDT EQUIPEMENTS FOR 02 YEARS AT NAE PBD,[1],Ministry of Defence Department of Military Affairs,2025-10-27T10:40:10Z,2025-10-27T10:40:10Z,No
['GEM/2025/B/6751167'],"Manpower Outsourcing Services - Minimum wage - Skilled; ITI; Admin,Manpower Outsourcing Services - ",[134],Tribal Development Department Gujarat,2025-10-28T15:35:18Z,2025-10-28T15:35:18Z,No
['GEM/2025/B/6343111'],"Repair, Maintenance, and Installation of Plant/ Systems/Equipments (Version 2) - COAL PLANT SECTION",[1],Energy and Petro Chemicals Department Gujarat,2025-07-01T08:53:18Z,2025-07-01T08:53:18Z,No
['GEM/2025/B/6159230'],"Professional Painting Service - Metals; NA; Pipelines, Grills, WT 4923 anticorrosive painting for t",[1],Energy and Petro Chemicals Department Gujarat,2025-05-15T17:17:03Z,2025-05-15T17:17:03Z,No
['GEM/2024/B/4992115'],Laser Distance Meter,[8],Education Department Gujarat,2024-06-07T11:05:44Z,2024-06-07T11:05:44Z,No
['GEM/2025/B/6830508'],"Canteen Service - Best Price  on Fixed Menu Rate Model - Vegetarian; Breakfast, Lunch, Dinner, Snac",[1],Ministry of Railways Railways Public Sector Undertakings,2025-10-28T12:10:50Z,2025-10-28T12:10:50Z,No
['GEM/2025/B/6792654'],Anaesthesia Workstation (V2),[2],Ministry of Labour and Employment NA,2025-10-29T09:49:26Z,2025-10-29T09:49:26Z,No
['GEM/2025/B/6839072'],"Red Chilli Powder,Coriander Whole,Turmeric Powder,Jeera,Ajwain,Chicken Masala,Garam Masala,Panner M",[418],Ministry of Defence Department of Military Affairs,2025-10-30T12:11:33Z,2025-10-30T12:11:33Z,No
['GEM/2025/B/6839063'],Fork Lifter lifting cylinder Repair,[1],Ministry of Defence Department of Military Affairs,2025-10-30T12:11:17Z,2025-10-30T12:11:17Z,No
['GEM/2025/B/6839037'],Mountaineering Winter Boots (Defence),[30],Ministry of Defence Department of Military Affairs,2025-10-30T12:01:44Z,2025-10-30T12:01:44Z,No
['GEM/2025/B/6838909'],ICU Ventilators (V2),[1],Health & Family Welfare Department Gujarat,2025-10-30T12:07:18Z,2025-10-30T12:07:18Z,No
['GEM/2025/B/6838077'],Custom Bid for Services - 9030C25D12 Supervision of confined space entry located inside Gujarat Ref,[2],Ministry of Petroleum and Natural Gas INDIAN OIL CORPORATION LIMITED,2025-10-30T12:07:31Z,2025-10-30T12:07:31Z,No
['GEM/2025/B/6730572'],Plain Copier Paper (V3) ISI Marked to IS 14490,[600],Ministry of Urban Development NA,2025-10-30T12:05:15Z,2025-10-30T12:05:15Z,No
['GEM/2025/B/6745968'],"Angiography and DSA Lab Equipment, Single Plane (Cath Lab)",[1],Health & Family Welfare Department Gujarat,2025-10-01T15:24:21Z,2025-10-01T15:24:21Z,No
['GEM/2025/B/6717050'],"Fire safety first aid Water Gel Blankets,Non asbestos blanket",[164],Ministry of Petroleum and Natural Gas NA,2025-10-28T11:07:05Z,2025-10-28T11:07:05Z,No
['GEM/2025/B/6714327'],Plain Copier Paper (V3) ISI Marked to IS 14490,[67200],Ministry of Communications Department of Posts,2025-10-27T17:26:22Z,2025-10-27T17:26:22Z,No
['GEM/2025/B/6712491'],Hiring of Consultants - Per Person Per Month Based - Civil Project Management; Project Management; ,[3],Science and Technology Department Gujarat,2025-09-22T18:18:02Z,2025-09-22T18:18:02Z,No
['GEM/2025/B/6709397'],Operation and Maintenance Power House / Power Plant - As per Tender Documents,[1],Energy and Petro Chemicals Department Gujarat,2025-09-20T16:57:07Z,2025-09-20T16:57:07Z,No
['GEM/2025/B/6707266'],"Repair, Maintenance, and Installation of Plant/ Systems/Equipments (Version 2) - THERMAL POWER PLAN",[1],Energy and Petro Chemicals Department Gujarat,2025-10-06T08:42:14Z,2025-10-06T08:42:14Z,No
['GEM/2025/B/6696195'],Semi Automatic Bio Chemistry Analyser,[9],Urban Development and Urban Housing Department Gujarat,2025-10-28T12:25:49Z,2025-10-28T12:25:49Z,No
['GEM/2025/B/6836845'],Tanker on Agricultural Trailer,[1],Panchayats and Rural Housing Department Gujarat,2025-10-29T17:25:24Z,2025-10-29T17:25:24Z,No
['GEM/2025/B/6836773'],"Supply and installation of double arm pole,Supply and installation of single arm pole,Supply and in",[2227],"Ministry of Ports, Shipping and Waterways NA",2025-10-29T17:17:03Z,2025-10-29T17:17:03Z,No
['GEM/2025/B/6836701'],Selection of Laboratories for Testing of Products/Material - BLOOD INVESTIGATION; Buyer to use cust,[33000],Health & Family Welfare Department Gujarat,2025-10-29T17:28:27Z,2025-10-29T17:28:27Z,No
['GEM/2025/B/6833037'],Bus Hiring Service - Short Term - Outstation; 40-42; Deluxe (DLX); 300,[2],Agriculture and Co-operation Department Gujarat,2025-10-29T17:15:48Z,2025-10-29T17:15:48Z,No
['GEM/2025/B/6788494'],Full Service and Maintenance Contracts of Photocopier Machine - As per Tender Specification (Canon ,[87500],Education Department Gujarat,2025-10-29T17:29:53Z,2025-10-29T17:29:53Z,No
['GEM/2025/B/6756670'],Disposable cartridge glass fibre ID no-7610397: For filter type: 1.58. 1.420. 750 DN 150.,[24],PMO Department of Atomic Energy,2025-10-29T17:19:31Z,2025-10-29T17:19:31Z,No
['GEM/2025/B/6721484'],Call Centre Service - Per Seat Basis - Cloud based call center solution; Onsite,[10],Ports and Transport Department Gujarat,2025-10-08T17:06:56Z,2025-10-08T17:06:56Z,No
['GEM/2025/B/6837033'],Event or Seminar or Workshop or Exhibition or Expo Management Service - National; Virtual Event; Ve,[1],Panchayats and Rural Housing Department Gujarat,2025-10-29T17:44:11Z,2025-10-29T17:44:11Z,No
['GEM/2025/B/6836830'],"Goods Transport Service – Per KM Based Service - Pharmaceuticals, semen dose and liquid nitrogen;",[12000],Panchayats and Rural Housing Department Gujarat,2025-10-29T17:31:48Z,2025-10-29T17:31:48Z,No
['GEM/2025/B/6836633'],Milking Machine,[1],Agriculture and Co-operation Department Gujarat,2025-10-29T17:32:51Z,2025-10-29T17:32:51Z,No
['GEM/2025/B/6836241'],"SITC of Flap Gates at Vadodara Airport,1st year AICMC of 07 no Flap gates after Two years on site W",[12],Ministry of Civil Aviation Airports Authority of India (AAI),2025-10-29T17:31:41Z,2025-10-29T17:31:41Z,No
['GEM/2025/B/6835134'],"4877821794,4887891794,4836571794,4858760044,4887880604",[59],Ministry of Petroleum and Natural Gas INDIAN OIL CORPORATION LIMITED,2025-10-29T17:32:02Z,2025-10-29T17:32:02Z,No
['GEM/2025/B/6801502'],Full Service and Maintenance Contracts of Photocopier Machine - As per Tender Specification (Toshib,[12000],Education Department Gujarat,2025-10-29T17:32:33Z,2025-10-29T17:32:33Z,No
['GEM/2025/B/6801445'],Full Service and Maintenance Contracts of Photocopier Machine - As per Tender Specification (Pulse ,[300],Education Department Gujarat,2025-10-29T17:33:23Z,2025-10-29T17:33:23Z,No
['GEM/2025/B/6800112'],Full Service and Maintenance Contracts of Photocopier Machine - As per Tender Specification (KONIKA,[67500],Education Department Gujarat,2025-10-29T17:31:34Z,2025-10-29T17:31:34Z,No
['GEM/2025/B/6789342'],"Make-Subklew Cat No. 970017 Recessed Push Button Module, PB Colour: Opaque Blue with Rectangular Sh",[63],PMO Department of Atomic Energy,2025-10-29T17:33:33Z,2025-10-29T17:33:33Z,No
['GEM/2025/B/6785393'],SUPPLY AND INSTALLATION OF PERMANENT STORAGE FACILITY,[12],Ministry of Defence Department of Military Affairs,2025-10-29T17:43:09Z,2025-10-29T17:43:09Z,No
['GEM/2025/B/6842995'],ATM Universal testing machine,[1],Agriculture and Co-operation Department Gujarat,2025-11-01T17:53:45Z,2025-11-01T17:53:45Z,No
['GEM/2025/B/6838688'],3 Part Automated Hematology Analyzer (V2),[2],Panchayats and Rural Housing Department Gujarat,2025-10-30T15:33:06Z,2025-10-30T15:33:06Z,No
['GEM/2025/B/6848199'],"AUTOMATIC VOLTAGE REGULATOR AVR BRUSH,RECTIFIER METALLIC TYPE L18 DISTBLD,BUSH SET,ROD WELDING SILI",[7],Ministry of Defence Department of Military Affairs,2025-11-01T18:11:17Z,2025-11-01T18:11:17Z,No
['GEM/2025/B/6848064'],Monthly Basis Cab & Taxi Hiring Services - Sedan; 1200 km x 208 hours; Local,[4],Health & Family Welfare Department Gujarat,2025-11-01T18:12:20Z,2025-11-01T18:12:20Z,No
['GEM/2025/B/6848018'],Refrigerated Centrifuge For General And Research Purpose,[1],Agriculture and Co-operation Department Gujarat,2025-11-01T18:06:30Z,2025-11-01T18:06:30Z,No
['GEM/2025/B/6847843'],Decorative Lightning Pole (V2),[32],Panchayats and Rural Housing Department Gujarat,2025-11-01T18:08:28Z,2025-11-01T18:08:28Z,No
['GEM/2025/B/6847688'],Reverse Osmosis based Water Treatment System above 50 LPH Capacity (V2),[2],Panchayats and Rural Housing Department Gujarat,2025-11-01T18:04:07Z,2025-11-01T18:04:07Z,No
['GEM/2025/B/6847686'],Ultra low temperature laboratory deep freezer,[1],Agriculture and Co-operation Department Gujarat,2025-11-01T18:10:29Z,2025-11-01T18:10:29Z,No
['GEM/2025/B/6847186'],PABX System - EPABX (V2),[1],Education Department Gujarat,2025-11-01T18:04:27Z,2025-11-01T18:04:27Z,No
['GEM/2025/B/6674099'],Custom Bid for Services - Antenna Tower Structure Qty-01 and Antenna Variac Qty-02,[1],Ministry of Defence Department of Military Affairs,2025-11-01T18:10:15Z,2025-11-01T18:10:15Z,No
['GEM/2025/B/6848248'],"PISTON RING STO COMPLETE WITH PISTON RING,FUEL PIPE,PIPE INTAKE CONNECTION FUEL COMPLETE TAK,GASKET",[15],Ministry of Defence Department of Military Affairs,2025-11-01T18:27:59Z,2025-11-01T18:27:59Z,No
['GEM/2025/B/6848218'],"Ready Mixed Paint, Finishing, Interior For General Purposes - IS 3537",[1],Education Department Gujarat,2025-11-01T18:20:11Z,2025-11-01T18:20:11Z,No
['GEM/2025/B/6848201'],Facility Management Services - LumpSum Based - HIRING AGENCY FOR PREPERATION OF MICROPLAN INSTITUTI,[1],Forests and Environment Department Gujarat,2025-11-01T18:28:44Z,2025-11-01T18:28:44Z,No
['GEM/2025/B/6848170'],Nutrient Supplement for Soil Fertility and Soil Health (Sericulture use only),[75000],Forests and Environment Department Gujarat,2025-11-01T18:27:09Z,2025-11-01T18:27:09Z,No
['GEM/2025/B/6848123'],Event or Seminar or Workshop or Exhibition or Expo Management Service - National; Workshop; Venue D,[1],Panchayats and Rural Housing Department Gujarat,2025-11-01T18:16:14Z,2025-11-01T18:16:14Z,No
['GEM/2025/B/6847910'],Outdoor Slide (V2),[53],Panchayats and Rural Housing Department Gujarat,2025-11-01T18:15:41Z,2025-11-01T18:15:41Z,No
['GEM/2025/B/6847861'],"Reverse Osmosis based Water Treatment System above 50 LPH Capacity (V2),Self - Contained Drinking W",[12],Panchayats and Rural Housing Department Gujarat,2025-11-01T18:23:44Z,2025-11-01T18:23:44Z,No
['GEM/2025/B/6847746'],"Self - Contained Drinking Water Coolers (V3) as per IS 1475,Reverse Osmosis based Water Treatment S",[2],Panchayats and Rural Housing Department Gujarat,2025-11-01T18:25:31Z,2025-11-01T18:25:31Z,No
['GEM/2025/B/6848267'],Event or Seminar or Workshop or Exhibition or Expo Management Service - National; Workshop; Venue D,[1],Panchayats and Rural Housing Department Gujarat,2025-11-01T18:42:28Z,2025-11-01T18:42:28Z,No
['GEM/2025/B/6848279'],"ARMATURE ASSY,SOLENOID SWITCH,BRUSH BOX ASSY,FIELD COIL ASSY,VALVE RELAY AIR PRESSURE",[5],Ministry of Defence Department of Military Affairs,2025-11-01T18:45:40Z,2025-11-01T18:45:40Z,No
['GEM/2025/B/6712491'],Hiring of Consultants - Per Person Per Month Based - Civil Project Management; Project Management; ,[3],Science and Technology Department Gujarat,2025-09-22T18:18:02Z,2025-09-22T18:18:02Z,No
['GEM/2025/B/6709397'],Operation and Maintenance Power House / Power Plant - As per Tender Documents,[1],Energy and Petro Chemicals Department Gujarat,2025-09-20T16:57:07Z,2025-09-20T16:57:07Z,No
['GEM/2025/B/6707266'],"Repair, Maintenance, and Installation of Plant/ Systems/Equipments (Version 2) - THERMAL POWER PLAN",[1],Energy and Petro Chemicals Department Gujarat,2025-10-06T08:42:14Z,2025-10-06T08:42:14Z,No
['GEM/2025/B/6696195'],Semi Automatic Bio Chemistry Analyser,[9],Urban Development and Urban Housing Department Gujarat,2025-10-28T12:25:49Z,2025-10-28T12:25:49Z,No
['GEM/2025/B/6836845'],Tanker on Agricultural Trailer,[1],Panchayats and Rural Housing Department Gujarat,2025-10-29T17:25:24Z,2025-10-29T17:25:24Z,No
['GEM/2025/B/6836773'],"Supply and installation of double arm pole,Supply and installation of single arm pole,Supply and in",[2227],"Ministry of Ports, Shipping and Waterways NA",2025-10-29T17:17:03Z,2025-10-29T17:17:03Z,No
['GEM/2025/B/6836701'],Selection of Laboratories for Testing of Products/Material - BLOOD INVESTIGATION; Buyer to use cust,[33000],Health & Family Welfare Department Gujarat,2025-10-29T17:28:27Z,2025-10-29T17:28:27Z,No
['GEM/2025/B/6833037'],Bus Hiring Service - Short Term - Outstation; 40-42; Deluxe (DLX); 300,[2],Agriculture and Co-operation Department Gujarat,2025-10-29T17:15:48Z,2025-10-29T17:15:48Z,No
['GEM/2025/B/6788494'],Full Service and Maintenance Contracts of Photocopier Machine - As per Tender Specification (Canon ,[87500],Education Department Gujarat,2025-10-29T17:29:53Z,2025-10-29T17:29:53Z,No
['GEM/2025/B/6756670'],Disposable cartridge glass fibre ID no-7610397: For filter type: 1.58. 1.420. 750 DN 150.,[24],PMO Department of Atomic Energy,2025-10-29T17:19:31Z,2025-10-29T17:19:31Z,No
['GEM/2025/B/6784594'],"1. Part no. 281.00. 363.50 Compression Ring of HP piston for main air compressor, Make: KPCL,2. Par",[192],PMO Department of Atomic Energy,2025-10-29T16:55:05Z,2025-10-29T16:55:05Z,No
['GEM/2025/B/6834451'],Custom Bid for Services - 9030C25D08 Mechanical maintenance works of rotary equipment during Routin,[1],Ministry of Petroleum and Natural Gas INDIAN OIL CORPORATION LIMITED,2025-10-29T17:12:13Z,2025-10-29T17:12:13Z,No
['GEM/2025/B/6807172'],"Self operated pressure controller for generator seal oil system. Make- SAMSON, Valve Model Type-241",[4],PMO Department of Atomic Energy,2025-10-29T17:05:56Z,2025-10-29T17:05:56Z,No
['GEM/2025/B/6752980'],Designing Software (V2),[2],Education Department Gujarat,2025-10-29T17:06:39Z,2025-10-29T17:06:39Z,No
['GEM/2025/B/6837401'],Paper Cup (Dona) cum Paper Disc Machine Kit (GRIMCO Gujarat Govt),[1],Rural Development Department Gujarat,2025-10-29T19:28:54Z,2025-10-29T19:28:54Z,No
['GEM/2025/B/6837398'],Monthly Basis Cab & Taxi Hiring Services - SUV; 2500 km x 320 hours; Outstation 24*7,[1],Health & Family Welfare Department Gujarat,2025-10-29T19:18:02Z,2025-10-29T19:18:02Z,No
['GEM/2025/B/6837355'],Sewing Machine as per IS 1610,[1],Rural Development Department Gujarat,2025-10-29T19:05:40Z,2025-10-29T19:05:40Z,No
['GEM/2025/B/6837300'],Electronic Weighing Scales,[1],Rural Development Department Gujarat,2025-10-29T18:48:01Z,2025-10-29T18:48:01Z,No
['GEM/2025/B/6837258'],Facility Management Services - LumpSum Based - CATTLE BREEDING FARM; WORK RELATED TO CATTLE BREEDIN,[1],Agriculture and Co-operation Department Gujarat,2025-10-29T19:07:53Z,2025-10-29T19:07:53Z,No
['GEM/2025/B/6835687'],Monthly Basis Cab & Taxi Hiring Services - Sedan; 2500 km x 320 hours; Outstation 24*7,[1],Women and Child Development Department Gujarat,2025-10-29T18:56:03Z,2025-10-29T18:56:03Z,No
['GEM/2025/B/6837452'],Agarbatti Masala Rolling Making Machine,[1],Rural Development Department Gujarat,2025-10-29T19:41:20Z,2025-10-29T19:41:20Z,No
['GEM/2025/B/6837256'],Repair and Overhauling Service - REPAIR OF TRUCK 1 TON YODHA; AS PER SCOPE OF WORK; Yes; Buyer Prem,[1],Ministry of Defence Department of Military Affairs,2025-10-29T18:40:11Z,2025-10-29T18:40:11Z,No
['GEM/2025/B/6837079'],"Collection & Disposal Waste Management Service - Collection, Lifting, Transportation, Unloading, Se",[3085],Panchayats and Rural Housing Department Gujarat,2025-10-29T18:31:13Z,2025-10-29T18:31:13Z,No
['GEM/2025/B/6836492'],Tractors (V1),[2],Urban Development and Urban Housing Department Gujarat,2025-10-29T18:33:22Z,2025-10-29T18:33:22Z,No
['GEM/2025/B/6600180'],Servers (V2),[1],Science and Technology Department Gujarat,2025-09-16T18:01:02Z,2025-09-16T18:01:02Z,No
['GEM/2025/B/6837480'],Electronic Weighing Scales,[1],Rural Development Department Gujarat,2025-10-29T19:55:52Z,2025-10-29T19:55:52Z,No
['GEM/2025/B/6837509'],Foam Mattress (V3),[1],Rural Development Department Gujarat,2025-10-29T20:06:49Z,2025-10-29T20:06:49Z,No
['GEM/2025/B/6837487'],"Refilling of Oxygen Cylinder 7000 ltr,Refilling of Oxygen Cylinder 1246 ltr,Refilling of N2O Cylind",[52],Ministry of Defence Department of Military Affairs,2025-10-29T20:01:14Z,2025-10-29T20:01:14Z,No
['GEM/2025/B/6837456'],"Refilling of Oxygen Cylinder 7000 ltr,Refilling of Oxygen Cylinder 1246 ltr,Refilling of Oxygen Cyl",[43],Ministry of Defence Department of Military Affairs,2025-10-29T20:01:25Z,2025-10-29T20:01:25Z,No
['GEM/2025/B/6837418'],"Refilling of Oxygen Cylinder 7000 ltr,Refilling of Oxygen Cylinder 1246 ltr,Refilling of Oxygen Cyl",[48],Ministry of Defence Department of Military Affairs,2025-10-29T20:03:21Z,2025-10-29T20:03:21Z,No
['GEM/2025/B/6845971'],Composite Synthetic Fibre Ropes as per IS 14928,[1000],Ministry of Defence Department of Military Affairs,2025-11-01T09:32:28Z,2025-11-01T09:32:28Z,No
['GEM/2025/B/6846034'],Rucksack 90 Ltrs with HDPE Board (Defence),[5],Ministry of Defence Department of Military Affairs,2025-11-01T09:52:44Z,2025-11-01T09:52:44Z,No
['GEM/2025/B/6830419'],"File flat rough double cut,File, half round, fine double cut,File, round, fine double cut,File flat",[658],Labour and Employment Department Gujarat,2025-11-01T10:07:25Z,2025-11-01T10:07:25Z,No
['GEM/2025/B/6680626'],Manpower Outsourcing Services - Minimum wage - Skilled; ITI; Others,[12],Ministry of Defence Department of Military Affairs,2025-11-01T10:14:44Z,2025-11-01T10:14:44Z,No
['GEM/2025/B/6846106'],Monthly Basis Cab & Taxi Hiring Services - Hatchback; 2000 km x 320 hours; Local 24*7,[1],Health & Family Welfare Department Gujarat,2025-11-01T10:20:59Z,2025-11-01T10:20:59Z,No
['GEM/2025/B/6846016'],"Monthly Basis Cab and Taxi Hiring Service - Without Fuel - SUV; Mahindra Bolero; 2025; 0-25,000 kms",[1],Forests and Environment Department Gujarat,2025-11-01T10:34:31Z,2025-11-01T10:34:31Z,No
['GEM/2025/B/6789463'],"Manpower Outsourcing Services - Fixed Remuneration - Admin; STATISTICAL ASSISTANT; Graduate,Manpowe",[13],Women and Child Development Department Gujarat,2025-11-01T10:34:03Z,2025-11-01T10:34:03Z,No
['GEM/2025/B/6788699'],"Manpower Outsourcing Services - Fixed Remuneration - Admin; OFFICE SUPERINTENDENT; Graduate,Manpowe",[4],Women and Child Development Department Gujarat,2025-11-01T10:36:17Z,2025-11-01T10:36:17Z,No
['GEM/2025/B/6850396'],"Pole Screw,Kelly kit,Bty Cut Off Switch,Clutch Release brg,Brake booster Kit,Steering Pump Kit,Brg ",[22],Ministry of Defence Department of Military Affairs,2025-11-03T12:59:44Z,2025-11-03T12:59:44Z,No
['GEM/2025/B/6850313'],"Head Light LH,Head Light RH,Combination Switch,Booster Kit,Clutch Plate,Coolant Tank,rep kit,Fuel P",[15],Ministry of Defence Department of Military Affairs,2025-11-03T12:54:43Z,2025-11-03T12:54:43Z,No
['GEM/2025/B/6839380'],Manpower Outsourcing Services - Minimum wage - Skilled; Post Graduate in Chemistry; Healthcare,[6],Health & Family Welfare Department Gujarat,2025-10-30T13:33:12Z,2025-10-30T13:33:12Z,No
['GEM/2025/B/6832864'],Custom Bid for Services - Annual Rate Contract for the Miscellaneous OnM Electrical Jobs for Mainta,[1],Ministry of Petroleum and Natural Gas GAIL India Limited,2025-10-30T13:39:49Z,2025-10-30T13:39:49Z,No
['GEM/2025/B/6795266'],"outdoor tv 65""",[1],Ministry of Defence Department of Military Affairs,2025-10-30T13:37:26Z,2025-10-30T13:37:26Z,No
['GEM/2025/B/6708071'],Entry and Mid Level Desktop Computer,[221],Agriculture and Co-operation Department Gujarat,2025-10-30T13:36:14Z,2025-10-30T13:36:14Z,No
['GEM/2025/B/6839928'],Facility Management Services - LumpSum Based - Exam-oriented co-literature in Halol taluka; Exam-or,[1],Education Department Gujarat,2025-10-30T14:14:23Z,2025-10-30T14:14:23Z,No
['GEM/2025/B/6839866'],Facility Management Services - LumpSum Based - Supply of smart class at Halol taluka; Supply of sma,[1],Education Department Gujarat,2025-10-30T14:02:25Z,2025-10-30T14:02:25Z,No
['GEM/2025/B/6839815'],Manpower Outsourcing Services - Minimum wage - Unskilled; High School with Science subject; Healthc,[4],Health & Family Welfare Department Gujarat,2025-10-30T14:08:00Z,2025-10-30T14:08:00Z,No
['GEM/2025/B/6839755'],Manpower Outsourcing Services - Minimum wage - Unskilled; Middle School; Others,[1],Education Department Gujarat,2025-10-30T14:03:30Z,2025-10-30T14:03:30Z,No
['GEM/2025/B/6839726'],Customised Ambulance with Equipment,[5],Health & Family Welfare Department Gujarat,2025-10-30T14:02:42Z,2025-10-30T14:02:42Z,No
['GEM/2025/B/6839780'],Facility Management Services - LumpSum Based - Supply of smart class at Ghoghamba taluka; Supply of,[1],Education Department Gujarat,2025-10-30T13:52:41Z,2025-10-30T13:52:41Z,No
['GEM/2025/B/6790708'],"Ferritin,D dimer,Acid Alkaline Wash,Plasma GLUCOSE Estimation kit based on GOD POD ENZYMATIC End po",[90],Health & Family Welfare Department Gujarat,2025-10-16T13:59:05Z,2025-10-16T13:59:05Z,No
['GEM/2025/B/6784594'],"1. Part no. 281.00. 363.50 Compression Ring of HP piston for main air compressor, Make: KPCL,2. Par",[192],PMO Department of Atomic Energy,2025-10-29T16:55:05Z,2025-10-29T16:55:05Z,No
['GEM/2025/B/6834451'],Custom Bid for Services - 9030C25D08 Mechanical maintenance works of rotary equipment during Routin,[1],Ministry of Petroleum and Natural Gas INDIAN OIL CORPORATION LIMITED,2025-10-29T17:12:13Z,2025-10-29T17:12:13Z,No
['GEM/2025/B/6807172'],"Self operated pressure controller for generator seal oil system. Make- SAMSON, Valve Model Type-241",[4],PMO Department of Atomic Energy,2025-10-29T17:05:56Z,2025-10-29T17:05:56Z,No
['GEM/2025/B/6752980'],Designing Software (V2),[2],Education Department Gujarat,2025-10-29T17:06:39Z,2025-10-29T17:06:39Z,No
['GEM/2025/B/6837401'],Paper Cup (Dona) cum Paper Disc Machine Kit (GRIMCO Gujarat Govt),[1],Rural Development Department Gujarat,2025-10-29T19:28:54Z,2025-10-29T19:28:54Z,No
['GEM/2025/B/6837398'],Monthly Basis Cab & Taxi Hiring Services - SUV; 2500 km x 320 hours; Outstation 24*7,[1],Health & Family Welfare Department Gujarat,2025-10-29T19:18:02Z,2025-10-29T19:18:02Z,No
['GEM/2025/B/6837355'],Sewing Machine as per IS 1610,[1],Rural Development Department Gujarat,2025-10-29T19:05:40Z,2025-10-29T19:05:40Z,No
['GEM/2025/B/6837300'],Electronic Weighing Scales,[1],Rural Development Department Gujarat,2025-10-29T18:48:01Z,2025-10-29T18:48:01Z,No
['GEM/2025/B/6837258'],Facility Management Services - LumpSum Based - CATTLE BREEDING FARM; WORK RELATED TO CATTLE BREEDIN,[1],Agriculture and Co-operation Department Gujarat,2025-10-29T19:07:53Z,2025-10-29T19:07:53Z,No
['GEM/2025/B/6835687'],Monthly Basis Cab & Taxi Hiring Services - Sedan; 2500 km x 320 hours; Outstation 24*7,[1],Women and Child Development Department Gujarat,2025-10-29T18:56:03Z,2025-10-29T18:56:03Z,No
['GEM/2025/B/6837452'],Agarbatti Masala Rolling Making Machine,[1],Rural Development Department Gujarat,2025-10-29T19:41:20Z,2025-10-29T19:41:20Z,No
['GEM/2025/B/6837256'],Repair and Overhauling Service - REPAIR OF TRUCK 1 TON YODHA; AS PER SCOPE OF WORK; Yes; Buyer Prem,[1],Ministry of Defence Department of Military Affairs,2025-10-29T18:40:11Z,2025-10-29T18:40:11Z,No
['GEM/2025/B/6837079'],"Collection & Disposal Waste Management Service - Collection, Lifting, Transportation, Unloading, Se",[3085],Panchayats and Rural Housing Department Gujarat,2025-10-29T18:31:13Z,2025-10-29T18:31:13Z,No
['GEM/2025/B/6836492'],Tractors (V1),[2],Urban Development and Urban Housing Department Gujarat,2025-10-29T18:33:22Z,2025-10-29T18:33:22Z,No
['GEM/2025/B/6600180'],Servers (V2),[1],Science and Technology Department Gujarat,2025-09-16T18:01:02Z,2025-09-16T18:01:02Z,No
['GEM/2025/B/6837480'],Electronic Weighing Scales,[1],Rural Development Department Gujarat,2025-10-29T19:55:52Z,2025-10-29T19:55:52Z,No
['GEM/2025/B/6837509'],Foam Mattress (V3),[1],Rural Development Department Gujarat,2025-10-29T20:06:49Z,2025-10-29T20:06:49Z,No
['GEM/2025/B/6837487'],"Refilling of Oxygen Cylinder 7000 ltr,Refilling of Oxygen Cylinder 1246 ltr,Refilling of N2O Cylind",[52],Ministry of Defence Department of Military Affairs,2025-10-29T20:01:14Z,2025-10-29T20:01:14Z,No
['GEM/2025/B/6837456'],"Refilling of Oxygen Cylinder 7000 ltr,Refilling of Oxygen Cylinder 1246 ltr,Refilling of Oxygen Cyl",[43],Ministry of Defence Department of Military Affairs,2025-10-29T20:01:25Z,2025-10-29T20:01:25Z,No
['GEM/2025/B/6818282'],Layer 2 Access Switch (V2),[1],Ministry of Defence Department of Military Affairs,2025-10-28T13:52:22Z,2025-10-28T13:52:22Z,No
['GEM/2025/B/6817633'],ANNUAL MAINTENANCE SERVICES FOR WATER PURIFICATION AND CONDITIONING SYSTEM (Version 2) - Drinking W,[20],Education Department Gujarat,2025-10-26T08:38:51Z,2025-10-26T08:38:51Z,No
['GEM/2025/B/6816420'],"Inj Cetuximab 100 mg,NS Glass Bottle 500 ml,NS Glass Bottle 250 ml,Inj Eribulin 1 mg,Inj Vinscristi",[1364],Ministry of Labour and Employment NA,2025-10-28T15:41:37Z,2025-10-28T15:41:37Z,No
['GEM/2025/B/6815463'],ANNUAL MAINTENANCE SERVICES FOR WATER PURIFICATION AND CONDITIONING SYSTEM (Version 2) - Potable Wa,[15],Education Department Gujarat,2025-10-26T08:35:02Z,2025-10-26T08:35:02Z,No
['GEM/2025/B/6811338'],Annual Maintenance service - EPABX System,[1],Ministry of Textiles NA,2025-10-28T10:12:53Z,2025-10-28T10:12:53Z,No
['GEM/2025/B/6810593'],"Bowl SS,Bowl SS,Bowl SS,Kidney Tray,Kidney Tray,Clip Towel X-Action,Forceps Towel Mayo,Cannula Suct",[471],Health & Family Welfare Department Gujarat,2025-10-27T12:34:42Z,2025-10-27T12:34:42Z,No
['GEM/2025/B/6809435'],"Plain Copier Paper (V3) ISI Marked to IS 14490,Register (V2),Register (V2),File/Folder (V3),File/Fo",[500],Education Department Gujarat,2025-10-28T12:42:57Z,2025-10-28T12:42:57Z,No
['GEM/2025/B/6808896'],"Reverse Osmosis based Water Treatment System above 50 LPH Capacity (V2),Reverse Osmosis based Water",[21],Panchayats and Rural Housing Department Gujarat,2025-10-27T14:16:25Z,2025-10-27T14:16:25Z,No
['GEM/2025/B/6808780'],Light Weight Running Shoes (V2) (MHA),[3036],Home Department Gujarat,2025-10-28T17:19:11Z,2025-10-28T17:19:11Z,No
['GEM/2025/B/6808130'],"Cleaning, Sanitation and Disinfection Service - Outcome Based - Office/Commercial/Institutions/Resi",[10937],Labour and Employment Department Gujarat,2025-10-27T16:18:56Z,2025-10-27T16:18:56Z,No
['GEM/2025/B/6808005'],"Cleaning, Sanitation and Disinfection Service - Outcome Based - Office/Commercial/Institutions/Resi",[75077],Education Department Gujarat,2025-10-26T11:36:16Z,2025-10-26T11:36:16Z,No
['GEM/2025/B/6807016'],"A I Gun S S Mini without Lock,Disposable Hand Gloves For Veterinary Use,Gum Boot,Scissors Straight ",[64622],Agriculture and Co-operation Department Gujarat,2025-10-27T11:30:18Z,2025-10-27T11:30:18Z,No
['GEM/2025/B/6806658'],Hiring Of Agency For ISO Certification Service - ISO 27001 - Information Security Management System,[1],Ministry of Finance BANKING SECTOR,2025-10-28T18:59:49Z,2025-10-28T18:59:49Z,No
['GEM/2025/B/6806389'],Monthly Basis Cab & Taxi Hiring Services - Sedan; 2500 km x 320 hours; Local 24*7,[1],Panchayats and Rural Housing Department Gujarat,2025-10-28T15:45:36Z,2025-10-28T15:45:36Z,No
['GEM/2025/B/6758777'],Turnkey project for Setup of Educational Theatre in Educational Museum,[1],Agriculture and Co-operation Department Gujarat,2025-10-27T10:12:39Z,2025-10-27T10:12:39Z,No
['GEM/2025/B/6758449'],"HEXAGONAL BARI CROW BAR AS PER BID SPECIFICATION,RAIL DOLLY AS PER BID SPECIFICATION,BANNER FLAG AS",[8435],Ministry of Railways Railways Public Sector Undertakings,2025-10-27T13:11:49Z,2025-10-27T13:11:49Z,No
['GEM/2025/B/6757946'],Non Paper Printing Services - Quantity Based - ID card; Digital; PVC (as per ISO/IEC 7810),[2400],Education Department Gujarat,2025-10-28T12:58:12Z,2025-10-28T12:58:12Z,No
['GEM/2025/B/6757334'],Supply of Complete EDWARD double stage rotary vane vacuum pump along with motor. Model E2M40T4 220-,[47],PMO Department of Atomic Energy,2025-10-27T11:58:18Z,2025-10-27T11:58:18Z,No
['GEM/2025/B/6755776'],Professional Painting Service - CAMOUFLAGE PAINTING OF AM SYSTEM EQUIPMENT; CAMOUFLAGE PAINTING OF ,[1],Ministry of Defence Department of Military Affairs,2025-10-28T17:46:27Z,2025-10-28T17:46:27Z,No
['GEM/2025/B/6754028'],Entry and Mid Level Desktop Computer,[10],General Administration Department Gujarat,2025-10-27T17:25:50Z,2025-10-27T17:25:50Z,No
['GEM/2025/B/6836067'],Self - Contained Drinking Water Coolers (V3) as per IS 1475,[2],Panchayats and Rural Housing Department Gujarat,2025-10-29T15:37:07Z,2025-10-29T15:37:07Z,No
['GEM/2025/B/6835922'],ANNUAL MAINTENANCE SERVICES FOR WATER PURIFICATION AND CONDITIONING SYSTEM (Version 2) - Potable Wa,[20],Education Department Gujarat,2025-10-29T15:30:03Z,2025-10-29T15:30:03Z,No
['GEM/2025/B/6835322'],Monthly Basis Cab & Taxi Hiring Services - SUV; 2500 km x 320 hours; Outstation,[1],Ministry of Railways Indian Railways,2025-10-29T15:32:27Z,2025-10-29T15:32:27Z,No
['GEM/2025/B/6733381'],Horticulture Service – Manpower Based Model - Maintenance of Garden/Lawn/Field/Nursery/Park; As p,[6],Ministry of Power POWER GRID Corporation OF INDIA Limited,2025-10-29T15:34:21Z,2025-10-29T15:34:21Z,No
['GEM/2025/B/6794249'],Design Installation and Maintenance of Educational Lab - LBD Lab; Supply and Installation of Hardwa,[1],Tribal Development Department Gujarat,2025-10-29T16:23:04Z,2025-10-29T16:23:04Z,No
['GEM/2025/B/6794015'],Design Installation and Maintenance of Educational Lab - Science Lab; Supply and Installation of Ha,[1],Tribal Development Department Gujarat,2025-10-29T16:23:25Z,2025-10-29T16:23:25Z,No
['GEM/2025/B/6791545'],Set of Spiral bevel Input Pinion Shaft PN 102 with Key PN 107 Matching wheel PN 103 for Elecon Make,[56],PMO Department of Atomic Energy,2025-10-29T16:29:20Z,2025-10-29T16:29:20Z,No
['GEM/2025/B/6836308'],Life Buoy (V2) as per IS 5326,[20],Revenue Department Gujarat,2025-10-29T16:10:47Z,2025-10-29T16:10:47Z,No
['GEM/2025/B/6836006'],NPK Fertilizer,[2500],Forests and Environment Department Gujarat,2025-10-29T15:33:24Z,2025-10-29T15:33:24Z,No
['GEM/2025/B/6835746'],Operation and Maintenance Of Electrical Systems/Electrical Installations - Complete System,[4],Urban Development and Urban Housing Department Gujarat,2025-10-29T16:14:26Z,2025-10-29T16:14:26Z,No
['GEM/2025/B/6760975'],PVC Copper Cable Single Core and Multi Core Circular Sheathed Cord with Flexible Conductor (V2) as ,[2000],Ministry of Railways Indian Railways,2025-10-07T12:07:31Z,2025-10-07T12:07:31Z,No
['GEM/2025/B/6703246'],"Safety Jacket Florescent,Safety Jacket Orange,Ear Defender,Safety Goggles,Marshaling Flag Red,Marsh",[180],Ministry of Defence Department of Military Affairs,2025-11-03T15:08:32Z,2025-11-03T15:08:32Z,No
['GEM/2025/B/6696056'],"Biochemistry Reagent Kit for Human Samples,Biochemistry Reagent Kit for Human Samples,Biochemistry ",[3259800],Health & Family Welfare Department Gujarat,2025-10-06T16:12:24Z,2025-10-06T16:12:24Z,No
['GEM/2025/B/6835344'],"Healthcare Kitchen and Dietary Service - General Ward; Diet; Full Regular Diet, MENTIONED IN TERMS ",[20],Health & Family Welfare Department Gujarat,2025-10-29T13:25:15Z,2025-10-29T13:25:15Z,No
['GEM/2025/B/6835119'],"Manpower Outsourcing Services - Fixed Remuneration - Admin; Counsellor; Post Graduate,Manpower Outs",[5],Tribal Development Department Gujarat,2025-10-29T13:29:53Z,2025-10-29T13:29:53Z,No
['GEM/2025/B/6833586'],Agricultural Trailer Complying to AIS 112,[2],Urban Development and Urban Housing Department Gujarat,2025-10-29T13:24:29Z,2025-10-29T13:24:29Z,No
['GEM/2025/B/6833574'],Agricultural Trailer Complying to AIS 112,[5],Urban Development and Urban Housing Department Gujarat,2025-10-29T13:17:19Z,2025-10-29T13:17:19Z,No
['GEM/2025/B/6832050'],"AMC / CMC of Fire Extinguishers - Institutional; ABC,AMC / CMC of Fire Extinguishers - Institutiona",[254],Ministry of Railways Indian Railways,2025-10-29T13:17:15Z,2025-10-29T13:17:15Z,No
['GEM/2025/B/6749304'],"Annual Maintenance Service - Desktops,  Laptops and Peripherals - Desktop PC; Acer",[180],Home Department Gujarat,2025-10-29T13:18:56Z,2025-10-29T13:18:56Z,No
['GEM/2025/B/6695101'],AMC of Integrated Security and Surveillance System - Health Monitoring Solution for CCTV System; Co,[1],Education Department Gujarat,2025-10-29T13:22:05Z,2025-10-29T13:22:05Z,No
['GEM/2025/B/6837343'],Tractors (V1),[10],Urban Development and Urban Housing Department Gujarat,2025-10-30T10:57:58Z,2025-10-30T10:57:58Z,No
['GEM/2025/B/6830803'],"Split Air Conditioner Including Green AC, Wall Mount Type (V2)",[9],Gujarat State Civil Supplies Corporation Limited,2025-10-30T10:51:35Z,2025-10-30T10:51:35Z,No
['GEM/2025/B/6718135'],Signal Light Gun,[1],Ministry of Defence Department of Military Affairs,2025-10-30T10:54:14Z,2025-10-30T10:54:14Z,No
['GEM/2025/B/6607533'],"Repair, Maintenance, and Installation of Plant/ Systems/Equipments (Version 2) - WT 5009G Work of V",[1],Energy and Petro Chemicals Department Gujarat,2025-09-18T09:27:52Z,2025-09-18T09:27:52Z,No
['GEM/2025/B/6838425'],Catering service (Duration Based) - Veg; Breakfast; Special Packet,[62],Education Department Gujarat,2025-10-30T11:00:48Z,2025-10-30T11:00:48Z,No
['GEM/2025/B/6837323'],Mobile Containers For Solid Waste Conforming to IS 12402,[10],Health & Family Welfare Department Gujarat,2025-10-30T11:13:36Z,2025-10-30T11:13:36Z,No
['GEM/2025/B/6828429'],"Apex Locator,Arch Bar,Ceramic Furnace,Cold Spraay,Cordeless Endomotor with Handpiece and Digital Ds",[753],Health & Family Welfare Department Gujarat,2025-10-30T11:07:20Z,2025-10-30T11:07:20Z,No
['GEM/2025/B/6763272'],Analog Mammography Unit (V2),[1],Rajkot Municipal Corporation,2025-10-30T11:14:38Z,2025-10-30T11:14:38Z,No
['GEM/2025/B/6742044'],Entry and Mid Level Desktop Computer,[65],Ministry of Defence Department of Military Affairs,2025-10-30T11:06:13Z,2025-10-30T11:06:13Z,No
['GEM/2025/B/6839172'],Bio - Medical Waste Collection Bags (Biohazard Bags),[1500],Health & Family Welfare Department Gujarat,2025-10-30T12:20:19Z,2025-10-30T12:20:19Z,No
['GEM/2025/B/6782586'],"Allies Tissue Forcep 6 Inch,Baby weighing machine Digital,BP Blade 11 No 100 Packing,BP Blade 23 No",[3364],Panchayats and Rural Housing Department Gujarat,2025-10-28T17:19:04Z,2025-10-28T17:19:04Z,No
['GEM/2025/B/6821880'],"Digital Well Analyser,Echometer",[8],Ministry of Petroleum and Natural Gas NA,2025-10-28T14:42:51Z,2025-10-28T14:42:51Z,No
['GEM/2025/B/6827187'],Manpower Outsourcing Services - Minimum wage - Unskilled; Secondary School; Others,[1],Labour and Employment Department Gujarat,2025-10-27T14:31:17Z,2025-10-27T14:31:17Z,No
['GEM/2025/B/6827066'],Transformer Oil BDV Test Kit,[1],Ministry of Petroleum and Natural Gas INDIAN OIL CORPORATION LIMITED,2025-10-27T15:16:57Z,2025-10-27T15:16:57Z,No
['GEM/2025/B/6827065'],3 Part Automated Hematology Analyzer (V2),[1],Health & Family Welfare Department Gujarat,2025-10-27T13:24:38Z,2025-10-27T13:24:38Z,No
['GEM/2025/B/6826977'],Writing and Printing Papers Conforming to IS 1848 (Part 1),[6000],Education Department Gujarat,2025-10-27T13:26:07Z,2025-10-27T13:26:07Z,No
['GEM/2025/B/6826968'],Custom Bid for Services - Supervision of Bunkering operation and Marine Survey of finished POL prod,[1],Ministry of Petroleum and Natural Gas INDIAN OIL CORPORATION LIMITED,2025-10-27T14:17:02Z,2025-10-27T14:17:02Z,No
['GEM/2025/B/6602227'],"Item1,Item2,Item3,Item4,Item5,Item6,Item7,Item8,Item9,Item10,Item11,Item12,Item13,Item14,Item15,Ite",[73],Energy and Petro Chemicals Department Gujarat,2025-10-03T12:16:30Z,2025-10-03T12:16:30Z,No
['GEM/2025/B/6594496'],Request for Proposal for procurement of Sport kit-General,[1],Sports Youth and Cultural Activities Department Gujarat,2025-09-17T11:23:33Z,2025-09-17T11:23:33Z,No
['GEM/2025/B/6543125'],"Item1,Item2,Item3,Item4,Item5,Item6,Item7,Item8,Item9,Item10,Item11,Item12,Item13,Item14",[146],Energy and Petro Chemicals Department Gujarat,2025-10-03T11:35:57Z,2025-10-03T11:35:57Z,No
['GEM/2025/B/6541689'],Procurement of Analytical Balance 200 gm,[23],Ministry of Health and Family Welfare Department of Health and Family Welfare,2025-08-06T17:40:40Z,2025-08-06T17:40:40Z,No
['GEM/2025/B/6525843'],"Repair, Maintenance, and Installation of Plant/ Systems/Equipments (Version 2) - THERMAL POWER PLAN",[1],Energy and Petro Chemicals Department Gujarat,2025-08-30T09:21:02Z,2025-08-30T09:21:02Z,No
['GEM/2025/B/6450968'],"Repair, Maintenance, and Installation of Plant/ Systems/Equipments (Version 2) - THERMAL POWER PLAN",[1],Energy and Petro Chemicals Department Gujarat,2025-08-26T17:57:29Z,2025-08-26T17:57:29Z,No
['GEM/2025/B/6684019'],Outer (Big) cone for Coal Mill BCP at GTPS,[6],Energy and Petro Chemicals Department Gujarat,2025-10-27T10:40:43Z,2025-10-27T10:40:43Z,No
['GEM/2025/B/6668105'],"Goods Transport Service – Per Trip based  Service - mails and parcels, Household/Office; 1500 kg;",[600],Ministry of Communications Department of Posts,2025-10-28T11:57:27Z,2025-10-28T11:57:27Z,No
['GEM/2025/B/6654666'],Hiring of Sanitation Service - Manpower Based Model - Sweeper; 7; All Areas; All Areas; Daily; 2,[74],Rajkot Municipal Corporation,2025-09-26T13:32:21Z,2025-09-26T13:32:21Z,No
['GEM/2025/B/6841609'],Poly-pallets for bag storage godowns (V2) Conforming to IS 13664,[40],Ministry of Defence Department of Military Affairs,2025-10-30T18:13:58Z,2025-10-30T18:13:58Z,No
['GEM/2025/B/6841558'],SPECTROPHOTOMETER,[1],Agriculture and Co-operation Department Gujarat,2025-10-30T18:09:40Z,2025-10-30T18:09:40Z,No
['GEM/2025/B/6841456'],LED Luminaire for Road and Street Lights (V2) Conforming to IS 10322 (Part 5 / Section 3),[75],Panchayats and Rural Housing Department Gujarat,2025-10-30T17:46:40Z,2025-10-30T17:46:40Z,No
['GEM/2025/B/6841432'],Dot Matrix Printers (V2),[4],Energy and Petro Chemicals Department Gujarat,2025-10-30T17:45:05Z,2025-10-30T17:45:05Z,No
['GEM/2025/B/6835627'],Manpower Outsourcing Services - Minimum wage - Skilled; Secondary School; Others,[1],Agriculture and Co-operation Department Gujarat,2025-10-29T15:10:40Z,2025-10-29T15:10:40Z,No
['GEM/2025/B/6798965'],"Cotton Yarn Waste (V2) as per IS 5485,Cotton Yarn Waste (V2) as per IS 5485",[4800],Ministry of Petroleum and Natural Gas NA,2025-10-29T15:06:57Z,2025-10-29T15:06:57Z,No
['GEM/2025/B/6752308'],Facility Management Services - LumpSum Based - THERMAL POWER PLANT; Cleaning of various electrical ,[1],Energy and Petro Chemicals Department Gujarat,2025-10-07T09:06:57Z,2025-10-07T09:06:57Z,No
['GEM/2025/B/6669076'],"Repair, Maintenance, and Installation of Plant/ Systems/Equipments (Version 2) - THERMAL POWER PLAN",[1],Energy and Petro Chemicals Department Gujarat,2025-10-07T08:59:53Z,2025-10-07T08:59:53Z,No
['GEM/2025/B/6590466'],Repair and Overhauling Service - Cooling water pump & Condensate extraction pump; Weir make pump; N,[1],Energy and Petro Chemicals Department Gujarat,2025-10-07T08:48:44Z,2025-10-07T08:48:44Z,No
['GEM/2025/B/6763314'],Digital camera with accessories,[1],Ministry of Defence Department of Defence,2025-10-29T15:20:25Z,2025-10-29T15:20:25Z,No
['GEM/2025/B/6823961'],"Grease Gun GL 12500 Lever Type Spring Loaded,Dust Bin with Cover Combined,Diving Boot,Mirror,Foldin",[42],Ministry of Defence Department of Defence,2025-10-29T15:27:12Z,2025-10-29T15:27:12Z,No
['GEM/2025/B/6831988'],"Manpower Outsourcing Services - Minimum wage - Semi-skilled; ITI; Others,Manpower Outsourcing Servi",[7],Ministry of Civil Aviation Airports Authority of India (AAI),2025-10-29T15:21:24Z,2025-10-29T15:21:24Z,No
['GEM/2025/B/6849208'],Manpower Outsourcing Services - Minimum wage - Skilled; Graduate; Admin,[10],Social Justice and Empowerment Department Gujarat,2025-11-03T09:50:28Z,2025-11-03T09:50:28Z,No
['GEM/2025/B/6849253'],MAN PORTABLE SCOOP STRETCHER,[3],Ministry of Defence Department of Military Affairs,2025-11-03T10:01:45Z,2025-11-03T10:01:45Z,No
['GEM/2025/B/6849338'],"2x15 KVA UPS,SITC OF UPS,SPLY 1.2V NCPP Ni Cd BATTERY BANK,SITC BATTERY BANK,DISMANTLING OF UPS,DIS",[360],Ministry of Petroleum and Natural Gas NA,2025-11-03T10:29:08Z,2025-11-03T10:29:08Z,No
['GEM/2025/B/6847699'],Baby Care Kit (ICDS),[500],Women and Child Development Department Gujarat,2025-11-01T15:59:38Z,2025-11-01T15:59:38Z,No
['GEM/2025/B/6847689'],Printing and Photocopying Service - Printing; Offsite; Not Applicable; Not Applicable; Not Applicab,[300],Revenue Department Gujarat,2025-11-01T15:50:40Z,2025-11-01T15:50:40Z,No
['GEM/2025/B/6774994'],Manpower Outsourcing Services - Man-days based - Others; Unskilled; Mazdoor/Labour,[24768],Narmada Water Resources Water Supply and Kalpsar Department Gujarat,2025-10-10T11:35:49Z,2025-10-10T11:35:49Z,No
['GEM/2025/B/6774657'],Manpower Outsourcing Services - Man-days based - Others; Skilled; Office Attendant,[16128],Narmada Water Resources Water Supply and Kalpsar Department Gujarat,2025-10-10T11:04:53Z,2025-10-10T11:04:53Z,No
['GEM/2025/B/6847754'],"AMC of Integrated Security and Surveillance System - Theft Prevention, Remote Video Monitoring, Fac",[1],Ministry of Cooperation NA,2025-11-01T16:19:41Z,2025-11-01T16:19:41Z,No
['GEM/2025/B/6847469'],Facility Management Services - LumpSum Based - SELECTION OF AGENCY FOR OPERATION & MANAGEMENT OF SH,[1],Urban Development and Urban Housing Department Gujarat,2025-11-01T16:21:12Z,2025-11-01T16:21:12Z,No
['GEM/2025/B/6846908'],High End Laptop - Notebook,[10],General Administration Department Gujarat,2025-11-01T16:25:35Z,2025-11-01T16:25:35Z,No
['GEM/2025/B/6846786'],All in One PC (V2),[10],General Administration Department Gujarat,2025-11-01T16:26:37Z,2025-11-01T16:26:37Z,No
['GEM/2025/B/6832193'],"Monthly Basis Cab & Taxi Hiring Services - SUV; 2500 km x 320 hours; Local 24*7,Monthly Basis Cab &",[2],Panchayats and Rural Housing Department Gujarat,2025-11-01T16:19:43Z,2025-11-01T16:19:43Z,No
['GEM/2025/B/6836862'],Steel Wheelbarrows,[140],Urban Development and Urban Housing Department Gujarat,2025-10-30T17:49:00Z,2025-10-30T17:49:00Z,No
['GEM/2025/B/6835595'],Manpower Outsourcing Services - Fixed Remuneration - Statistical Assistant; Statistical Assistant; ,[4],Panchayats and Rural Housing Department Gujarat,2025-10-30T17:54:57Z,2025-10-30T17:54:57Z,No
['GEM/2025/B/6835439'],Manpower Outsourcing Services - Fixed Remuneration - Statistical Assistant; Statistical Assistant; ,[13],Panchayats and Rural Housing Department Gujarat,2025-10-30T17:56:51Z,2025-10-30T17:56:51Z,No
['GEM/2025/B/6827531'],Multifunction Machine MFM (V2),[29],"Commissioner of Geology and Mining, Gujarat",2025-10-30T17:58:24Z,2025-10-30T17:58:24Z,No
['GEM/2025/B/6808038'],"Calcium S Testing Tablets,Extract A tablets,Extract N Powder,Floride Testing reagent,Magnecol S Tes",[178],Forests and Environment Department Gujarat,2025-10-30T17:58:44Z,2025-10-30T17:58:44Z,No
['GEM/2025/B/6807783'],"Acetone,Ammonia solution,Ammonia Buffer,Ammonium Flouride,Ammonium molybdate tetra hydrate,Ammonium",[199],Forests and Environment Department Gujarat,2025-10-30T17:47:29Z,2025-10-30T17:47:29Z,No
['GEM/2025/B/6804933'],Tractors (V1),[1],Panchayats and Rural Housing Department Gujarat,2025-10-30T18:05:38Z,2025-10-30T18:05:38Z,No
['GEM/2025/B/6762090'],"Manpower Outsourcing Services - Minimum wage - Skilled; Secondary School; Admin,Manpower Outsourcin",[13],Ministry of Defence Department of Defence,2025-10-30T18:02:04Z,2025-10-30T18:02:04Z,No
['GEM/2025/B/6841646'],Pneumatic impact wrenches,[2],Ministry of Defence Department of Military Affairs,2025-10-30T18:22:31Z,2025-10-30T18:22:31Z,No
['GEM/2025/B/6841433'],Customized AMC/CMC for Pre-owned Products - --; --; Annual Maintenance Contract (AMC); Monthly; No,[2],Urban Development and Urban Housing Department Gujarat,2025-10-30T18:26:31Z,2025-10-30T18:26:31Z,No
['GEM/2025/B/6841374'],Customized AMC/CMC for Pre-owned Products - --; --; Annual Maintenance Contract (AMC); Monthly; No,[3],Urban Development and Urban Housing Department Gujarat,2025-10-30T18:25:04Z,2025-10-30T18:25:04Z,No
['GEM/2025/B/6840118'],Custom Bid for Services - Hiring of Services for Chemical Dozing Pumps for a period of 04 years at ,[1],Ministry of Petroleum and Natural Gas NA,2025-10-30T18:22:00Z,2025-10-30T18:22:00Z,No
['GEM/2025/B/6837153'],Customized AMC/CMC for Pre-owned Products - 1; 1; Annual Maintenance Contract (AMC); Monthly; No,[1],Urban Development and Urban Housing Department Gujarat,2025-10-30T18:22:59Z,2025-10-30T18:22:59Z,No
['GEM/2025/B/6841192'],"Canteen Service - Best Price  on Fixed Menu Rate Model - Vegetarian; Breakfast, Lunch, Dinner; Insi",[1],Social Justice and Empowerment Department Gujarat,2025-10-30T17:04:30Z,2025-10-30T17:04:30Z,No
['GEM/2025/B/6841176'],Wheat Bran as Livestock Feed Ingredient as per IS 2239,[4500],Home Department Gujarat,2025-10-30T17:03:29Z,2025-10-30T17:03:29Z,No
['GEM/2025/B/6841008'],Repair and Overhauling Service - Corrective maintenance of dryer unit of two compressors; Atlas Cop,[2],Ministry of Housing & Urban Affairs (MoHUA) NA,2025-10-30T17:06:36Z,2025-10-30T17:06:36Z,No
['GEM/2025/B/6840681'],Custom Bid for Services - ARC for Hydrojet Cleaning Services,[1],Ministry of Petroleum and Natural Gas NA,2025-10-30T17:06:41Z,2025-10-30T17:06:41Z,No
['GEM/2025/B/6840647'],ANAOLG OUTPUT PCB,[1],Ministry of Defence Department of Defence,2025-10-30T17:00:10Z,2025-10-30T17:00:10Z,No
['GEM/2025/B/6840076'],Steel Almirah / Cabinets conforming to IS 3312 (V4),[144],Panchayats and Rural Housing Department Gujarat,2025-10-30T17:11:53Z,2025-10-30T17:11:53Z,No
['GEM/2025/B/6839911'],Customized AMC/CMC for Pre-owned Products - FPC SOLAR HOT WATER SYSTEM; FPC SOLAR HOT WATER SYSTEM;,[1],Social Justice and Empowerment Department Gujarat,2025-10-30T17:10:58Z,2025-10-30T17:10:58Z,No
['GEM/2025/B/6787974'],Entry and Mid Level Desktop Computer,[4],Panchayats and Rural Housing Department Gujarat,2025-10-15T13:45:07Z,2025-10-15T13:45:07Z,No
['GEM/2025/B/6739106'],3 Wheeler Passenger full Vehicle for Assembly & Disassembly with Electrical vehicle component,[11],Labour and Employment Department Gujarat,2025-11-01T17:18:22Z,2025-11-01T17:18:22Z,No
['GEM/2025/B/6849997'],"Steel Pipes for Water and Sewage as per IS 3589,PVC Flat Cable, Aluminium Conductor with PVC Insula",[820],Panchayats and Rural Housing Department Gujarat,2025-11-03T12:06:48Z,2025-11-03T12:06:48Z,No
['GEM/2025/B/6849943'],Procurement of Jyoti make pump spares,[1],Ministry of Petroleum and Natural Gas INDIAN OIL CORPORATION LIMITED,2025-11-03T12:04:51Z,2025-11-03T12:04:51Z,No
['GEM/2025/B/6849788'],Monthly Basis Cab & Taxi Hiring Services - SUV; 2500 km x 320 hours; Outstation 24*7,[1],Agriculture and Co-operation Department Gujarat,2025-11-03T12:05:12Z,2025-11-03T12:05:12Z,No
['GEM/2025/B/6798276'],Customized Boxes for Training aids,[10],Ministry of Defence Department of Military Affairs,2025-11-03T12:04:12Z,2025-11-03T12:04:12Z,No
['GEM/2025/B/6662357'],"200 kVA L. T. Distribution Box (Metal Made) with ACB,500 kVA L. T. Distribution Box (Metal Made) wi",[575],Energy and Petro Chemicals Department Gujarat,2025-09-12T11:06:18Z,2025-09-12T11:06:18Z,No
['GEM/2025/B/6850051'],LP of Track Ball for MCS-5,[1],Ministry of Defence Department of Defence,2025-11-03T12:29:32Z,2025-11-03T12:29:32Z,No
['GEM/2025/B/6849771'],Online UPS (?10 KVA) With Battery Conforming To IS 16242 (Part 1),[1],Agriculture and Co-operation Department Gujarat,2025-11-03T12:26:20Z,2025-11-03T12:26:20Z,No
['GEM/2025/B/6848675'],Handcuff NIJ Standard (MHA),[200],Home Department Gujarat,2025-11-03T12:18:29Z,2025-11-03T12:18:29Z,No
['GEM/2025/B/6848250'],Entry and Mid Level Laptop - Notebook,[116],Finance Department Gujarat,2025-11-03T12:21:50Z,2025-11-03T12:21:50Z,No
['GEM/2025/B/6850214'],"Motor,Brg rear Wheel,Timing Tensioner,Combination Switch,Flesher Unit,Bty Cut off Switch,Head Light",[13],Ministry of Defence Department of Military Affairs,2025-11-03T12:36:39Z,2025-11-03T12:36:39Z,No
['GEM/2025/B/6850143'],Manpower Outsourcing Services - Fixed Remuneration - Non-IT Technical; STRUCTURE ENGINEER; Graduate,[47],Home Department Gujarat,2025-11-03T12:40:57Z,2025-11-03T12:40:57Z,No
['GEM/2025/B/6850090'],Solid Cushion Tyres (V3),[2],Panchayats and Rural Housing Department Gujarat,2025-11-03T12:31:28Z,2025-11-03T12:31:28Z,No
['GEM/2025/B/6849473'],Plantation White Sugar conforming to IS 5982,[16800000],Gujarat State Civil Supplies Corporation Limited,2025-11-03T12:30:17Z,2025-11-03T12:30:17Z,No
['GEM/2025/B/6835371'],Manpower Outsourcing Services - Minimum wage - Unskilled; Not Required; Others,[70],Legal Department Gujarat,2025-10-29T13:39:31Z,2025-10-29T13:39:31Z,No
['GEM/2025/B/6788521'],XLPE Cable for Working Voltages up to and Including 1.1 KV as per IS 7098 (Part 1),[500],PMO Department of Atomic Energy,2025-10-22T11:04:19Z,2025-10-22T11:04:19Z,No
['GEM/2025/B/6764112'],"IP based Dome CCTV Camera,IP based Bullet CCTV Camera,POE BASED IP PTZ CCTV CAMERA,8 Ports PoE Swit",[1066],Legal Department Gujarat,2025-11-03T12:22:47Z,2025-11-03T12:22:47Z,No
['GEM/2025/B/6849394'],"Catering service (Duration Based) - Veg; Breakfast; Regular Buffet,Catering service (Duration Based",[180],Health & Family Welfare Department Gujarat,2025-11-03T11:22:08Z,2025-11-03T11:22:08Z,No
['GEM/2025/B/6843096'],PRESSURE GAUGE,[1],Department of Space Department of Space,2025-11-03T11:24:20Z,2025-11-03T11:24:20Z,No
['GEM/2025/B/6749525'],"XLPE Cable for Working Voltages up to and Including 1.1 KV as per IS 7098 (Part 1),XLPE Cable for W",[2945],Ministry of Home Affairs Central Armed Police Forces,2025-11-03T11:26:03Z,2025-11-03T11:26:03Z,No
['GEM/2025/B/6698762'],"Hiring of Social Media Agency - Content creation, Content response and content moderation, Campaign",[24],Education Department Gujarat,2025-09-18T13:04:10Z,2025-09-18T13:04:10Z,No
['GEM/2025/B/6847270'],"Manpower Outsourcing Services - Minimum wage - Skilled; Secondary School; Others,Manpower Outsourci",[11],Social Justice and Empowerment Department Gujarat,2025-11-03T11:55:28Z,2025-11-03T11:55:28Z,No
['GEM/2025/B/6806918'],"Entry and Mid Level Desktop Computer,Entry and Mid Level Desktop Computer,Computer Printer (V2),Mul",[20],Panchayats and Rural Housing Department Gujarat,2025-10-18T17:04:42Z,2025-10-18T17:04:42Z,No
['GEM/2025/B/6797361'],Facility Management Services - LumpSum Based - Cooking utensils; Cooking utensils; Consumables to b,[1],Panchayats and Rural Housing Department Gujarat,2025-11-03T11:48:43Z,2025-11-03T11:48:43Z,No
['GEM/2025/B/6849308'],Household Refrigerating Appliances as per IS 17550,[1],Health & Family Welfare Department Gujarat,2025-11-03T10:41:10Z,2025-11-03T10:41:10Z,No
['GEM/2025/B/6838562'],Garbage Bags,[2000],Education Department Gujarat,2025-11-03T10:44:54Z,2025-11-03T10:44:54Z,No
['GEM/2025/B/6818670'],Warehousing Service - Per MT Basis - Food grain storage; Dry /normal warehouse.; Godown with servic,[1],Ministry of Consumer Affairs Food and Public Distribution Department of Food and Public Distribution,2025-10-23T21:18:06Z,2025-10-23T21:18:06Z,No
['GEM/2025/B/6756832'],Paper-based Printing Services - Printing with Material; Pocket Diary; Offset,[2000],Education Department Gujarat,2025-11-03T10:58:49Z,2025-11-03T10:58:49Z,No
['GEM/2025/B/6840014'],Metal Storage Bins,[1],Education Department Gujarat,2025-11-03T10:58:58Z,2025-11-03T10:58:58Z,No
['GEM/2025/B/6838828'],Hiring of Agency for IT Projects- Milestone basis,[1],Ports and Transport Department Gujarat,2025-11-03T10:59:30Z,2025-11-03T10:59:30Z,No
['GEM/2025/B/6840210'],Profile Projector (Version 2),[1],Education Department Gujarat,2025-11-03T11:00:09Z,2025-11-03T11:00:09Z,No
['GEM/2025/B/6809773'],Digital Data Logger,[1],Education Department Gujarat,2025-11-03T11:06:44Z,2025-11-03T11:06:44Z,No
['GEM/2025/B/6788977'],"Sofa (V3),Sofa (V3)",[4],Health & Family Welfare Department Gujarat,2025-10-14T15:21:06Z,2025-10-14T15:21:06Z,No
['GEM/2025/B/6783339'],"Laundry Service - Commercial/Residential/Transport/Industrial Purpose,Laundry Service - Commercial/",[600],Health & Family Welfare Department Gujarat,2025-10-13T13:00:00Z,2025-10-13T13:00:00Z,No
['GEM/2025/B/6849747'],"All in One PC (V2),Multifunction Machine MFM (V2)",[7],Panchayats and Rural Housing Department Gujarat,2025-11-03T11:36:41Z,2025-11-03T11:36:41Z,No
['GEM/2025/B/6845246'],1.8 Ton AC,[1],Ministry of Finance Department of Revenue,2025-11-03T11:43:29Z,2025-11-03T11:43:29Z,No
['GEM/2025/B/6807758'],"Designing Software (V2),Designing Software (V2)",[6],Urban Development and Urban Housing Department Gujarat,2025-11-03T11:42:53Z,2025-11-03T11:42:53Z,No
['GEM/2025/B/6794436'],Facility Management Services - LumpSum Based - Cooking utensils; Cooking utensils; Consumables to b,[1],Panchayats and Rural Housing Department Gujarat,2025-11-03T11:36:31Z,2025-11-03T11:36:31Z,No
['GEM/2025/B/6793863'],Facility Management Services - LumpSum Based - Tools and materials for making bamboo crafts; bamboo,[1],Panchayats and Rural Housing Department Gujarat,2025-11-03T11:57:38Z,2025-11-03T11:57:38Z,No
['GEM/2025/B/6836618'],AD8229HRZ IC,[12],Department of Space Department of Space,2025-10-29T20:57:48Z,2025-10-29T20:57:48Z,No
['GEM/2025/B/6825676'],"ITEM 1,ITEM 2,ITEM 3,ITEM 4,ITEM 5",[4660],Ministry of Railways Indian Railways,2025-10-29T23:35:56Z,2025-10-29T23:35:56Z,No
['GEM/2025/B/6839416'],"Cleaning, Sanitation and Disinfection Service - Outcome Based - Office/Commercial/Institutions/Resi",[583],Finance Department Gujarat,2025-10-30T13:17:17Z,2025-10-30T13:17:17Z,No
['GEM/2025/B/6835755'],"Cleaning, Sanitation and Disinfection Service - Outcome Based - Office/Commercial/Institutions/Resi",[23131],Education Department Gujarat,2025-10-30T13:20:24Z,2025-10-30T13:20:24Z,No
['GEM/2025/B/6839751'],Handheld Digital Infrared Thermometer,[2],Labour and Employment Department Gujarat,2025-10-30T13:36:55Z,2025-10-30T13:36:55Z,No
['GEM/2025/B/6839731'],Manpower Outsourcing Services - Minimum wage - Skilled; High School; Admin,[8],Revenue Department Gujarat,2025-10-30T13:36:59Z,2025-10-30T13:36:59Z,No
['GEM/2025/B/6839725'],Event or Seminar or Workshop or Exhibition or Expo Management Service - National; Virtual Event; Ve,[1],Panchayats and Rural Housing Department Gujarat,2025-10-30T13:40:16Z,2025-10-30T13:40:16Z,No
['GEM/2025/B/6839514'],Goods Transport Service – Per Trip based  Service - Household/Office; Open Body LCV Truck; 17 FT ,[59],Finance Department Gujarat,2025-10-30T13:30:54Z,2025-10-30T13:30:54Z,No
['GEM/2025/B/6839380'],Manpower Outsourcing Services - Minimum wage - Skilled; Post Graduate in Chemistry; Healthcare,[6],Health & Family Welfare Department Gujarat,2025-10-30T13:33:12Z,2025-10-30T13:33:12Z,No
['GEM/2025/B/6832864'],Custom Bid for Services - Annual Rate Contract for the Miscellaneous OnM Electrical Jobs for Mainta,[1],Ministry of Petroleum and Natural Gas GAIL India Limited,2025-10-30T13:39:49Z,2025-10-30T13:39:49Z,No
['GEM/2025/B/6837139'],"Split Air Conditioner Including Green AC, Wall Mount Type (V2)",[4],Education Department Gujarat,2025-10-30T18:33:11Z,2025-10-30T18:33:11Z,No
['GEM/2025/B/6840469'],LED Luminaire for Floodlight (V2) Conforming to IS 10322 (Part 5/Section 5),[20],Revenue Department Gujarat,2025-10-30T15:33:25Z,2025-10-30T15:33:25Z,No
['GEM/2025/B/6840404'],Manpower Hiring for Financial Services - Offsite; Chartered Accountant,[1],Health & Family Welfare Department Gujarat,2025-10-30T15:34:04Z,2025-10-30T15:34:04Z,No
['GEM/2025/B/6840232'],Shallow Sterilizer (Dressing Drum),[21],Panchayats and Rural Housing Department Gujarat,2025-10-30T15:32:02Z,2025-10-30T15:32:02Z,No
['GEM/2025/B/6840155'],Tractors (V1),[1],Panchayats and Rural Housing Department Gujarat,2025-10-30T15:35:37Z,2025-10-30T15:35:37Z,No
['GEM/2025/B/6840126'],Vertical Autoclave,[9],Panchayats and Rural Housing Department Gujarat,2025-10-30T15:30:41Z,2025-10-30T15:30:41Z,No
['GEM/2025/B/6834792'],Interactive Panel Solution for Institutions,[6],Education Department Gujarat,2025-10-30T15:36:20Z,2025-10-30T15:36:20Z,No
['GEM/2025/B/6834065'],Custom Bid for Services - Hiring of Comprehensive AMC services for PIDS system at GAIL Hazira for 0,[1],Ministry of Petroleum and Natural Gas GAIL India Limited,2025-10-30T15:34:00Z,2025-10-30T15:34:00Z,No
['GEM/2025/B/6797345'],Wireless Access Point (V2),[900],Legal Department Gujarat,2025-10-30T15:34:55Z,2025-10-30T15:34:55Z,No
['GEM/2025/B/6778930'],"Paper-based Printing Services - Printing with Material; Yearly Diary; Offset,Paper-based Printing S",[6000],Education Department Gujarat,2025-10-30T15:33:07Z,2025-10-30T15:33:07Z,No
['GEM/2025/B/6771055'],Slip Gauges / Gauge Blocks,[2],Education Department Gujarat,2025-10-09T14:18:29Z,2025-10-09T14:18:29Z,No
['GEM/2025/B/6746631'],Paper-based Printing Services - Printing with Material; Wall Calendar; Offset,[2000],Education Department Gujarat,2025-10-30T15:38:41Z,2025-10-30T15:38:41Z,No
['GEM/2025/B/6840679'],Monthly Basis Cab & Taxi Hiring Services - SUV; 2500 km x 320 hours; Local 24*7,[1],Agriculture and Co-operation Department Gujarat,2025-10-30T15:59:05Z,2025-10-30T15:59:05Z,No
['GEM/2025/B/6838467'],LED Luminaire for Road and Street Lights (V2) Conforming to IS 10322 (Part 5 / Section 3),[205],Panchayats and Rural Housing Department Gujarat,2025-10-30T15:54:20Z,2025-10-30T15:54:20Z,No
['GEM/2025/B/6834255'],"Electronic Weighing Scales,Electronic Weighing Scales,Electronic Weighing Scales,Electronic Weighin",[12],Agriculture and Co-operation Department Gujarat,2025-10-30T15:50:01Z,2025-10-30T15:50:01Z,No
['GEM/2025/B/6833398'],Custom Bid for Services - 153400,[1],Ministry of Defence Department of Defence,2025-10-30T15:48:06Z,2025-10-30T15:48:06Z,No
['GEM/2025/B/6828569'],"Manpower Outsourcing Services - Minimum wage - Skilled; High School; Admin,Manpower Outsourcing Ser",[5],Panchayats and Rural Housing Department Gujarat,2025-10-30T15:59:36Z,2025-10-30T15:59:36Z,No
['GEM/2025/B/6827378'],"4.4 MVA Central Solar Inverter with Data Logger Max Input 1500 V DC Output 660 to 690 V AC,1st Year",[912],Ministry of Heavy Industries and Public Enterprises Department of Heavy Industry,2025-10-30T15:56:27Z,2025-10-30T15:56:27Z,No
['GEM/2025/B/6805282'],Supply of Packaged Water Bottle - No; Packaged Drinking Water,[83],Ministry of Commerce and Industry Department of Commerce,2025-10-30T15:52:22Z,2025-10-30T15:52:22Z,No
['GEM/2025/B/6793369'],Table Top Hemoglobinometer (V2),[10],Panchayats and Rural Housing Department Gujarat,2025-10-30T15:50:57Z,2025-10-30T15:50:57Z,No
['GEM/2025/B/6839897'],Bottled Water Dispenser (V3) ISI Marked to IS 17681,[21],Panchayats and Rural Housing Department Gujarat,2025-10-30T15:21:32Z,2025-10-30T15:21:32Z,No
['GEM/2025/B/6836532'],"Pre School Uniform - Shirt,shoes school pvc boys  girls,socks",[4910],Tribal Development Department Gujarat,2025-10-30T15:17:35Z,2025-10-30T15:17:35Z,No
['GEM/2025/B/6832047'],"Goods Transportation service - Monthly Based Service - Within city; Oxygen Cylinder, Medical Tablet",[1],Health & Family Welfare Department Gujarat,2025-10-30T15:19:24Z,2025-10-30T15:19:24Z,No
['GEM/2025/B/6840100'],Facility Management Services - LumpSum Based - Supply of smart class at Halol taluka schools; Suppl,[1],Education Department Gujarat,2025-10-30T14:41:55Z,2025-10-30T14:41:55Z,No
['GEM/2025/B/6840051'],Facility Management Services - LumpSum Based - CLEANING AND CITY BEAUTIFICATION OF DHARAMPUR NAGARP,[1],Urban Development and Urban Housing Department Gujarat,2025-10-30T14:42:46Z,2025-10-30T14:42:46Z,No
['GEM/2025/B/6839983'],Smartphone (V2),[70],Urban Development and Urban Housing Department Gujarat,2025-10-30T14:42:41Z,2025-10-30T14:42:41Z,No
['GEM/2025/B/6839927'],Electrical Blood Donor Couch,[1],Health & Family Welfare Department Gujarat,2025-10-30T14:33:10Z,2025-10-30T14:33:10Z,No
['GEM/2025/B/6835736'],Catering service (Event Based) - Breakfast; Veg; Regular Buffet,[44000],Education Department Gujarat,2025-10-30T14:30:29Z,2025-10-30T14:30:29Z,No
['GEM/2025/B/6831830'],"Custom Bid for Services - HIRING OF TAXIS ON REQUIREMENT BASIS at PGCIL, Navsari Near Navsari, Guja",[1],Ministry of Heavy Industries and Public Enterprises Department of Heavy Industry,2025-10-30T14:44:41Z,2025-10-30T14:44:41Z,No
['GEM/2025/B/6840213'],Facility Management Services - LumpSum Based - Math Lab at Halol Taluka Schools; Math Lab at Halol ,[1],Education Department Gujarat,2025-10-30T14:56:06Z,2025-10-30T14:56:06Z,No
['GEM/2025/B/6695101'],AMC of Integrated Security and Surveillance System - Health Monitoring Solution for CCTV System; Co,[1],Education Department Gujarat,2025-10-29T13:22:05Z,2025-10-29T13:22:05Z,No
['GEM/2025/B/6835401'],Event or Seminar or Workshop or Exhibition or Expo Management Service - National; Virtual Event; Ve,[1],Panchayats and Rural Housing Department Gujarat,2025-10-29T13:33:32Z,2025-10-29T13:33:32Z,No
['GEM/2025/B/6835222'],20 Kg Capacity Cotton Cloth Bags for Seed Packing,[71125],Ministry of Agriculture and Farmers Welfare Department of Agriculture Cooperation and Farmers Welfare,2025-10-29T13:30:51Z,2025-10-29T13:30:51Z,No
['GEM/2025/B/6835506'],Event or Seminar or Workshop or Exhibition or Expo Management Service - National; Virtual Event; Ve,[1],Panchayats and Rural Housing Department Gujarat,2025-10-29T13:53:56Z,2025-10-29T13:53:56Z,No
['GEM/2025/B/6709059'],Cabinet for Desktop,[5],Panchayats and Rural Housing Department Gujarat,2025-10-29T13:58:46Z,2025-10-29T13:58:46Z,No
['GEM/2025/B/6691136'],Sand Bags (V3) Conforming to IS 9685,[591021],Ministry of Home Affairs Central Armed Police Forces,2025-10-25T12:13:12Z,2025-10-25T12:13:12Z,No
['GEM/2025/B/6787578'],AXIAL PISTON PUMP A4VSO 125 DR 30R-FPB13N00 PUMP SHALL BE SET AT 285BAR as per specification attach,[21],PMO Department of Atomic Energy,2025-10-29T14:04:20Z,2025-10-29T14:04:20Z,No
['GEM/2025/B/6835329'],Security Manpower Service (Version 2.0) - Office/Commercial/Institutions/ Residential; Unarmed Secu,[3],Labour and Employment Department Gujarat,2025-10-29T14:02:55Z,2025-10-29T14:02:55Z,No
['GEM/2025/B/6833313'],Event or Seminar or Workshop or Exhibition or Expo Management Service - National; Virtual Event; Ve,[1],Panchayats and Rural Housing Department Gujarat,2025-10-29T14:11:13Z,2025-10-29T14:11:13Z,No
['GEM/2025/B/6835639'],Event or Seminar or Workshop or Exhibition or Expo Management Service - National; Virtual Event; Ve,[1],Panchayats and Rural Housing Department Gujarat,2025-10-29T14:18:06Z,2025-10-29T14:18:06Z,No
['GEM/2025/B/6837016'],Custom Bid for Services - HIRING OF SERVICES FOR REPAIR OF BIRD PROOFING NET AT INAS 314 HANGAR,[1],Ministry of Defence Department of Military Affairs,2025-10-30T09:51:20Z,2025-10-30T09:51:20Z,No
['GEM/2025/B/6836284'],"Tube Fitting Union 90 degrees Elbow size 1/4 inch Tube OD, Material: SS-316, Swagelok Part No. SS-4",[150],PMO Department of Atomic Energy,2025-10-30T09:57:33Z,2025-10-30T09:57:33Z,No
['GEM/2025/B/6831590'],Total Knee Replacement Implant (V2),[18],Health & Family Welfare Department Gujarat,2025-10-30T09:45:34Z,2025-10-30T09:45:34Z,No
['GEM/2025/B/6838036'],Custom Bid for Services - ----,[1],Ministry of Railways Railways Public Sector Undertakings,2025-10-30T10:01:33Z,2025-10-30T10:01:33Z,No
['GEM/2025/B/6834768'],High Mast Lighting Octagonal Tower for Small area with LED Flood Lighting System (V2),[2],General Administration Department Gujarat,2025-10-29T15:40:56Z,2025-10-29T15:40:56Z,No
['GEM/2025/B/6828941'],Custom Bid for Services - 9030C25D07 Mechanical Agency For Replacement Of Complete Heat Exchangers ,[1],Ministry of Petroleum and Natural Gas INDIAN OIL CORPORATION LIMITED,2025-10-29T15:42:55Z,2025-10-29T15:42:55Z,No
['GEM/2025/B/6828286'],Custom Bid for Services - Mess & Maintenance services with  hiring of materials,[1],Ministry of Heavy Industries and Public Enterprises Department of Heavy Industry,2025-10-29T15:44:43Z,2025-10-29T15:44:43Z,No
['GEM/2025/B/6822189'],Monthly Basis Cab & Taxi Hiring Services - SUV; 2500 km x 320 hours; Outstation,[1],Ministry of Railways Indian Railways,2025-10-29T15:33:26Z,2025-10-29T15:33:26Z,No
['GEM/2025/B/6836067'],Self - Contained Drinking Water Coolers (V3) as per IS 1475,[2],Panchayats and Rural Housing Department Gujarat,2025-10-29T15:37:07Z,2025-10-29T15:37:07Z,No
['GEM/2025/B/6835922'],ANNUAL MAINTENANCE SERVICES FOR WATER PURIFICATION AND CONDITIONING SYSTEM (Version 2) - Potable Wa,[20],Education Department Gujarat,2025-10-29T15:30:03Z,2025-10-29T15:30:03Z,No
['GEM/2025/B/6845217'],"251 Sir Creek to Dwarka 2021 Edition,271 Approaches to Gulf of Kutch 2021 Edition,2021 Mundra Port ",[12],Ministry of Defence Department of Defence,2025-10-31T17:26:48Z,2025-10-31T17:26:48Z,No
['GEM/2025/B/6832851'],Robotics Lab Kit,[1],Ministry of Education Department of Higher Education,2025-10-31T17:22:38Z,2025-10-31T17:22:38Z,No
['GEM/2025/B/6838054'],XYLENE LR GRADE,[2700],Ministry of Petroleum and Natural Gas NA,2025-10-31T13:11:49Z,2025-10-31T13:11:49Z,No
['GEM/2025/B/6843503'],Customized AMC/CMC for Pre-owned Products - AMC of Ventilator DRAGGER; DRAGGER; Annual Maintenance ,[4],Health & Family Welfare Department Gujarat,2025-10-31T13:23:34Z,2025-10-31T13:23:34Z,No
['GEM/2025/B/6843905'],"BOQ1,BOQ2,BOQ3,BOQ4,BOQ5,BOQ6,BOQ7,BOQ8",[42],Ministry of Railways Indian Railways,2025-10-31T13:58:32Z,2025-10-31T13:58:32Z,No
['GEM/2025/B/6843082'],"OT Optical to Ethernet Conveter in Pair,L2 Switch in 24 Port,UTP Cable Cat 6 in Role,RJ 45 Connecto",[9],Ministry of Defence Department of Military Affairs,2025-10-31T11:55:25Z,2025-10-31T11:55:25Z,No
['GEM/2025/B/6773194'],Procurement of Mobile,[1],Ministry of Defence Department of Military Affairs,2025-10-31T11:55:12Z,2025-10-31T11:55:12Z,No
['GEM/2025/B/6746004'],automated nucleic  acid extraction machine,[1],Agriculture and Co-operation Department Gujarat,2025-10-31T11:55:00Z,2025-10-31T11:55:00Z,No
['GEM/2025/B/6669316'],"64 Channel NVR, high resolution 8 SATA,4 MP ANPR camera,4 MP PTZ camera,8 MP motorised bullet camer",[25140],Ministry of Defence Department of Military Affairs,2025-10-31T12:03:46Z,2025-10-31T12:03:46Z,No
['GEM/2025/B/6807829'],PCB Prototype Machine,[1],Education Department Gujarat,2025-10-31T12:09:41Z,2025-10-31T12:09:41Z,No
['GEM/2025/B/6818006'],"AUTROFLAME DUAL IR FLAME DETECTOR,N-SYS4 CPU UNIT 32 BIT",[3],Ministry of Defence Department of Defence,2025-10-30T12:57:02Z,2025-10-30T12:57:02Z,No
['GEM/2025/B/6772845'],Interactive Panels with CPU,[3],Panchayats and Rural Housing Department Gujarat,2025-10-30T12:53:02Z,2025-10-30T12:53:02Z,No
['GEM/2025/B/6772736'],Lighting Pole or Post and Hardware - Tubular Street Light Poles (V2),[2],Panchayats and Rural Housing Department Gujarat,2025-10-30T12:55:12Z,2025-10-30T12:55:12Z,No
['GEM/2025/B/6839475'],"Manpower Outsourcing Services - Minimum wage - Unskilled; High School; Others,Manpower Outsourcing ",[7],Education Department Gujarat,2025-10-30T13:02:43Z,2025-10-30T13:02:43Z,No
['GEM/2025/B/6839127'],11 KV Potential Transformer,[6],Ministry of Petroleum and Natural Gas HPCL LNG LIMITED,2025-10-30T13:01:06Z,2025-10-30T13:01:06Z,No
['GEM/2025/B/6801617'],"Custom Bid for Services - Hiring of O&M Assistance Services for Five Years at CPP in OPaL, Dahej",[1],Ministry of Petroleum and Natural Gas NA,2025-10-30T13:02:01Z,2025-10-30T13:02:01Z,No
['GEM/2025/B/6793789'],"SS 304 sheet, size- 8 feet x 4 feet x 5 mm thickness,SS 304 sheet, size- 8 feet x 4 feet x 6 mm thi",[3700],PMO Department of Atomic Energy,2025-10-23T13:03:17Z,2025-10-23T13:03:17Z,No
['GEM/2025/B/6816573'],633 nm Diode Pumped Solid State Laser,[1],PMO Department of Atomic Energy,2025-10-23T12:58:05Z,2025-10-23T12:58:05Z,No
['GEM/2025/B/6786552'],"Sputtering Target of Magnesium Oxide (MgO),Sputtering Target of Yttria Stabilized Zirconia (YSZ)",[4],PMO Department of Atomic Energy,2025-10-22T11:51:32Z,2025-10-22T11:51:32Z,No
['GEM/2025/B/6697883'],Portable Surface Roughness Tester,[1],PMO Department of Atomic Energy,2025-10-22T11:15:20Z,2025-10-22T11:15:20Z,No
['GEM/2025/B/6844709'],"Water tank 5000 ltrs with discharge valve and adapter(1 ') , Triple layer Construction, Double lid ",[2],Ministry of Defence Department of Defence,2025-10-31T16:54:38Z,2025-10-31T16:54:38Z,No
['GEM/2025/B/6844269'],MIG Welding Machine 600 A,[3],Ministry of Petroleum and Natural Gas NA,2025-10-31T16:55:01Z,2025-10-31T16:55:01Z,No
['GEM/2025/B/6773123'],Manpower Outsourcing Services - Minimum wage - Unskilled; High School; Others,[5],Ministry of Defence Department of Defence,2025-10-31T16:50:09Z,2025-10-31T16:50:09Z,No
['GEM/2025/B/6845105'],Mechanical Spring Support,[4],Ministry of Petroleum and Natural Gas INDIAN OIL CORPORATION LIMITED,2025-10-31T17:12:58Z,2025-10-31T17:12:58Z,No
['GEM/2025/B/6840886'],"Calibration Services - Electrical; Voltage, Current, Power (AC/DC), Frequency, Power Factor, Phase ",[1],Ministry of Civil Aviation Airports Authority of India (AAI),2025-10-31T17:13:31Z,2025-10-31T17:13:31Z,No
['GEM/2025/B/6713160'],Custom Bid for Services - Comprehensive upgradation of the disaster management command post cum ope,[1],Ministry of Defence Department of Defence,2025-10-31T15:30:35Z,2025-10-31T15:30:35Z,No
['GEM/2025/B/6844500'],Repair and Overhauling Service - Two Wheeler - Motor Cycles and Scooters and Mopeds; BAJAJ; Yes; Bu,[1],Ministry of Defence Department of Military Affairs,2025-10-31T15:42:08Z,2025-10-31T15:42:08Z,No
['GEM/2025/B/6777637'],"point wiring group c,wiring with 2c 4sq mm cu wire in PVC conduit with earthing,wiring with 4c 4sq ",[5159],Ministry of Communications Department of Telecommunications (DOT),2025-10-10T17:18:38Z,2025-10-10T17:18:38Z,No
['GEM/2025/B/6844671'],Repair and Overhauling Service - Two Wheeler - Motor Cycles and Scooters and Mopeds; ROYAL ENFIELD;,[1],Ministry of Defence Department of Military Affairs,2025-10-31T15:58:12Z,2025-10-31T15:58:12Z,No
['GEM/2025/B/6844601'],Repair and Overhauling Service - Two Wheeler - Motor Cycles and Scooters and Mopeds; ROYAL ENFIELD;,[1],Ministry of Defence Department of Military Affairs,2025-10-31T15:49:17Z,2025-10-31T15:49:17Z,No
['GEM/2025/B/6723571'],Custom Bid for Services - Installation of Water Musical Fountain with Lighting arrangement at CGDHQ,[1],Ministry of Defence Department of Defence,2025-10-31T15:22:46Z,2025-10-31T15:22:46Z,No
['GEM/2025/B/6844500'],Repair and Overhauling Service - Two Wheeler - Motor Cycles and Scooters and Mopeds; BAJAJ; Yes; Bu,[1],Ministry of Defence Department of Military Affairs,2025-10-31T15:42:08Z,2025-10-31T15:42:08Z,No
['GEM/2025/B/6777637'],"point wiring group c,wiring with 2c 4sq mm cu wire in PVC conduit with earthing,wiring with 4c 4sq ",[5159],Ministry of Communications Department of Telecommunications (DOT),2025-10-10T17:18:38Z,2025-10-10T17:18:38Z,No
['GEM/2025/B/6713160'],Custom Bid for Services - Comprehensive upgradation of the disaster management command post cum ope,[1],Ministry of Defence Department of Defence,2025-10-31T15:30:35Z,2025-10-31T15:30:35Z,No
['GEM/2025/B/6781897'],"Submersible Pump Set (Three Phase) (V2) as per IS 8034:2018,Submersible Pump Set (Three Phase) (V2)",[78],Panchayats and Rural Housing Department Gujarat,2025-10-31T16:23:13Z,2025-10-31T16:23:13Z,No
['GEM/2025/B/6844671'],Repair and Overhauling Service - Two Wheeler - Motor Cycles and Scooters and Mopeds; ROYAL ENFIELD;,[1],Ministry of Defence Department of Military Affairs,2025-10-31T15:58:12Z,2025-10-31T15:58:12Z,No
['GEM/2025/B/6844601'],Repair and Overhauling Service - Two Wheeler - Motor Cycles and Scooters and Mopeds; ROYAL ENFIELD;,[1],Ministry of Defence Department of Military Affairs,2025-10-31T15:49:17Z,2025-10-31T15:49:17Z,No
['GEM/2025/B/6801845'],Hiring of Sanitation Service - Manpower Based Model - Sanitary Attendant; 6; All Areas; All Areas; ,[26],Ministry of Youth Affairs and Sports Department of Sports,2025-10-31T15:54:05Z,2025-10-31T15:54:05Z,No
['GEM/2025/B/6781838'],"Entry and Mid Level Desktop Computer,Computer Printer (V2)",[2],Panchayats and Rural Housing Department Gujarat,2025-10-31T15:53:55Z,2025-10-31T15:53:55Z,No
['GEM/2025/B/6781759'],"LED Luminaire for Road and Street Lights (V2) Conforming to IS 10322 (Part 5 / Section 3),XLPE Cabl",[360],Panchayats and Rural Housing Department Gujarat,2025-10-31T15:59:02Z,2025-10-31T15:59:02Z,No
['GEM/2025/B/6751130'],Silica Gel as per IS 3401,[50],Energy and Petro Chemicals Department Gujarat,2025-10-18T09:29:21Z,2025-10-18T09:29:21Z,No
['GEM/2025/B/6844732'],"Cleaning, Sanitation and Disinfection Service - Outcome Based - Office/Commercial/Institutions/Resi",[743],Ministry of Finance Department of Revenue,2025-10-31T16:05:25Z,2025-10-31T16:05:25Z,No
['GEM/2025/B/6844519'],Videography and Photography Services - Photography; Photo Developing & Printing; As per Requirement,[324],Home Department Gujarat,2025-10-31T16:05:21Z,2025-10-31T16:05:21Z,No
['GEM/2025/B/6842156'],Calibration Services - CALIBRATION OF OPTICAL POWER METER; CALIBRATION OF OPTICAL POWER METER; CALI,[2],Ministry of Defence Department of Military Affairs,2025-10-31T08:04:25Z,2025-10-31T08:04:25Z,No
['GEM/2025/B/6842182'],Repair and Overhauling Service - REPAIR OF BILL BOARD ANTENNA (SYSTEM); REPAIR OF BILL BOARD ANTENN,[1],Ministry of Defence Department of Military Affairs,2025-10-31T08:44:38Z,2025-10-31T08:44:38Z,No
['GEM/2025/B/6826008'],Calibration Services - Medical; Medical device calibration; Any other Government Approved Labs / Se,[1],Health & Family Welfare Department Gujarat,2025-10-31T09:23:55Z,2025-10-31T09:23:55Z,No
['GEM/2025/B/6840079'],Laboratory Refrigerator (V2),[1],Agriculture and Co-operation Department Gujarat,2025-10-31T09:37:39Z,2025-10-31T09:37:39Z,No
['GEM/2025/B/6841142'],Electrical Terminals as per IS 8309,[2000],Energy and Petro Chemicals Department Gujarat,2025-10-30T16:55:15Z,2025-10-30T16:55:15Z,No
['GEM/2025/B/6841040'],"Manpower Outsourcing Services - Fixed Remuneration - Non-IT Technical; Consultant (Planning,Monitor",[1],Agriculture and Co-operation Department Gujarat,2025-10-30T16:52:10Z,2025-10-30T16:52:10Z,No
['GEM/2025/B/6840974'],Horse Ration (JAV),[90],Home Department Gujarat,2025-10-30T16:49:56Z,2025-10-30T16:49:56Z,No
['GEM/2025/B/6841344'],"CADAVER STORAGE TANK,CADAVER STORAGE TANK",[5],Health & Family Welfare Department Gujarat,2025-10-30T18:12:56Z,2025-10-30T18:12:56Z,No
['GEM/2025/B/6841343'],Truck Mounted Jetting Machine,[1],Urban Development and Urban Housing Department Gujarat,2025-10-30T17:34:29Z,2025-10-30T17:34:29Z,No
['GEM/2025/B/6841324'],Design Installation and Maintenance of Educational Lab - Smart Class Lab; Smart Anganwadi with Cosm,[1],Panchayats and Rural Housing Department Gujarat,2025-10-30T17:32:16Z,2025-10-30T17:32:16Z,No
['GEM/2025/B/6841311'],Carbide Chain Saw,[20],Revenue Department Gujarat,2025-10-30T17:39:02Z,2025-10-30T17:39:02Z,No
['GEM/2025/B/6841205'],Qualitative PCR Machine (Thermal Cycler),[2],Agriculture and Co-operation Department Gujarat,2025-10-30T17:56:18Z,2025-10-30T17:56:18Z,No
['GEM/2025/B/6841189'],"MR ITEM Sr. No. 1,MR ITEM Sr. No. 2,MR ITEM Sr. No. 3,MR ITEM Sr. No. 4,MR ITEM Sr. No. 5,MR ITEM S",[5717],Ministry of Petroleum and Natural Gas ENGINEERS INDIA Limited,2025-10-30T17:37:32Z,2025-10-30T17:37:32Z,No
['GEM/2025/B/6840938'],Financial Advisory Services - Onsite; Tax Advisory,[1],Industries and Mines Department Gujarat,2025-10-30T17:42:18Z,2025-10-30T17:42:18Z,No
['GEM/2025/B/6840491'],"Cleaning, Sanitation and Disinfection Service - Outcome Based - Office/Commercial/Institutions/Resi",[1931],Agriculture and Co-operation Department Gujarat,2025-10-30T18:03:35Z,2025-10-30T18:03:35Z,No
['GEM/2025/B/6840294'],Solar Street Lighting System (NTPC),[166],General Administration Department Gujarat,2025-10-30T18:08:24Z,2025-10-30T18:08:24Z,No
['GEM/2025/B/6840245'],Solar Street Lighting System (NTPC),[250],General Administration Department Gujarat,2025-10-30T18:09:16Z,2025-10-30T18:09:16Z,No
['GEM/2025/B/6844012'],Impact Wrench,[1],Ministry of Railways Indian Railways,2025-10-31T14:29:02Z,2025-10-31T14:29:02Z,No
['GEM/2025/B/6843990'],Repair and Overhauling Service - built up trucks; EICHER; Yes; Buyer Premises,[1],Ministry of Defence Department of Military Affairs,2025-10-31T14:26:08Z,2025-10-31T14:26:08Z,No
['GEM/2025/B/6841615'],"GEAR BOX REPAIRED,REPAIRED OF SELF STARTER ASSY,INTER COOLER ASSY SERVICED AND LEAKAGE REPAIRED,RAD",[5],Ministry of Defence Department of Military Affairs,2025-10-31T14:24:12Z,2025-10-31T14:24:12Z,No
['GEM/2025/B/6844079'],Repair and Overhauling Service - built up trucks; EICHER; Yes; Buyer Premises,[1],Ministry of Defence Department of Military Affairs,2025-10-31T14:42:09Z,2025-10-31T14:42:09Z,No
['GEM/2025/B/6834510'],"MINDRAY 5 PART CELL COUNTER CB-5150 MACHINE M-52 DILUENT 20 LTR REAGENT,MINDRAY 5 PART CELL COUNTER",[155],Health & Family Welfare Department Gujarat,2025-10-31T14:39:52Z,2025-10-31T14:39:52Z,No
['GEM/2025/B/6831497'],Life Raft Inflatable 20 Men Capacity,[1],Ministry of Defence Department of Defence,2025-10-31T14:33:44Z,2025-10-31T14:33:44Z,No
['GEM/2025/B/6809928'],"CETIRIZINE SYP,ETORICOXIB 90MG TAB,AZITHROMYCIN 250MG TAB,CEFIXIME 100MG TAB,PARACETAMOL AND IBUPRO",[21170],Ministry of Defence Department of Defence,2025-10-31T14:33:07Z,2025-10-31T14:33:07Z,No
['GEM/2025/B/6844263'],Repair and Overhauling Service - cars; MARUTI SUZUKI INDIA LIMITED; Yes; Buyer Premises,[1],Ministry of Defence Department of Military Affairs,2025-10-31T15:07:26Z,2025-10-31T15:07:26Z,No
['GEM/2025/B/6798481'],Diesel Engine,[1],Ministry of Petroleum and Natural Gas INDIAN OIL CORPORATION LIMITED,2025-10-31T15:11:15Z,2025-10-31T15:11:15Z,No
['GEM/2025/B/6789630'],"M/s HACH make Controller part no- LXV404.99. 05552 sc200 Universal Controller: 100-240 V AC,M/s HAC",[12],PMO Department of Atomic Energy,2025-10-31T15:08:44Z,2025-10-31T15:08:44Z,No
['GEM/2025/B/6844269'],MIG Welding Machine 600 A,[3],Ministry of Petroleum and Natural Gas NA,2025-10-31T16:55:01Z,2025-10-31T16:55:01Z,No
['GEM/2025/B/6773123'],Manpower Outsourcing Services - Minimum wage - Unskilled; High School; Others,[5],Ministry of Defence Department of Defence,2025-10-31T16:50:09Z,2025-10-31T16:50:09Z,No
['GEM/2025/B/6845105'],Mechanical Spring Support,[4],Ministry of Petroleum and Natural Gas INDIAN OIL CORPORATION LIMITED,2025-10-31T17:12:58Z,2025-10-31T17:12:58Z,No
['GEM/2025/B/6840886'],"Calibration Services - Electrical; Voltage, Current, Power (AC/DC), Frequency, Power Factor, Phase ",[1],Ministry of Civil Aviation Airports Authority of India (AAI),2025-10-31T17:13:31Z,2025-10-31T17:13:31Z,No
['GEM/2025/B/6841416'],Manpower Outsourcing Services - Minimum wage - Unskilled; Not Required; Others,[4],Ministry of Finance Department of Revenue,2025-10-31T17:33:13Z,2025-10-31T17:33:13Z,No
['GEM/2025/B/6770418'],1. GLAND PACKING SET -UPPER and LOWER-- ITEM NO. 51 OF MIL DRG NO-902130 of CONTROL VALVE SL NO. 16,[79],PMO Department of Atomic Energy,2025-10-31T17:34:34Z,2025-10-31T17:34:34Z,No
['GEM/2025/B/6845217'],"251 Sir Creek to Dwarka 2021 Edition,271 Approaches to Gulf of Kutch 2021 Edition,2021 Mundra Port ",[12],Ministry of Defence Department of Defence,2025-10-31T17:26:48Z,2025-10-31T17:26:48Z,No
['GEM/2025/B/6832851'],Robotics Lab Kit,[1],Ministry of Education Department of Higher Education,2025-10-31T17:22:38Z,2025-10-31T17:22:38Z,No
['GEM/2025/B/6843082'],"OT Optical to Ethernet Conveter in Pair,L2 Switch in 24 Port,UTP Cable Cat 6 in Role,RJ 45 Connecto",[9],Ministry of Defence Department of Military Affairs,2025-10-31T11:55:25Z,2025-10-31T11:55:25Z,No
['GEM/2025/B/6773194'],Procurement of Mobile,[1],Ministry of Defence Department of Military Affairs,2025-10-31T11:55:12Z,2025-10-31T11:55:12Z,No
['GEM/2025/B/6841131'],"Bunk Mattress,Blanket,Bedsheet,Pillow Cover,Pillows",[55],Ministry of Defence Department of Defence,2025-10-31T14:48:21Z,2025-10-31T14:48:21Z,No
['GEM/2025/B/6840867'],"12 V 26 Ah Lead Acid Battery,Induction Plate,Digital Multimeter,Flood Light 230 V 150 W,Pedestal Fa",[11],Ministry of Defence Department of Defence,2025-10-31T14:49:31Z,2025-10-31T14:49:31Z,No
['GEM/2025/B/6844732'],"Cleaning, Sanitation and Disinfection Service - Outcome Based - Office/Commercial/Institutions/Resi",[743],Ministry of Finance Department of Revenue,2025-10-31T16:05:25Z,2025-10-31T16:05:25Z,No
['GEM/2025/B/6844519'],Videography and Photography Services - Photography; Photo Developing & Printing; As per Requirement,[324],Home Department Gujarat,2025-10-31T16:05:21Z,2025-10-31T16:05:21Z,No
['GEM/2025/B/6106512'],Entry and Mid Level Laptop - Notebook,[120],Energy and Petro Chemicals Department Gujarat,2025-04-21T18:27:55Z,2025-04-21T18:27:55Z,No
['GEM/2025/B/6846060'],Transformer Turns Ratio Test Set (BHEL),[1],Ministry of Railways Indian Railways,2025-11-01T11:35:21Z,2025-11-01T11:35:21Z,No
['GEM/2025/B/6802816'],Operation and Maintenance Of Electrical Systems/Electrical Installations - Complete System,[1],Industries and Mines Department Gujarat,2025-11-01T11:36:55Z,2025-11-01T11:36:55Z,No
['GEM/2025/B/6846589'],FORK LIFTER HYDRAULIC BOOM REPAIR,[2],Ministry of Defence Department of Military Affairs,2025-11-01T11:58:38Z,2025-11-01T11:58:38Z,No
['GEM/2025/B/6846538'],MARUTI GYPSY HEAD LAITH AND VALVE GRINDING REPAIR,[1],Ministry of Defence Department of Military Affairs,2025-11-01T11:47:58Z,2025-11-01T11:47:58Z,No
['GEM/2025/B/6846525'],"A4 Paper 80GSM,Legal Paper 80 GSM,Ball Pen blue,Ball Pen red,Ball Pen black,File folder",[127],Ministry of Defence Department of Military Affairs,2025-11-01T11:49:20Z,2025-11-01T11:49:20Z,No
['GEM/2025/B/6829715'],Operation and Maintenance Power House / Power Plant - Up gradation of existing ABB Make Pro control,[1],Energy and Petro Chemicals Department Gujarat,2025-10-30T17:00:51Z,2025-10-30T17:00:51Z,No
['GEM/2025/B/6804022'],Graphics Tablet,[1],Labour and Employment Department Gujarat,2025-10-30T17:10:07Z,2025-10-30T17:10:07Z,No
['GEM/2025/B/6841269'],"Internet Bandwidth and Replication Service - Internet Leased Line; Goverment Service provider, Priv",[1],Energy and Petro Chemicals Department Gujarat,2025-10-30T17:17:36Z,2025-10-30T17:17:36Z,No
['GEM/2025/B/6840813'],Monthly Basis Cab & Taxi Hiring Services - MUV; 2000 km x 320 hours; Outstation 24*7,[1],Ministry of Railways Indian Railways,2025-10-30T17:15:34Z,2025-10-30T17:15:34Z,No
['GEM/2025/B/6840640'],Monthly Basis Cab & Taxi Hiring Services - MUV; 3000 Km x 320 hours; Outstation 24*7,[1],Ministry of Railways Indian Railways,2025-10-30T17:17:41Z,2025-10-30T17:17:41Z,No
['GEM/2025/B/6797514'],Manila Ropes (V5) ISI marked to IS 1084,[24],PMO Department of Atomic Energy,2025-10-30T17:19:08Z,2025-10-30T17:19:08Z,No
['GEM/2025/B/6841439'],Agricultural Trailer Complying to AIS 112,[5],Urban Development and Urban Housing Department Gujarat,2025-10-30T18:30:43Z,2025-10-30T18:30:43Z,No
['GEM/2025/B/6837139'],"Split Air Conditioner Including Green AC, Wall Mount Type (V2)",[4],Education Department Gujarat,2025-10-30T18:33:11Z,2025-10-30T18:33:11Z,No
['GEM/2025/B/6840469'],LED Luminaire for Floodlight (V2) Conforming to IS 10322 (Part 5/Section 5),[20],Revenue Department Gujarat,2025-10-30T15:33:25Z,2025-10-30T15:33:25Z,No
['GEM/2025/B/6840404'],Manpower Hiring for Financial Services - Offsite; Chartered Accountant,[1],Health & Family Welfare Department Gujarat,2025-10-30T15:34:04Z,2025-10-30T15:34:04Z,No
['GEM/2025/B/6846634'],Solar Street Lighting System (NTPC),[40],Education Department Gujarat,2025-11-01T12:23:59Z,2025-11-01T12:23:59Z,No
['GEM/2025/B/6846633'],Operation And Maintenance Of Lifts (Elevators) - Complete System,[1],Home Department Gujarat,2025-11-01T12:21:27Z,2025-11-01T12:21:27Z,No
['GEM/2025/B/6846528'],"Cleaning, Sanitation and Disinfection Service - Outcome Based - Office/Commercial/Institutions/Resi",[19917],Labour and Employment Department Gujarat,2025-11-01T12:27:43Z,2025-11-01T12:27:43Z,No
['GEM/2025/B/6768377'],Manpower Outsourcing Services - Minimum wage - Unskilled; Secondary School; Others,[4],Forests and Environment Department Gujarat,2025-10-08T17:56:27Z,2025-10-08T17:56:27Z,No
['GEM/2025/B/6768166'],Manpower Outsourcing Services - Minimum wage - Unskilled; Secondary School; Others,[4],Forests and Environment Department Gujarat,2025-10-08T17:52:04Z,2025-10-08T17:52:04Z,No
['GEM/2025/B/6768105'],Manpower Outsourcing Services - Minimum wage - Skilled; Graduate; Admin,[4],Forests and Environment Department Gujarat,2025-10-08T17:17:23Z,2025-10-08T17:17:23Z,No
['GEM/2025/B/6767976'],Manpower Outsourcing Services - Minimum wage - Skilled; High School; Admin,[4],Forests and Environment Department Gujarat,2025-10-08T17:07:15Z,2025-10-08T17:07:15Z,No
['GEM/2025/B/6846106'],Monthly Basis Cab & Taxi Hiring Services - Hatchback; 2000 km x 320 hours; Local 24*7,[1],Health & Family Welfare Department Gujarat,2025-11-01T10:20:59Z,2025-11-01T10:20:59Z,No
['GEM/2025/B/6846016'],"Monthly Basis Cab and Taxi Hiring Service - Without Fuel - SUV; Mahindra Bolero; 2025; 0-25,000 kms",[1],Forests and Environment Department Gujarat,2025-11-01T10:34:31Z,2025-11-01T10:34:31Z,No
['GEM/2025/B/6789463'],"Manpower Outsourcing Services - Fixed Remuneration - Admin; STATISTICAL ASSISTANT; Graduate,Manpowe",[13],Women and Child Development Department Gujarat,2025-11-01T10:34:03Z,2025-11-01T10:34:03Z,No
['GEM/2025/B/6855891'],Custom Bid for Services - 9030C25D22 Awarding of job contract for management of Ethanol and miscell,[2],Ministry of Petroleum and Natural Gas INDIAN OIL CORPORATION LIMITED,2025-11-05T14:16:45Z,2025-11-05T14:16:45Z,No
['GEM/2025/B/6858304'],Tactical Pistol Holster (MHA),[160],Home Department Gujarat,2025-11-05T14:39:53Z,2025-11-05T14:39:53Z,No
['GEM/2025/B/6857446'],Custom Bid for Services - 9030C25D20 Stability certification for structures/building in Gujarat ref,[1],Ministry of Petroleum and Natural Gas INDIAN OIL CORPORATION LIMITED,2025-11-05T14:38:58Z,2025-11-05T14:38:58Z,No
['GEM/2025/B/6820682'],"CAGE FOR 10KG SINGLE COMPOSITE CYLINDER,CAGE FOR 05KG SINGLE COMPOSITE CYLINDER",[550],Ministry of Petroleum and Natural Gas INDIAN OIL CORPORATION LIMITED,2025-11-05T12:42:14Z,2025-11-05T12:42:14Z,No
['GEM/2025/B/6778272'],"Pneumatic Compression Therapy,AI Enabled motion sensor for knee assessment,Agility Trainer-Interact",[18],Ministry of Youth Affairs and Sports Department of Sports,2025-10-16T10:11:32Z,2025-10-16T10:11:32Z,No
['GEM/2025/B/6371907'],High Mast Lighting Octagonal Tower for Small area with LED Flood Lighting System (V2),[2],Panchayats and Rural Housing Department Gujarat,2025-06-22T15:20:29Z,2025-06-22T15:20:29Z,No
['GEM/2025/B/6365098'],Interactive Panels with CPU,[1],Panchayats and Rural Housing Department Gujarat,2025-06-20T11:53:26Z,2025-06-20T11:53:26Z,No
['GEM/2025/B/6858465'],"K M Drive,Brush Carrier,Brg Bush,CE Bush,Bush,Resiver Light Switch,Solenoid Switch,Field Coil 24V,C",[41],Ministry of Defence Department of Military Affairs,2025-11-05T15:13:28Z,2025-11-05T15:13:28Z,No
['GEM/2025/B/6858404'],"Monthly Basis Cab & Taxi Hiring Services - SUV; 2500 km x 320 hours; Outstation 24*7,Monthly Basis ",[11],Ministry of Finance Department of Revenue,2025-11-05T15:10:52Z,2025-11-05T15:10:52Z,No
['GEM/2025/B/6858482'],"Brg Bush,C E Bush,bush,Pole Screw,Chain Sprocket Set,Union Brake Booster,Air Pipe,DE-aeruation tank",[17],Ministry of Defence Department of Military Affairs,2025-11-05T15:19:04Z,2025-11-05T15:19:04Z,No
['GEM/2025/B/6840983'],Baby Care Kit (ICDS),[200],Women and Child Development Department Gujarat,2025-10-30T18:48:03Z,2025-10-30T18:48:03Z,No
['GEM/2025/B/6833172'],"Title1,Title2,Title3,Title4,Title5",[11],Ministry of Finance Department of Financial Services,2025-10-30T18:48:32Z,2025-10-30T18:48:32Z,No
['GEM/2025/B/6823713'],Multifunction Machine MFM (V2),[1],Education Department Gujarat,2025-10-30T18:48:15Z,2025-10-30T18:48:15Z,No
['GEM/2025/B/6841768'],Trouser Wind Cheater (Defence),[1452],Home Department Gujarat,2025-10-30T19:03:53Z,2025-10-30T19:03:53Z,No
['GEM/2025/B/6841761'],LED Luminaire for Road and Street Lights (V2) Conforming to IS 10322 (Part 5 / Section 3),[80],Panchayats and Rural Housing Department Gujarat,2025-10-30T19:05:34Z,2025-10-30T19:05:34Z,No
['GEM/2025/B/6793484'],Stitching and Tailoring Service - Cutting + Stitching + Tailoring; Cotton; Schools,[1977],Tribal Development Department Gujarat,2025-10-30T19:08:44Z,2025-10-30T19:08:44Z,No
['GEM/2025/B/6675136'],Financial Audit Services - Audit report; Audit Firm,[1],Labour and Employment Department Gujarat,2025-10-30T19:08:35Z,2025-10-30T19:08:35Z,No
['GEM/2025/B/6841841'],Stitching and Tailoring Service - Cutting + Stitching + Tailoring; Cotton; AS PER ATC,[1452],Home Department Gujarat,2025-10-30T19:27:30Z,2025-10-30T19:27:30Z,No
['GEM/2025/B/6841802'],Tanker on Agricultural Trailer,[1],Urban Development and Urban Housing Department Gujarat,2025-10-30T19:26:14Z,2025-10-30T19:26:14Z,No
['GEM/2025/B/6841775'],Hopper Tipper Dumper for Garbage,[1],Urban Development and Urban Housing Department Gujarat,2025-10-30T19:27:54Z,2025-10-30T19:27:54Z,No
['GEM/2025/B/6809928'],"CETIRIZINE SYP,ETORICOXIB 90MG TAB,AZITHROMYCIN 250MG TAB,CEFIXIME 100MG TAB,PARACETAMOL AND IBUPRO",[21170],Ministry of Defence Department of Defence,2025-10-31T14:33:07Z,2025-10-31T14:33:07Z,No
['GEM/2025/B/6844206'],Repair and Overhauling Service - cars; TATA MOTORS; Yes; Buyer Premises,[1],Ministry of Defence Department of Military Affairs,2025-10-31T14:59:40Z,2025-10-31T14:59:40Z,No
['GEM/2025/B/6844156'],Repair and Overhauling Service - built up trucks; EICHER; Yes; Buyer Premises,[1],Ministry of Defence Department of Military Affairs,2025-10-31T14:48:46Z,2025-10-31T14:48:46Z,No
['GEM/2025/B/6841131'],"Bunk Mattress,Blanket,Bedsheet,Pillow Cover,Pillows",[55],Ministry of Defence Department of Defence,2025-10-31T14:48:21Z,2025-10-31T14:48:21Z,No
['GEM/2025/B/6840867'],"12 V 26 Ah Lead Acid Battery,Induction Plate,Digital Multimeter,Flood Light 230 V 150 W,Pedestal Fa",[11],Ministry of Defence Department of Defence,2025-10-31T14:49:31Z,2025-10-31T14:49:31Z,No
['GEM/2025/B/6844263'],Repair and Overhauling Service - cars; MARUTI SUZUKI INDIA LIMITED; Yes; Buyer Premises,[1],Ministry of Defence Department of Military Affairs,2025-10-31T15:07:26Z,2025-10-31T15:07:26Z,No
['GEM/2025/B/6798481'],Diesel Engine,[1],Ministry of Petroleum and Natural Gas INDIAN OIL CORPORATION LIMITED,2025-10-31T15:11:15Z,2025-10-31T15:11:15Z,No
['GEM/2025/B/6789630'],"M/s HACH make Controller part no- LXV404.99. 05552 sc200 Universal Controller: 100-240 V AC,M/s HAC",[12],PMO Department of Atomic Energy,2025-10-31T15:08:44Z,2025-10-31T15:08:44Z,No
['GEM/2025/B/6772631'],Custom Bid for Services - ANNUAL RATE CONTRACT FOR HIRING OF PONTOON FOR SAFE BERTHING OF IBs at Ok,[1],Ministry of Defence Department of Defence,2025-10-31T15:01:26Z,2025-10-31T15:01:26Z,No
['GEM/2025/B/6807829'],PCB Prototype Machine,[1],Education Department Gujarat,2025-10-31T12:09:41Z,2025-10-31T12:09:41Z,No
['GEM/2025/B/6846940'],Monthly Basis Cab & Taxi Hiring Services - Sedan; 2500 km x 320 hours; Outstation 24*7,[1],Gujarat Industrial Develpment Corporation (GIDC),2025-11-01T12:59:50Z,2025-11-01T12:59:50Z,No
['GEM/2025/B/6846845'],Camera for CCTV System (V3),[25],Ministry of Education Department of School Education and Literacy,2025-11-01T12:53:05Z,2025-11-01T12:53:05Z,No
['GEM/2025/B/6846819'],Semi Automatic Bio Chemistry Analyser,[1],Agriculture and Co-operation Department Gujarat,2025-11-01T12:54:16Z,2025-11-01T12:54:16Z,No
['GEM/2025/B/6846792'],"Vehicle Hiring Service - Per Vehicle-Day basis - Sedan; 2021, 2022, 2023, 2024, 2025; Outstation; P",[60],Labour and Employment Department Gujarat,2025-11-01T12:46:48Z,2025-11-01T12:46:48Z,No
['GEM/2025/B/6846737'],Polyethylene Bags for General Purposes,[750],Health & Family Welfare Department Gujarat,2025-11-01T12:54:30Z,2025-11-01T12:54:30Z,No
['GEM/2025/B/6846654'],Stand for Root Trainers (V2),[1080],Agriculture and Co-operation Department Gujarat,2025-11-01T12:47:43Z,2025-11-01T12:47:43Z,No
['GEM/2025/B/6831977'],"Refilling of Medical Gases in Cylinders,Refilling of Medical Gases in Cylinders,Refilling of Medica",[896],Ministry of Labour and Employment NA,2025-11-01T12:58:16Z,2025-11-01T12:58:16Z,No
['GEM/2025/B/6826820'],Hiring of Data Wall,[1],Ministry of Defence Department of Military Affairs,2025-11-01T12:48:55Z,2025-11-01T12:48:55Z,No
['GEM/2025/B/6751310'],Manpower Outsourcing Services - Fixed Remuneration - Data Entry operator; Data Entry Operator; Grad,[10],Social Justice and Empowerment Department Gujarat,2025-10-03T17:32:07Z,2025-10-03T17:32:07Z,No
['GEM/2025/B/6684013'],Diode Laser for Skin,[4],Health & Family Welfare Department Gujarat,2025-11-01T12:58:23Z,2025-11-01T12:58:23Z,No
['GEM/2025/B/6818006'],"AUTROFLAME DUAL IR FLAME DETECTOR,N-SYS4 CPU UNIT 32 BIT",[3],Ministry of Defence Department of Defence,2025-10-30T12:57:02Z,2025-10-30T12:57:02Z,No
['GEM/2025/B/6772845'],Interactive Panels with CPU,[3],Panchayats and Rural Housing Department Gujarat,2025-10-30T12:53:02Z,2025-10-30T12:53:02Z,No
['GEM/2025/B/6772736'],Lighting Pole or Post and Hardware - Tubular Street Light Poles (V2),[2],Panchayats and Rural Housing Department Gujarat,2025-10-30T12:55:12Z,2025-10-30T12:55:12Z,No
['GEM/2025/B/6839475'],"Manpower Outsourcing Services - Minimum wage - Unskilled; High School; Others,Manpower Outsourcing ",[7],Education Department Gujarat,2025-10-30T13:02:43Z,2025-10-30T13:02:43Z,No
['GEM/2025/B/6839127'],11 KV Potential Transformer,[6],Ministry of Petroleum and Natural Gas HPCL LNG LIMITED,2025-10-30T13:01:06Z,2025-10-30T13:01:06Z,No
['GEM/2025/B/6801617'],"Custom Bid for Services - Hiring of O&M Assistance Services for Five Years at CPP in OPaL, Dahej",[1],Ministry of Petroleum and Natural Gas NA,2025-10-30T13:02:01Z,2025-10-30T13:02:01Z,No
['GEM/2025/B/6847699'],Baby Care Kit (ICDS),[500],Women and Child Development Department Gujarat,2025-11-01T15:59:38Z,2025-11-01T15:59:38Z,No
['GEM/2025/B/6847689'],Printing and Photocopying Service - Printing; Offsite; Not Applicable; Not Applicable; Not Applicab,[300],Revenue Department Gujarat,2025-11-01T15:50:40Z,2025-11-01T15:50:40Z,No
['GEM/2025/B/6774994'],Manpower Outsourcing Services - Man-days based - Others; Unskilled; Mazdoor/Labour,[24768],Narmada Water Resources Water Supply and Kalpsar Department Gujarat,2025-10-10T11:35:49Z,2025-10-10T11:35:49Z,No
['GEM/2025/B/6774657'],Manpower Outsourcing Services - Man-days based - Others; Skilled; Office Attendant,[16128],Narmada Water Resources Water Supply and Kalpsar Department Gujarat,2025-10-10T11:04:53Z,2025-10-10T11:04:53Z,No
['GEM/2025/B/6854662'],"Drill Bit Set,Set of Spanners,Wedges Hard Wood 150X75X25 MM,M Seal or Equivalent,Spanner Adjustable",[68],Ministry of Defence Department of Defence,2025-11-05T16:22:26Z,2025-11-05T16:22:26Z,No
['GEM/2025/B/6858544'],13th Gen or Higher CPU Desktop without Monitor,[30],Ministry of Finance Department of Financial Services,2025-11-05T16:33:11Z,2025-11-05T16:33:11Z,No
['GEM/2025/B/6794157'],Layer 3 - Access Switch,[2],Ministry of Defence Department of Military Affairs,2025-10-28T12:53:25Z,2025-10-28T12:53:25Z,No
['GEM/2025/B/6858753'],"BOQ1,BOQ2,BOQ3,BOQ4,BOQ5,BOQ6,BOQ7",[9],Ministry of Railways Indian Railways,2025-11-05T16:53:34Z,2025-11-05T16:53:34Z,No
['GEM/2025/B/6858680'],Door With Assembly,[80],Tribal Development Department Gujarat,2025-11-05T16:50:50Z,2025-11-05T16:50:50Z,No
['GEM/2025/B/6858503'],Manpower Outsourcing Services - Man-days based - Others; Skilled; Driver - LMV,[624],Ministry of Petroleum and Natural Gas NA,2025-11-05T16:50:35Z,2025-11-05T16:50:35Z,No
['GEM/2025/B/6854348'],Qualitative PCR Machine (Thermal Cycler),[1],Agriculture and Co-operation Department Gujarat,2025-11-05T16:57:04Z,2025-11-05T16:57:04Z,No
['GEM/2025/B/6858744'],Catering Service per Packet based - Veg; Snacks/High; Snacks Packet,[4324],Education Department Gujarat,2025-11-05T17:03:32Z,2025-11-05T17:03:32Z,No
['GEM/2025/B/6858721'],thermal gloves,[100],Home Department Gujarat,2025-11-05T17:11:23Z,2025-11-05T17:11:23Z,No
['GEM/2025/B/6858706'],"Split Air Conditioner Including Green AC, Wall Mount Type (V2),Split Air Conditioner Including Gree",[5],Agriculture and Co-operation Department Gujarat,2025-11-05T17:09:48Z,2025-11-05T17:09:48Z,No
['GEM/2025/B/6858695'],TENDER FOR PROVIDING & CO-ORDINATING SERVICES AT IOCL KANDLA,[1],Ministry of Petroleum and Natural Gas Bharat Petroleum Corporation Ltd,2025-11-05T17:43:26Z,2025-11-05T17:43:26Z,No
['GEM/2025/B/6753555'],Allweiler Pump Spares,[1],Ministry of Petroleum and Natural Gas INDIAN OIL CORPORATION LIMITED,2025-10-04T13:52:18Z,2025-10-04T13:52:18Z,No
['GEM/2025/B/6753497'],Swellore make Pump Spares,[1],Ministry of Petroleum and Natural Gas INDIAN OIL CORPORATION LIMITED,2025-10-04T13:40:50Z,2025-10-04T13:40:50Z,No
['GEM/2025/B/6853254'],"Catering service (Event Based) - Lunch; Veg; Special Thali,Catering service (Event Based) - Lunch; ",[9],Agriculture and Co-operation Department Gujarat,2025-11-04T10:25:39Z,2025-11-04T10:25:39Z,No
['GEM/2025/B/6840627'],Custom Bid for Services - ANNUAL MAINTENANCE CONTRACT OF RO PLANT WITH CARTRIDGES,[1],Ministry of Defence Department of Military Affairs,2025-11-04T10:17:20Z,2025-11-04T10:17:20Z,No
['GEM/2025/B/6828348'],Leasing in of Commercial Properties - Hospital; Wet Lease (maintenance to be borne by lessor); up t,[1],Ministry of Labour and Employment NA,2025-11-04T10:40:55Z,2025-11-04T10:40:55Z,No
['GEM/2025/B/6854532'],"Chair or stool,glow led board,acrylic board,acrylic board plate for ffod instuction,tool kit,philip",[75],Ministry of Defence Department of Military Affairs,2025-11-04T12:54:13Z,2025-11-04T12:54:13Z,No
['GEM/2025/B/6854472'],"Annual Maintenance Service - Desktops,  Laptops and Peripherals - Multifunction Printer   (Monochro",[39],Home Department Gujarat,2025-11-04T12:56:57Z,2025-11-04T12:56:57Z,No
['GEM/2025/B/6854334'],"Manpower Outsourcing Services - Minimum wage - Skilled; High School; Others,Manpower Outsourcing Se",[2],Panchayats and Rural Housing Department Gujarat,2025-11-04T12:45:55Z,2025-11-04T12:45:55Z,No
['GEM/2025/B/6854296'],Safes (V3) ISI Marked to IS 550,[2],Ministry of Finance Department of Financial Services,2025-11-04T12:45:43Z,2025-11-04T12:45:43Z,No
['GEM/2025/B/6854200'],Medical Centrifuge,[1],Health & Family Welfare Department Gujarat,2025-11-04T12:46:39Z,2025-11-04T12:46:39Z,No
['GEM/2025/B/6853881'],Monthly Basis Cab & Taxi Hiring Services - SUV; 3000 Km x 364 hours; Local 24*7,[1],Sports Youth and Cultural Activities Department Gujarat,2025-11-04T12:46:10Z,2025-11-04T12:46:10Z,No
['GEM/2025/B/6754209'],"Cartridge filters Size and specification 30,Metallic hose pipe flexible with Victaulic coupling 50N",[597],PMO Department of Atomic Energy,2025-11-04T12:58:00Z,2025-11-04T12:58:00Z,No
['GEM/2025/B/6742708'],Manpower Outsourcing Services - Fixed Remuneration - Non-IT Technical; Skilled Professional; Gradua,[2],Ministry of Consumer Affairs Food and Public Distribution Department of Consumer Affairs,2025-09-30T13:16:55Z,2025-09-30T13:16:55Z,No
['GEM/2025/B/6854623'],Rotary Microtome,[1],Health & Family Welfare Department Gujarat,2025-11-04T13:13:41Z,2025-11-04T13:13:41Z,No
['GEM/2025/B/6854513'],Cabinet for Desktop,[45],Panchayats and Rural Housing Department Gujarat,2025-11-04T13:05:53Z,2025-11-04T13:05:53Z,No
['GEM/2025/B/6853762'],All in One PC (V2),[7],Panchayats and Rural Housing Department Gujarat,2025-11-04T13:10:22Z,2025-11-04T13:10:22Z,No
['GEM/2025/B/6679932'],"Electric Two Wheeler - Motorcycle, Scooter and Moped",[1],Ministry of Defence Department of Defence,2025-11-04T13:14:51Z,2025-11-04T13:14:51Z,No
['GEM/2025/B/6854847'],Tarpaulins (CMPDI),[6],Ministry of Defence Department of Military Affairs,2025-11-04T13:40:25Z,2025-11-04T13:40:25Z,No
['GEM/2025/B/6854641'],"Garden Swings,Outdoor Slide (V2),Garden Swings,Outdoor Slide (V2),Play Ground Merry Go Round  (V2),",[12],Sports Youth and Cultural Activities Department Gujarat,2025-11-04T13:39:34Z,2025-11-04T13:39:34Z,No
['GEM/2025/B/6752916'],"Paint hardtop XP white,Hardtop XP Green 257,Paint Jotamastic 80 Grey Jotun,Paint Jotamsatic 80 Alum",[1120],Ministry of Defence Department of Defence,2025-11-01T15:25:19Z,2025-11-01T15:25:19Z,No
['GEM/2025/B/6847668'],LED Based Indicating Lamp for Panel Cut Outs,[10],Labour and Employment Department Gujarat,2025-11-01T15:33:24Z,2025-11-01T15:33:24Z,No
['GEM/2025/B/6847553'],"Desk and Bench Set for Classroom/Training Area,Computer Table (V2),Cafeteria Chair,Waiting Area / A",[22],Panchayats and Rural Housing Department Gujarat,2025-11-01T15:30:22Z,2025-11-01T15:30:22Z,No
['GEM/2025/B/6847487'],Fibre Cable  for Networking,[750],Panchayats and Rural Housing Department Gujarat,2025-11-01T15:30:05Z,2025-11-01T15:30:05Z,No
['GEM/2025/B/6847442'],"Camera for CCTV System (V3),Video Recorder for CCTV System (V2),Television (TV) (V2),Layer 2 Access",[26],Panchayats and Rural Housing Department Gujarat,2025-11-01T15:30:34Z,2025-11-01T15:30:34Z,No
['GEM/2025/B/6847413'],"Garden Swings,Outdoor Slide (V2),Garden Swings,Outdoor Slide (V2),Play Ground Merry Go Round  (V2),",[12],Sports Youth and Cultural Activities Department Gujarat,2025-11-01T15:38:57Z,2025-11-01T15:38:57Z,No
['GEM/2025/B/6846190'],Custom Bid for Services - Schedule 1 GADHADA TELE EXCH TO DHASA TELE EXCH 24F OFC ROUTE UNDER JURIS,[1],Ministry of Communications Department of Telecommunications (DOT),2025-11-01T15:41:03Z,2025-11-01T15:41:03Z,No
['GEM/2025/B/6779473'],"Fitting-Valve 10-Port 24-VDC HSN/SAC Code: 84818090, Agilent Part no. 5062-9510,Catalyst Assy for 7",[3],Department of Space Department of Space,2025-10-11T13:38:56Z,2025-10-11T13:38:56Z,No
['GEM/2025/B/6779384'],Rock and Mineral standar (in chip form),[1],Department of Space Department of Space,2025-10-11T13:36:50Z,2025-10-11T13:36:50Z,No
['GEM/2025/B/6761773'],"Ammeter - Analog (Panel Meter) as per IS 1248,Ammeter - Analog (Panel Meter) as per IS 1248",[2],Labour and Employment Department Gujarat,2025-10-07T13:49:54Z,2025-10-07T13:49:54Z,No
['GEM/2025/B/6573005'],Biosafety Cabinet,[24],Ministry of Health and Family Welfare Department of Health and Family Welfare,2025-08-26T10:48:07Z,2025-08-26T10:48:07Z,No
['GEM/2025/B/6847699'],Baby Care Kit (ICDS),[500],Women and Child Development Department Gujarat,2025-11-01T15:59:38Z,2025-11-01T15:59:38Z,No
['GEM/2025/B/6847689'],Printing and Photocopying Service - Printing; Offsite; Not Applicable; Not Applicable; Not Applicab,[300],Revenue Department Gujarat,2025-11-01T15:50:40Z,2025-11-01T15:50:40Z,No
['GEM/2025/B/6774994'],Manpower Outsourcing Services - Man-days based - Others; Unskilled; Mazdoor/Labour,[24768],Narmada Water Resources Water Supply and Kalpsar Department Gujarat,2025-10-10T11:35:49Z,2025-10-10T11:35:49Z,No
['GEM/2025/B/6774657'],Manpower Outsourcing Services - Man-days based - Others; Skilled; Office Attendant,[16128],Narmada Water Resources Water Supply and Kalpsar Department Gujarat,2025-10-10T11:04:53Z,2025-10-10T11:04:53Z,No
['GEM/2025/B/6847469'],Facility Management Services - LumpSum Based - SELECTION OF AGENCY FOR OPERATION & MANAGEMENT OF SH,[1],Urban Development and Urban Housing Department Gujarat,2025-11-01T16:21:12Z,2025-11-01T16:21:12Z,No
['GEM/2025/B/6846908'],High End Laptop - Notebook,[10],General Administration Department Gujarat,2025-11-01T16:25:35Z,2025-11-01T16:25:35Z,No
['GEM/2025/B/6846786'],All in One PC (V2),[10],General Administration Department Gujarat,2025-11-01T16:26:37Z,2025-11-01T16:26:37Z,No
['GEM/2025/B/6832193'],"Monthly Basis Cab & Taxi Hiring Services - SUV; 2500 km x 320 hours; Local 24*7,Monthly Basis Cab &",[2],Panchayats and Rural Housing Department Gujarat,2025-11-01T16:19:43Z,2025-11-01T16:19:43Z,No
['GEM/2025/B/6847816'],Lithium - Ion Cells and Batteries for Portable Application (Rechargeable Batteries) as per IS 16047,[9],Labour and Employment Department Gujarat,2025-11-01T16:18:00Z,2025-11-01T16:18:00Z,No
['GEM/2025/B/6846528'],"Cleaning, Sanitation and Disinfection Service - Outcome Based - Office/Commercial/Institutions/Resi",[19917],Labour and Employment Department Gujarat,2025-11-01T12:27:43Z,2025-11-01T12:27:43Z,No
['GEM/2025/B/6768377'],Manpower Outsourcing Services - Minimum wage - Unskilled; Secondary School; Others,[4],Forests and Environment Department Gujarat,2025-10-08T17:56:27Z,2025-10-08T17:56:27Z,No
['GEM/2025/B/6768166'],Manpower Outsourcing Services - Minimum wage - Unskilled; Secondary School; Others,[4],Forests and Environment Department Gujarat,2025-10-08T17:52:04Z,2025-10-08T17:52:04Z,No
['GEM/2025/B/6768105'],Manpower Outsourcing Services - Minimum wage - Skilled; Graduate; Admin,[4],Forests and Environment Department Gujarat,2025-10-08T17:17:23Z,2025-10-08T17:17:23Z,No
['GEM/2025/B/6767976'],Manpower Outsourcing Services - Minimum wage - Skilled; High School; Admin,[4],Forests and Environment Department Gujarat,2025-10-08T17:07:15Z,2025-10-08T17:07:15Z,No
['GEM/2025/B/6846106'],Monthly Basis Cab & Taxi Hiring Services - Hatchback; 2000 km x 320 hours; Local 24*7,[1],Health & Family Welfare Department Gujarat,2025-11-01T10:20:59Z,2025-11-01T10:20:59Z,No
['GEM/2025/B/6846016'],"Monthly Basis Cab and Taxi Hiring Service - Without Fuel - SUV; Mahindra Bolero; 2025; 0-25,000 kms",[1],Forests and Environment Department Gujarat,2025-11-01T10:34:31Z,2025-11-01T10:34:31Z,No
['GEM/2025/B/6789463'],"Manpower Outsourcing Services - Fixed Remuneration - Admin; STATISTICAL ASSISTANT; Graduate,Manpowe",[13],Women and Child Development Department Gujarat,2025-11-01T10:34:03Z,2025-11-01T10:34:03Z,No
['GEM/2025/B/6788699'],"Manpower Outsourcing Services - Fixed Remuneration - Admin; OFFICE SUPERINTENDENT; Graduate,Manpowe",[4],Women and Child Development Department Gujarat,2025-11-01T10:36:17Z,2025-11-01T10:36:17Z,No
['GEM/2025/B/6846204'],"canister with gel 500ml compatible with KCL 3M VAC Machine,VAC ULTA Veralink Casstte 500,VAC ULTA V",[9],Ministry of Defence Department of Military Affairs,2025-11-01T10:52:01Z,2025-11-01T10:52:01Z,No
['GEM/2025/B/6684013'],Diode Laser for Skin,[4],Health & Family Welfare Department Gujarat,2025-11-01T12:58:23Z,2025-11-01T12:58:23Z,No
['GEM/2025/B/6673259'],Manpower Outsourcing Services - Fixed Remuneration - Others; SAMAJ SURAXA SAHAYAK; Graduate,[10],Social Justice and Empowerment Department Gujarat,2025-10-03T15:50:21Z,2025-10-03T15:50:21Z,No
['GEM/2025/B/6847063'],Pneumatic Tyres For Passenger Car Vehicles - Diagonal And Radial Ply Marked to IS 15633,[4],Roads and Buildings Department Gujarat,2025-11-01T13:18:05Z,2025-11-01T13:18:05Z,No
['GEM/2025/B/6847044'],"Design, Supply, Installation, Commissioning and Maintenance of Grid Connected Roof Top Solar Power ",[1],Ministry of Finance Department of Financial Services,2025-11-01T13:29:36Z,2025-11-01T13:29:36Z,No
['GEM/2025/B/6846974'],Waste Container (V3),[400],Panchayats and Rural Housing Department Gujarat,2025-11-01T13:19:23Z,2025-11-01T13:19:23Z,No
['GEM/2025/B/6835605'],"Solar Concentrator Training System,Solar Thermal Training System",[2],Education Department Gujarat,2025-11-01T13:18:43Z,2025-11-01T13:18:43Z,No
['GEM/2025/B/6847177'],Grinding Wheel (V2),[4],Labour and Employment Department Gujarat,2025-11-01T13:37:41Z,2025-11-01T13:37:41Z,No
['GEM/2025/B/6846621'],MOBILE PHONE WITH IOS OPERATING SOFTWARE,[1],Ministry of Defence Department of Military Affairs,2025-11-01T13:33:04Z,2025-11-01T13:33:04Z,No
['GEM/2025/B/6845283'],High frequancy digital wireless flat panel detector system,[1],Health & Family Welfare Department Gujarat,2025-11-01T13:38:55Z,2025-11-01T13:38:55Z,No
['GEM/2025/B/6847244'],"Cutting Tools,Cutting Tools",[30],Labour and Employment Department Gujarat,2025-11-01T13:53:44Z,2025-11-01T13:53:44Z,No
['GEM/2025/B/6847214'],"Water Jug,Whitner Pen,Tape mix colour 01 inch,Chair towel,Wiper Cleaner,Odonil,Punching machine big",[367],Ministry of Defence Department of Military Affairs,2025-11-01T13:58:58Z,2025-11-01T13:58:58Z,No
['GEM/2025/B/6847077'],Catering Service per Packet based - Veg; Breakfast; Buffet(Breakfast/Lunch/Dinner),[17000],Education Department Gujarat,2025-11-01T13:56:16Z,2025-11-01T13:56:16Z,No
['GEM/2025/B/6838650'],Solar Street Lighting System (NTPC),[350],Rural Development Department Gujarat,2025-11-01T13:55:28Z,2025-11-01T13:55:28Z,No
['GEM/2025/B/6797470'],Digital Trainer Kit,[1],Education Department Gujarat,2025-11-01T14:00:12Z,2025-11-01T14:00:12Z,No
['GEM/2025/B/6725810'],Laser marking machine,[1],PMO Department of Atomic Energy,2025-11-01T14:00:08Z,2025-11-01T14:00:08Z,No
['GEM/2025/B/6847319'],Shampoo Station,[1],Labour and Employment Department Gujarat,2025-11-01T14:17:27Z,2025-11-01T14:17:27Z,No
['GEM/2025/B/6847283'],School Bags with Educational Desk,[300],Women and Child Development Department Gujarat,2025-11-01T14:19:17Z,2025-11-01T14:19:17Z,No
['GEM/2025/B/6792536'],Audio Amplifier (V3),[1],Education Department Gujarat,2025-11-01T14:16:44Z,2025-11-01T14:16:44Z,No
['GEM/2025/B/6756054'],"Cotton Bandage Cloth (V2),Cotton Bandage Cloth (V2),Cotton Bandage Cloth (V2),Absorbent Cotton Wool",[12000],Ministry of Labour and Employment Employees State Insuarnce Corporation,2025-11-01T14:17:24Z,2025-11-01T14:17:24Z,No
['GEM/2025/B/6756023'],"Sterile Hypodermic Syringe (V3),Sterile Hypodermic Syringe (V3),Sterile Hypodermic Syringe (V3),Ste",[173850],Ministry of Labour and Employment Employees State Insuarnce Corporation,2025-11-01T14:20:37Z,2025-11-01T14:20:37Z,No
['GEM/2025/B/6757744'],"Ammeter - Analog (Panel Meter) as per IS 1248,Ammeter - Analog (Panel Meter) as per IS 1248,Ammeter",[8],Labour and Employment Department Gujarat,2025-10-06T15:12:20Z,2025-10-06T15:12:20Z,No
['GEM/2025/B/6845864'],Monthly Basis Cab & Taxi Hiring Services - SUV; 2500 km x 320 hours; Outstation,[1],Agriculture and Co-operation Department Gujarat,2025-10-31T22:29:43Z,2025-10-31T22:29:43Z,No
['GEM/2025/B/6845920'],Dashboard Camera (V2),[15],Ministry of Defence Department of Military Affairs,2025-11-01T08:39:00Z,2025-11-01T08:39:00Z,No
['GEM/2025/B/6845930'],Cat - 6 UTP Ethernet Cable for Wifi Indoor use (MTNL),[5000],Ministry of Defence Department of Military Affairs,2025-11-01T08:49:43Z,2025-11-01T08:49:43Z,No
['GEM/2025/B/6845936'],"Stationary Valve Regulated Lead Acid Batteries (V2) as per IS 15549,Stationary Valve Regulated Lead",[37],Ministry of Defence Department of Military Affairs,2025-11-01T09:06:21Z,2025-11-01T09:06:21Z,No
['GEM/2025/B/6845971'],Composite Synthetic Fibre Ropes as per IS 14928,[1000],Ministry of Defence Department of Military Affairs,2025-11-01T09:32:28Z,2025-11-01T09:32:28Z,No
['GEM/2025/B/6846034'],Rucksack 90 Ltrs with HDPE Board (Defence),[5],Ministry of Defence Department of Military Affairs,2025-11-01T09:52:44Z,2025-11-01T09:52:44Z,No
['GEM/2025/B/6830419'],"File flat rough double cut,File, half round, fine double cut,File, round, fine double cut,File flat",[658],Labour and Employment Department Gujarat,2025-11-01T10:07:25Z,2025-11-01T10:07:25Z,No
['GEM/2025/B/6680626'],Manpower Outsourcing Services - Minimum wage - Skilled; ITI; Others,[12],Ministry of Defence Department of Military Affairs,2025-11-01T10:14:44Z,2025-11-01T10:14:44Z,No
['GEM/2025/B/6844709'],"Water tank 5000 ltrs with discharge valve and adapter(1 ') , Triple layer Construction, Double lid ",[2],Ministry of Defence Department of Defence,2025-10-31T16:54:38Z,2025-10-31T16:54:38Z,No
['GEM/2025/B/6854194'],Reverse Osmosis based Water Treatment System above 50 LPH Capacity (V2),[2],Agriculture and Co-operation Department Gujarat,2025-11-04T12:38:30Z,2025-11-04T12:38:30Z,No
['GEM/2025/B/6854058'],Security Manpower Service (Version 2.0) - Office/Commercial/Institutions/ Residential; Unarmed Secu,[7],Ministry of Education Department of School Education and Literacy,2025-11-04T12:43:36Z,2025-11-04T12:43:36Z,No
['GEM/2025/B/6851513'],ice packs,[6000],Health & Family Welfare Department Gujarat,2025-11-04T12:38:10Z,2025-11-04T12:38:10Z,No
['GEM/2025/B/6833989'],Computer Monitor,[4],Department of Space Department of Space,2025-11-04T12:43:18Z,2025-11-04T12:43:18Z,No
['GEM/2025/B/6791152'],Entry and Mid Level Desktop Computer,[25],Education Department Gujarat,2025-11-04T12:30:42Z,2025-11-04T12:30:42Z,No
['GEM/2025/B/6791145'],High End Laptop - Notebook,[5],Education Department Gujarat,2025-11-04T12:31:12Z,2025-11-04T12:31:12Z,No
['GEM/2025/B/6854122'],"Bus Hiring Service - Short Term - Outstation; 49-52; Non Deluxe (NDX); 300,Bus Hiring Service - Sho",[3],Agriculture and Co-operation Department Gujarat,2025-11-04T12:13:15Z,2025-11-04T12:13:15Z,No
['GEM/2025/B/6851735'],"Multifunction Machine MFM (V2),Multifunction Machine MFM (V2)",[4],Education Department Gujarat,2025-11-04T12:00:07Z,2025-11-04T12:00:07Z,No
['GEM/2025/B/6850545'],"Annual Maintenance Service - Desktops,  Laptops and Peripherals - Desktop PC; DELL HP HCL ZENITH WI",[2],Home Department Gujarat,2025-11-04T12:10:33Z,2025-11-04T12:10:33Z,No
['GEM/2025/B/6847106'],"Paper-based Printing Services - Printing with Material; Answer Booklet with Barcode; Offset,Paper-b",[1400000],Education Department Gujarat,2025-11-01T17:27:45Z,2025-11-01T17:27:45Z,No
['GEM/2025/B/6786482'],Stitching and Tailoring Service - Cutting + Stitching + Tailoring; As per Buyer Requirement; School,[723],Tribal Development Department Gujarat,2025-11-04T12:08:21Z,2025-11-04T12:08:21Z,No
['GEM/2025/B/6574238'],Financial Advisory Services - Onsite; Tax Advisory,[1],Social Justice and Empowerment Department Gujarat,2025-08-19T14:49:48Z,2025-08-19T14:49:48Z,No
['GEM/2025/B/6715219'],High End Desktop Computer,[8],Panchayats and Rural Housing Department Gujarat,2025-09-25T11:29:38Z,2025-09-25T11:29:38Z,No
['GEM/2025/B/6855018'],Custom Bid for Services - appointment of qualified medical practitioner for management of Occupatio,[1],Ministry of Petroleum and Natural Gas Bharat Petroleum Corporation Ltd,2025-11-04T14:11:49Z,2025-11-04T14:11:49Z,No
['GEM/2025/B/6829430'],"DC Motor with pulley and wire rope,Iron Stand for motor,SMT for Opening,DC Reverse and forward swit",[10],Ministry of Defence Department of Military Affairs,2025-11-04T14:10:12Z,2025-11-04T14:10:12Z,No
['GEM/2025/B/6792839'],Digital Trainer Kit,[9],Education Department Gujarat,2025-11-04T14:12:39Z,2025-11-04T14:12:39Z,No
['GEM/2025/B/6702330'],LED Luminaire for Floodlight (V2) Conforming to IS 10322 (Part 5/Section 5),[100],Energy and Petro Chemicals Department Gujarat,2025-10-14T09:56:17Z,2025-10-14T09:56:17Z,No
['GEM/2025/B/6649017'],Telescopic Logging Mast,[1],Ministry of Petroleum and Natural Gas NA,2025-09-05T15:18:27Z,2025-09-05T15:18:27Z,No
['GEM/2025/B/6749033'],Handheld 3D Surface Scanner,[1],Ministry of Home Affairs Women Safety Division,2025-10-10T18:06:04Z,2025-10-10T18:06:04Z,No
['GEM/2025/B/6855194'],Manpower Outsourcing Services - Minimum wage - Unskilled; Not Required; Others,[1],Ministry of Finance Department of Revenue,2025-11-04T14:40:12Z,2025-11-04T14:40:12Z,No
['GEM/2025/B/6861076'],Dot Matrix Printers (V2),[2],Energy and Petro Chemicals Department Gujarat,2025-11-06T13:38:59Z,2025-11-06T13:38:59Z,No
['GEM/2025/B/6861039'],"Alternater Belt,Timing Belt,Clutch Plate,4 x 4 Cable,Bty Cut Off Switch,Pipe Assy Air Supply,radiat",[20],Ministry of Defence Department of Military Affairs,2025-11-06T13:30:32Z,2025-11-06T13:30:32Z,No
['GEM/2025/B/6861016'],MRSAM 225KVA BATTERY (CUMMINS PLUS LIGHT 12V 100AH),[8],Ministry of Defence Department of Military Affairs,2025-11-06T13:31:13Z,2025-11-06T13:31:13Z,No
['GEM/2025/B/6861005'],Manpower Outsourcing Services - Minimum wage - Unskilled; High School; Others,[1],Panchayats and Rural Housing Department Gujarat,2025-11-06T13:38:23Z,2025-11-06T13:38:23Z,No
['GEM/2025/B/6860888'],Manpower Outsourcing Services - Minimum wage - Unskilled; Not Required; Others,[3],Education Department Gujarat,2025-11-06T13:41:57Z,2025-11-06T13:41:57Z,No
['GEM/2025/B/6860851'],"Azibact 500mg,Dolo 650mg,Disprin,Sorbitrate 5mg,Pantoprazole 40mg,Sinarest,Citrazine 10mg,Cyclopam,",[27380],Ministry of Home Affairs Central Armed Police Forces,2025-11-06T13:31:11Z,2025-11-06T13:31:11Z,No
['GEM/2025/B/6637101'],"Manpower Outsourcing Services - Minimum wage - Skilled; Graduate; Admin,Manpower Outsourcing Servic",[17],Legislative and Parliamentary Affairs,2025-10-07T12:41:53Z,2025-10-07T12:41:53Z,No
['GEM/2025/B/6855971'],"Entry and Mid Level Desktop Computer,Multifunction Machine MFM (V2)",[14],Narmada Water Resources Water Supply and Kalpsar Department Gujarat,2025-11-04T16:20:04Z,2025-11-04T16:20:04Z,No
['GEM/2025/B/6855922'],"Manpower Outsourcing Services - Man-days based - Others; Unskilled; Mazdoor/Labour,Manpower Outsour",[6000],Narmada Water Resources Water Supply and Kalpsar Department Gujarat,2025-11-04T16:18:53Z,2025-11-04T16:18:53Z,No
['GEM/2025/B/6855327'],ATM Universal testing machine,[1],Education Department Gujarat,2025-11-04T16:26:11Z,2025-11-04T16:26:11Z,No
['GEM/2025/B/6841948'],Reverse Osmosis based Water Treatment System above 50 LPH Capacity (V2),[1],Panchayats and Rural Housing Department Gujarat,2025-10-30T20:54:54Z,2025-10-30T20:54:54Z,No
['GEM/2025/B/6773455'],Dot Matrix Printers (V2),[15],Energy and Petro Chemicals Department Gujarat,2025-10-09T19:23:22Z,2025-10-09T19:23:22Z,No
['GEM/2025/B/6727624'],Acetone as per IS 170,[11],Labour and Employment Department Gujarat,2025-09-25T15:10:25Z,2025-09-25T15:10:25Z,No
['GEM/2025/B/6842118'],Camera for CCTV System (V3),[8],Panchayats and Rural Housing Department Gujarat,2025-10-30T23:21:03Z,2025-10-30T23:21:03Z,No
['GEM/2025/B/6838796'],Bio - Medical Waste Collection Bags (Biohazard Bags),[1500],Health & Family Welfare Department Gujarat,2025-10-30T11:38:44Z,2025-10-30T11:38:44Z,No
['GEM/2025/B/6838783'],"Round Steel Short Link Chains (Electric Butt Welded), Grade L 3 (Part 1) (V2) as per IS 2429",[1000],Ministry of Defence Department of Military Affairs,2025-10-30T11:38:16Z,2025-10-30T11:38:16Z,No
['GEM/2025/B/6838187'],Custom Bid for Services - Removal providing and fixing of GI roof sheet,[1],Ministry of Mines HINDUSTAN COPPER Limited,2025-10-30T11:35:58Z,2025-10-30T11:35:58Z,No
['GEM/2025/B/6793526'],Fabrication and Supply of Over current Cards for the protection of IGBT,[80],PMO Department of Atomic Energy,2025-10-30T11:42:58Z,2025-10-30T11:42:58Z,No
['GEM/2025/B/6765769'],"Toner Cartridges / Ink Cartridges / Consumables for Printers,Toner Cartridges / Ink Cartridges / Co",[408],Ministry of Defence Department of Military Affairs,2025-10-30T11:18:24Z,2025-10-30T11:18:24Z,No
['GEM/2025/B/6751596'],Monthly Basis Cab and Taxi Hiring Service - Without Fuel - SUV; As per Scope of work; As per Scope ,[2],Ministry of Power POWER GRID Corporation OF INDIA Limited,2025-10-30T11:27:41Z,2025-10-30T11:27:41Z,No
['GEM/2025/B/6855522'],Poultry feed ingredient of Soyabeen,[50],Agriculture and Co-operation Department Gujarat,2025-11-04T16:38:53Z,2025-11-04T16:38:53Z,No
['GEM/2025/B/6855448'],Poultry feed ingredient of Soyabeen,[55],Agriculture and Co-operation Department Gujarat,2025-11-04T16:36:17Z,2025-11-04T16:36:17Z,No
['GEM/2025/B/6855304'],Poultry feed ingredient of Soyabeen,[55],Agriculture and Co-operation Department Gujarat,2025-11-04T16:33:56Z,2025-11-04T16:33:56Z,No
['GEM/2025/B/6854611'],Poultry feed ingredient of Soyabeen,[25],Agriculture and Co-operation Department Gujarat,2025-11-04T16:30:57Z,2025-11-04T16:30:57Z,No
['GEM/2025/B/6852454'],"Steel Porta Cabin,Steel Porta Cabin,Steel Porta Cabin",[11],Energy and Petro Chemicals Department Gujarat,2025-11-04T16:44:59Z,2025-11-04T16:44:59Z,No
['GEM/2025/B/6794052'],Waiting Area / Airport Terminal / Public Place / Reception area Chair or Seat (V2),[40],Education Department Gujarat,2025-10-18T15:01:28Z,2025-10-18T15:01:28Z,No
['GEM/2025/B/6790057'],"Cleaning, Sanitation and Disinfection Service - Outcome Based - As per ATC; As per ATC; As per ATC",[1],Energy and Petro Chemicals Department Gujarat,2025-10-15T10:18:12Z,2025-10-15T10:18:12Z,No
['GEM/2025/B/6856298'],Manpower Outsourcing Services - Man-days based - Others; Unskilled; Mazdoor/Labour,[5760],Narmada Water Resources Water Supply and Kalpsar Department Gujarat,2025-11-04T16:59:34Z,2025-11-04T16:59:34Z,No
['GEM/2025/B/6856256'],"Layer 2 Access Switch (V2),Layer 3 - Access Switch,Small Form - Factor Pluggable Transceiver",[106],Education Department Gujarat,2025-11-04T16:56:50Z,2025-11-04T16:56:50Z,No
['GEM/2025/B/6856251'],Manpower Outsourcing Services - Man-days based - Others; Unskilled; Mazdoor/Labour,[5640],Narmada Water Resources Water Supply and Kalpsar Department Gujarat,2025-11-04T16:53:11Z,2025-11-04T16:53:11Z,No
['GEM/2025/B/6856170'],Vertical Autoclave,[2],Agriculture and Co-operation Department Gujarat,2025-11-04T16:50:03Z,2025-11-04T16:50:03Z,No
['GEM/2025/B/6856095'],Online UPS (?10 KVA) With Battery Conforming To IS 16242 (Part 1),[2],Agriculture and Co-operation Department Gujarat,2025-11-04T16:51:19Z,2025-11-04T16:51:19Z,No
['GEM/2025/B/6855769'],"Manpower Outsourcing Services - Minimum wage - Skilled; Not Required; Others,Manpower Outsourcing S",[18],Ports and Transport Department Gujarat,2025-11-04T16:46:02Z,2025-11-04T16:46:02Z,No
['GEM/2025/B/6854703'],Precast Concrete Reinforced Bench (RDSO),[100],Panchayats and Rural Housing Department Gujarat,2025-11-04T16:48:47Z,2025-11-04T16:48:47Z,No
['GEM/2025/B/6849188'],High Pressure Washer,[2],Labour and Employment Department Gujarat,2025-11-04T16:58:38Z,2025-11-04T16:58:38Z,No
['GEM/2025/B/6849184'],Hot air gun,[1],Labour and Employment Department Gujarat,2025-11-04T16:53:36Z,2025-11-04T16:53:36Z,No
['GEM/2025/B/6844857'],Motor Insurance Service - 4 Wheeler; 1501 to 2500 CC,[1],Ministry of Textiles NA,2025-11-04T16:46:38Z,2025-11-04T16:46:38Z,No
['GEM/2025/B/6844645'],Custom Bid for Services - 9030C25D14 Expert supervisory services from OEM MS AERZEN MACHINES INDIA ,[1],Ministry of Petroleum and Natural Gas INDIAN OIL CORPORATION LIMITED,2025-11-04T16:47:44Z,2025-11-04T16:47:44Z,No
['GEM/2025/B/6840834'],"Paper-based Printing Services - Printing with Material; Certificate; Digital,Paper-based Printing S",[1620000],Revenue Department Gujarat,2025-11-04T16:52:05Z,2025-11-04T16:52:05Z,No
['GEM/2025/B/6796172'],Swipe Paper (Coarse filter paper) Bundle,[10000],PMO Department of Atomic Energy,2025-11-04T16:47:30Z,2025-11-04T16:47:30Z,No
['GEM/2025/B/6842156'],Calibration Services - CALIBRATION OF OPTICAL POWER METER; CALIBRATION OF OPTICAL POWER METER; CALI,[2],Ministry of Defence Department of Military Affairs,2025-10-31T08:04:25Z,2025-10-31T08:04:25Z,No
['GEM/2025/B/6842182'],Repair and Overhauling Service - REPAIR OF BILL BOARD ANTENNA (SYSTEM); REPAIR OF BILL BOARD ANTENN,[1],Ministry of Defence Department of Military Affairs,2025-10-31T08:44:38Z,2025-10-31T08:44:38Z,No
['GEM/2025/B/6826008'],Calibration Services - Medical; Medical device calibration; Any other Government Approved Labs / Se,[1],Health & Family Welfare Department Gujarat,2025-10-31T09:23:55Z,2025-10-31T09:23:55Z,No
['GEM/2025/B/6840079'],Laboratory Refrigerator (V2),[1],Agriculture and Co-operation Department Gujarat,2025-10-31T09:37:39Z,2025-10-31T09:37:39Z,No
['GEM/2025/B/6841142'],Electrical Terminals as per IS 8309,[2000],Energy and Petro Chemicals Department Gujarat,2025-10-30T16:55:15Z,2025-10-30T16:55:15Z,No
['GEM/2025/B/6841040'],"Manpower Outsourcing Services - Fixed Remuneration - Non-IT Technical; Consultant (Planning,Monitor",[1],Agriculture and Co-operation Department Gujarat,2025-10-30T16:52:10Z,2025-10-30T16:52:10Z,No
['GEM/2025/B/6840974'],Horse Ration (JAV),[90],Home Department Gujarat,2025-10-30T16:49:56Z,2025-10-30T16:49:56Z,No
['GEM/2025/B/6840658'],Green Grass (Rajka),[45000],Home Department Gujarat,2025-10-30T16:46:18Z,2025-10-30T16:46:18Z,No
['GEM/2025/B/6840005'],Customized AMC/CMC for Pre-owned Products - FPC SOLAR HOT WATER SYSTEM; FPC SOLAR HOT WATER SYSTEM;,[1],Social Justice and Empowerment Department Gujarat,2025-10-30T16:54:31Z,2025-10-30T16:54:31Z,No
['GEM/2025/B/6838571'],Repair and Overhauling Service - As per mentioned in the ATC; As per mentioned in the ATC; Yes; Buy,[1],Energy and Petro Chemicals Department Gujarat,2025-10-30T16:54:48Z,2025-10-30T16:54:48Z,No
['GEM/2025/B/6851554'],"Manpower Outsourcing Services - Minimum wage - Unskilled; Not Required; Others,Manpower Outsourcing",[26],Ports and Transport Department Gujarat,2025-11-04T11:46:33Z,2025-11-04T11:46:33Z,No
['GEM/2025/B/6851359'],Water Lubricated Deep Groove Ball Bearing,[20],PMO Department of Atomic Energy,2025-11-04T11:52:39Z,2025-11-04T11:52:39Z,No
['GEM/2025/B/6834624'],Customized AMC/CMC for Pre-owned Products - CAMC for Laundry Equipment: Stefeb; Stefeb; Comprehensi,[13],Ministry of Labour and Employment NA,2025-11-04T11:46:47Z,2025-11-04T11:46:47Z,No
['GEM/2025/B/6854532'],"Chair or stool,glow led board,acrylic board,acrylic board plate for ffod instuction,tool kit,philip",[75],Ministry of Defence Department of Military Affairs,2025-11-04T12:54:13Z,2025-11-04T12:54:13Z,No
['GEM/2025/B/6854472'],"Annual Maintenance Service - Desktops,  Laptops and Peripherals - Multifunction Printer   (Monochro",[39],Home Department Gujarat,2025-11-04T12:56:57Z,2025-11-04T12:56:57Z,No
['GEM/2025/B/6854334'],"Manpower Outsourcing Services - Minimum wage - Skilled; High School; Others,Manpower Outsourcing Se",[2],Panchayats and Rural Housing Department Gujarat,2025-11-04T12:45:55Z,2025-11-04T12:45:55Z,No
['GEM/2025/B/6854296'],Safes (V3) ISI Marked to IS 550,[2],Ministry of Finance Department of Financial Services,2025-11-04T12:45:43Z,2025-11-04T12:45:43Z,No
['GEM/2025/B/6854200'],Medical Centrifuge,[1],Health & Family Welfare Department Gujarat,2025-11-04T12:46:39Z,2025-11-04T12:46:39Z,No
['GEM/2025/B/6853881'],Monthly Basis Cab & Taxi Hiring Services - SUV; 3000 Km x 364 hours; Local 24*7,[1],Sports Youth and Cultural Activities Department Gujarat,2025-11-04T12:46:10Z,2025-11-04T12:46:10Z,No
['GEM/2025/B/6754209'],"Cartridge filters Size and specification 30,Metallic hose pipe flexible with Victaulic coupling 50N",[597],PMO Department of Atomic Energy,2025-11-04T12:58:00Z,2025-11-04T12:58:00Z,No
['GEM/2025/B/6796085'],High Mast Lighting Tower for large area with LED Flood Lighting System,[1],Panchayats and Rural Housing Department Gujarat,2025-11-04T15:12:29Z,2025-11-04T15:12:29Z,No
['GEM/2025/B/6781595'],"MCB - Miniature Circuit - Breakers for A.C. Operation as per IS / IEC 60898 (Part 1),Cast Copper Al",[11851],Ministry of Defence Department of Military Affairs,2025-11-04T15:12:06Z,2025-11-04T15:12:06Z,No
['GEM/2025/B/6732553'],"Service Angle Valve Part no SPZ4203140 for Daikin make PFS2402DARY chiller,Angle Valve Part no S490",[187],PMO Department of Atomic Energy,2025-10-14T17:03:51Z,2025-10-14T17:03:51Z,No
['GEM/2025/B/6715685'],M/s. WIKA make Float for Magnetic Level Gauge as per attached technical specifications,[15],PMO Department of Atomic Energy,2025-10-14T16:14:34Z,2025-10-14T16:14:34Z,No
['GEM/2025/B/6855672'],Manpower Outsourcing Services - Man-days based - Others; Unskilled; Mazdoor/Labour,[5400],Narmada Water Resources Water Supply and Kalpsar Department Gujarat,2025-11-04T15:48:02Z,2025-11-04T15:48:02Z,No
['GEM/2025/B/6855585'],Manpower Outsourcing Services - Minimum wage - Skilled; Graduate; Admin,[1],Labour and Employment Department Gujarat,2025-11-04T15:47:16Z,2025-11-04T15:47:16Z,No
['GEM/2025/B/6855419'],Laboratory Incubators,[2],Agriculture and Co-operation Department Gujarat,2025-11-04T15:55:39Z,2025-11-04T15:55:39Z,No
['GEM/2025/B/6855326'],Surgical Operating ENT Microscope,[1],Health & Family Welfare Department Gujarat,2025-11-04T15:46:00Z,2025-11-04T15:46:00Z,No
['GEM/2025/B/6855260'],"Cleaning, Sanitation and Disinfection Service - Outcome Based - Office/Commercial/Institutions/Resi",[74278],Labour and Employment Department Gujarat,2025-11-04T15:59:49Z,2025-11-04T15:59:49Z,No
['GEM/2025/B/6854286'],Manpower Outsourcing Services - Minimum wage - Unskilled; High School; Admin,[1],Social Justice and Empowerment Department Gujarat,2025-11-04T15:59:42Z,2025-11-04T15:59:42Z,No
['GEM/2025/B/6847737'],Monthly Ambulance Service (All Inclusive) - All inclusive service; Type B Patient Transport Vehicle,[1],Health & Family Welfare Department Gujarat,2025-11-01T17:16:02Z,2025-11-01T17:16:02Z,No
['GEM/2025/B/6847588'],Monthly Basis Cab & Taxi Hiring Services - SUV; 3000 Km x 364 hours; Outstation 24*7,[1],Revenue Department Gujarat,2025-11-01T17:23:16Z,2025-11-01T17:23:16Z,No
['GEM/2025/B/6787974'],Entry and Mid Level Desktop Computer,[4],Panchayats and Rural Housing Department Gujarat,2025-10-15T13:45:07Z,2025-10-15T13:45:07Z,No
['GEM/2025/B/6739106'],3 Wheeler Passenger full Vehicle for Assembly & Disassembly with Electrical vehicle component,[11],Labour and Employment Department Gujarat,2025-11-01T17:18:22Z,2025-11-01T17:18:22Z,No
['GEM/2025/B/6848110'],Repair and Overhauling Service - PRIME MOVER; ASHOK LEYLAND; Yes; Buyer Premises,[1],Ministry of Defence Department of Military Affairs,2025-11-01T17:40:48Z,2025-11-01T17:40:48Z,No
['GEM/2025/B/6848102'],Thermocol Ice box for Medical purposes,[5000],Health & Family Welfare Department Gujarat,2025-11-01T17:37:43Z,2025-11-01T17:37:43Z,No
['GEM/2025/B/6848083'],Repair and Overhauling Service - PRIME MOVER; ASHOK LEYLAND; Yes; Buyer Premises,[1],Ministry of Defence Department of Military Affairs,2025-11-01T17:31:29Z,2025-11-01T17:31:29Z,No
['GEM/2025/B/6848032'],Centrifuge Tubes (V2),[40000],Health & Family Welfare Department Gujarat,2025-11-01T17:30:11Z,2025-11-01T17:30:11Z,No
['GEM/2025/B/6827515'],Monthly Basis Cab & Taxi Hiring Services - Sedan; 2000 km x 320 hours; Outstation 24*7,[3],Health & Family Welfare Department Gujarat,2025-11-01T17:33:54Z,2025-11-01T17:33:54Z,No
['GEM/2025/B/6848141'],Repair and Overhauling Service - AIR CONDITIONER WINDOW; AS PER SCOPE OF WORK; Yes; Buyer Premises,[1],Ministry of Defence Department of Military Affairs,2025-11-01T17:49:23Z,2025-11-01T17:49:23Z,No
['GEM/2025/B/6853001'],"Split Air Conditioner Including Green AC, Wall Mount Type (V2)",[2],Agriculture and Co-operation Department Gujarat,2025-11-04T09:23:10Z,2025-11-04T09:23:10Z,No
['GEM/2025/B/6852999'],DUMMY LOAD,[1],Ministry of Defence Department of Military Affairs,2025-11-04T09:15:42Z,2025-11-04T09:15:42Z,No
['GEM/2025/B/6760108'],"Pulley1,Pulley2,Pulley3,Pulley4,Pulley5,Pulley6",[7],Energy and Petro Chemicals Department Gujarat,2025-11-04T09:17:11Z,2025-11-04T09:17:11Z,No
['GEM/2025/B/6691759'],"Collecting Electrode with locking plate,Collective Electrode with C Clamp",[2446],Energy and Petro Chemicals Department Gujarat,2025-11-04T09:25:01Z,2025-11-04T09:25:01Z,No
['GEM/2025/B/6853058'],Laboratory Steel Furniture,[2],Agriculture and Co-operation Department Gujarat,2025-11-04T09:37:49Z,2025-11-04T09:37:49Z,No
['GEM/2025/B/6848073'],Financial Audit Services - Audit report; CA Firm,[1],Urban Development and Urban Housing Department Gujarat,2025-11-04T09:30:11Z,2025-11-04T09:30:11Z,No
['GEM/2025/B/6709627'],"Repair, Maintenance, and Installation of Plant/ Systems/Equipments (Version 2) - Thermal Power Plan",[1],Energy and Petro Chemicals Department Gujarat,2025-11-04T09:42:11Z,2025-11-04T09:42:11Z,No
['GEM/2025/B/6852446'],"Asprin 150 mg tab,Pheniramine maleate 25 mg tab,Naproxen 250 mg tab,Clopidogrel 75 mg tab,Betahisti",[35764],Ministry of Defence Department of Military Affairs,2025-11-03T18:35:25Z,2025-11-03T18:35:25Z,No
['GEM/2025/B/6852326'],Monthly Basis Cab & Taxi Hiring Services - MUV; 2500 km x 320 hours; Outstation 24*7,[1],Ministry of Railways Indian Railways,2025-11-03T18:32:09Z,2025-11-03T18:32:09Z,No
['GEM/2025/B/6847961'],Calcium Chloride (ONGC),[30000],Energy and Petro Chemicals Department Gujarat,2025-11-03T18:40:37Z,2025-11-03T18:40:37Z,No
['GEM/2025/B/6848476'],Facility Management Services - LumpSum Based - Procurement of Tractor with Loader and Tractor for M,[1],Urban Development and Urban Housing Department Gujarat,2025-11-01T21:39:32Z,2025-11-01T21:39:32Z,No
['GEM/2025/B/6848478'],Customized AMC/CMC for Pre-owned Products - AMC AND CMC for Pre-owned Vehicles of MMC; AMC AND CMC ,[1],Urban Development and Urban Housing Department Gujarat,2025-11-01T21:47:30Z,2025-11-01T21:47:30Z,No
['GEM/2025/B/6805014'],"shoes school pvc boys  girls,socks",[1840],Tribal Development Department Gujarat,2025-10-17T18:20:09Z,2025-10-17T18:20:09Z,No
['GEM/2025/B/6777103'],Customized AMC/CMC for Pre-owned Products - Environmental lab Equipment; --; Comprehensive Maintena,[3],Education Department Gujarat,2025-10-10T16:09:33Z,2025-10-10T16:09:33Z,No
['GEM/2025/B/6776617'],Customized AMC/CMC for Pre-owned Products - Surveying instruments; --; Comprehensive Maintenance Co,[20],Education Department Gujarat,2025-10-10T15:27:31Z,2025-10-10T15:27:31Z,No
['GEM/2025/B/6750880'],Steel Shelving Cabinets (Adjustable Type) confirming to IS 3312 (V4),[1],Labour and Employment Department Gujarat,2025-10-03T16:14:11Z,2025-10-03T16:14:11Z,No
['GEM/2025/B/6457700'],Operation And Maintenance Of Switchyard - AS PER ATC,[1],Energy and Petro Chemicals Department Gujarat,2025-09-06T14:36:04Z,2025-09-06T14:36:04Z,No
['GEM/2025/B/6825859'],NON GMDSS PORTABLE VHF RADIO GP338/R7 UPGRADE VERSION,[5],Ministry of Defence Department of Defence,2025-11-02T10:15:15Z,2025-11-02T10:15:15Z,No
['GEM/2025/B/6825872'],ACVR SYSTEM CONTACTOR 115 AMP,[2],Ministry of Defence Department of Defence,2025-11-02T10:56:34Z,2025-11-02T10:56:34Z,No
['GEM/2025/B/6848667'],"STEARING PUMP,ARMATURE ASSY,FD COIL ASSY,BUSH,RELAY 24V,SLEEVE CYLINDER ASSY",[7],Ministry of Defence Department of Military Affairs,2025-11-02T12:19:00Z,2025-11-02T12:19:00Z,No
['GEM/2025/B/6854847'],Tarpaulins (CMPDI),[6],Ministry of Defence Department of Military Affairs,2025-11-04T13:40:25Z,2025-11-04T13:40:25Z,No
['GEM/2025/B/6854641'],"Garden Swings,Outdoor Slide (V2),Garden Swings,Outdoor Slide (V2),Play Ground Merry Go Round  (V2),",[12],Sports Youth and Cultural Activities Department Gujarat,2025-11-04T13:39:34Z,2025-11-04T13:39:34Z,No
['GEM/2025/B/6853775'],Microscope - Slides (V2) conforming to IS 3099 (Part 2),[2000],Health & Family Welfare Department Gujarat,2025-11-04T13:38:52Z,2025-11-04T13:38:52Z,No
['GEM/2025/B/6807745'],Safety Relief Valves- Spring Loaded,[10],Ministry of Petroleum and Natural Gas NA,2025-10-18T15:52:06Z,2025-10-18T15:52:06Z,No
['GEM/2025/B/6763148'],Facility Management Services - LumpSum Based - Any; ARC OF Electrical; Cost of consumable to be rei,[1],Industries and Mines Department Gujarat,2025-10-07T17:04:39Z,2025-10-07T17:04:39Z,No
['GEM/2025/B/6314992'],Blast Freezer,[3],Health & Family Welfare Department Gujarat,2025-06-20T12:45:00Z,2025-06-20T12:45:00Z,No
['GEM/2025/B/6854918'],Selectorized Bicep Curl Machine,[2],Agriculture and Co-operation Department Gujarat,2025-11-04T13:51:42Z,2025-11-04T13:51:42Z,No
['GEM/2025/B/6854908'],Reverse Osmosis based Water Treatment System above 50 LPH Capacity (V2),[8],Panchayats and Rural Housing Department Gujarat,2025-11-04T13:52:17Z,2025-11-04T13:52:17Z,No
['GEM/2025/B/6853563'],Security Manpower Service (Version 2.0) - Office/Commercial/Institutions/ Residential; Unarmed Secu,[10],Labour and Employment Department Gujarat,2025-11-04T13:50:24Z,2025-11-04T13:50:24Z,No
['GEM/2025/B/6835286'],"Arduino Board,LED or TFT Display for Unit with connection work to main PCB,Circuit Board with feedb",[6],Ministry of Defence Department of Military Affairs,2025-11-04T13:56:21Z,2025-11-04T13:56:21Z,No
['GEM/2025/B/6849517'],Tracksuit,[18],Home Department Gujarat,2025-11-03T20:04:01Z,2025-11-03T20:04:01Z,No
['GEM/2025/B/6852701'],Custom Bid for Services - Expansion of IoT-based Energy Management System (EnMS) for Comprehensive ,[1],Ministry of Petroleum and Natural Gas Bharat Petroleum Corporation Ltd,2025-11-03T20:26:12Z,2025-11-03T20:26:12Z,No
['GEM/2025/B/6748579'],Servers (V2),[1],Ministry of Defence Department of Military Affairs,2025-10-25T20:36:36Z,2025-10-25T20:36:36Z,No
['GEM/2025/B/6852325'],Manpower Outsourcing Services - Fixed Remuneration - Admin; Clerk; Graduate,[1],Women and Child Development Department Gujarat,2025-11-03T18:27:25Z,2025-11-03T18:27:25Z,No
['GEM/2025/B/6852025'],"Catering service (Event Based) - Lunch; Veg; Regular Buffet,Catering service (Event Based) - Snacks",[3000],Agriculture and Co-operation Department Gujarat,2025-11-03T18:23:21Z,2025-11-03T18:23:21Z,No
['GEM/2025/B/6852260'],"Paper Carry Bag,Paper Carry Bag,Paper Carry Bag",[90000],Agriculture and Co-operation Department Gujarat,2025-11-03T18:00:45Z,2025-11-03T18:00:45Z,No
['GEM/2025/B/6852157'],Solar Micro Pumping Systems as per MNRE Specification,[6],Forests and Environment Department Gujarat,2025-11-03T18:08:45Z,2025-11-03T18:08:45Z,No
['GEM/2025/B/6852046'],Hiring of Consultancy Services - Percentage based - As per ATC; As per ATC; No; Hybrid(As specified,[1],Rural Development Department Gujarat,2025-11-03T18:04:27Z,2025-11-03T18:04:27Z,No
['GEM/2025/B/6846235'],Permeable Nonwoven Surgical Adhesive Tape,[3000],Health & Family Welfare Department Gujarat,2025-11-03T18:07:57Z,2025-11-03T18:07:57Z,No
['GEM/2025/B/6846092'],Disposable Sanitary Napkin ISI Marked to IS 5405,[150000],Health & Family Welfare Department Gujarat,2025-11-03T18:09:09Z,2025-11-03T18:09:09Z,No
['GEM/2025/B/6698762'],"Hiring of Social Media Agency - Content creation, Content response and content moderation, Campaign",[24],Education Department Gujarat,2025-09-18T13:04:10Z,2025-09-18T13:04:10Z,No
['GEM/2025/B/6847270'],"Manpower Outsourcing Services - Minimum wage - Skilled; Secondary School; Others,Manpower Outsourci",[11],Social Justice and Empowerment Department Gujarat,2025-11-03T11:55:28Z,2025-11-03T11:55:28Z,No
['GEM/2025/B/6806918'],"Entry and Mid Level Desktop Computer,Entry and Mid Level Desktop Computer,Computer Printer (V2),Mul",[20],Panchayats and Rural Housing Department Gujarat,2025-10-18T17:04:42Z,2025-10-18T17:04:42Z,No
['GEM/2025/B/6797361'],Facility Management Services - LumpSum Based - Cooking utensils; Cooking utensils; Consumables to b,[1],Panchayats and Rural Housing Department Gujarat,2025-11-03T11:48:43Z,2025-11-03T11:48:43Z,No
['GEM/2025/B/6849308'],Household Refrigerating Appliances as per IS 17550,[1],Health & Family Welfare Department Gujarat,2025-11-03T10:41:10Z,2025-11-03T10:41:10Z,No
['GEM/2025/B/6838562'],Garbage Bags,[2000],Education Department Gujarat,2025-11-03T10:44:54Z,2025-11-03T10:44:54Z,No
['GEM/2025/B/6818670'],Warehousing Service - Per MT Basis - Food grain storage; Dry /normal warehouse.; Godown with servic,[1],Ministry of Consumer Affairs Food and Public Distribution Department of Food and Public Distribution,2025-10-23T21:18:06Z,2025-10-23T21:18:06Z,No
['GEM/2025/B/6756832'],Paper-based Printing Services - Printing with Material; Pocket Diary; Offset,[2000],Education Department Gujarat,2025-11-03T10:58:49Z,2025-11-03T10:58:49Z,No
['GEM/2025/B/6840014'],Metal Storage Bins,[1],Education Department Gujarat,2025-11-03T10:58:58Z,2025-11-03T10:58:58Z,No
['GEM/2025/B/6838828'],Hiring of Agency for IT Projects- Milestone basis,[1],Ports and Transport Department Gujarat,2025-11-03T10:59:30Z,2025-11-03T10:59:30Z,No
['GEM/2025/B/6857134'],Customized AMC/CMC for Pre-owned Products - Service for Comprehensive Annual Maintenance of Canon M,[1],Ministry of Petroleum and Natural Gas HPCL LNG LIMITED,2025-11-04T21:06:12Z,2025-11-04T21:06:12Z,No
['GEM/2025/B/6839074'],DEFIBRILLATOR MONITOR WITH FACILITY FOR EXTERNAL PACING,[1],Ministry of Defence Department of Defence,2025-11-04T22:24:56Z,2025-11-04T22:24:56Z,No
['GEM/2025/B/6812304'],Manpower Outsourcing Services - Minimum wage - Skilled; High School; Admin,[9],Ministry of Defence Department of Defence,2025-11-04T22:22:37Z,2025-11-04T22:22:37Z,No
['GEM/2025/B/6808155'],Milk Supply Services,[1980],Social Justice and Empowerment Department Gujarat,2025-10-18T17:50:39Z,2025-10-18T17:50:39Z,No
['GEM/2025/B/6793246'],Cotton Bag (Election Commission Department) as per IS 1424,[1900],Revenue Department Gujarat,2025-10-18T16:09:30Z,2025-10-18T16:09:30Z,No
['GEM/2025/B/6790672'],Demulsifier for low temperature application,[1],Ministry of Petroleum and Natural Gas INDIAN OIL CORPORATION LIMITED,2025-10-16T15:00:50Z,2025-10-16T15:00:50Z,No
['GEM/2025/B/6784977'],LED Luminaire for Road and Street Lights (V2) Conforming to IS 10322 (Part 5 / Section 3),[106],Panchayats and Rural Housing Department Gujarat,2025-10-13T17:34:04Z,2025-10-13T17:34:04Z,No
['GEM/2025/B/6782851'],Fourier Transform Infra Red (FTIR) Spectrometer,[1],Education Department Gujarat,2025-10-15T16:04:59Z,2025-10-15T16:04:59Z,No
['GEM/2025/B/6730934'],Current Impulse & Reference Voltage Test Setup for 11kV LA,[1],Energy and Petro Chemicals Department Gujarat,2025-10-14T11:17:40Z,2025-10-14T11:17:40Z,No
['GEM/2025/B/6714267'],"Compression Testing Machine(Mecl)-IS:516, IS: 14858",[1],Education Department Gujarat,2025-10-14T16:43:34Z,2025-10-14T16:43:34Z,No
['GEM/2025/B/6791152'],Entry and Mid Level Desktop Computer,[25],Education Department Gujarat,2025-11-04T12:30:42Z,2025-11-04T12:30:42Z,No
['GEM/2025/B/6791145'],High End Laptop - Notebook,[5],Education Department Gujarat,2025-11-04T12:31:12Z,2025-11-04T12:31:12Z,No
['GEM/2025/B/6854728'],Lighting Pole or Post and Hardware - Tubular Street Light Poles (V2),[2],Panchayats and Rural Housing Department Gujarat,2025-11-04T13:27:17Z,2025-11-04T13:27:17Z,No
['GEM/2025/B/6854666'],Self - Contained Drinking Water Coolers (V3) as per IS 1475,[5],Agriculture and Co-operation Department Gujarat,2025-11-04T13:15:10Z,2025-11-04T13:15:10Z,No
['GEM/2025/B/6854665'],Fogging Machine (V2) as per IS 14855 (Part 1),[2],Urban Development and Urban Housing Department Gujarat,2025-11-04T13:15:48Z,2025-11-04T13:15:48Z,No
['GEM/2025/B/6854621'],"Saw File as per IS 1931,Saw File as per IS 1931,Saw File as per IS 1931,Saw File as per IS 1931",[59],Labour and Employment Department Gujarat,2025-11-04T13:17:02Z,2025-11-04T13:17:02Z,No
['GEM/2025/B/6852755'],"Design, Supply, Installation, Commissioning and Maintenance of Grid Connected Roof Top Solar Power ",[1],Urban Development and Urban Housing Department Gujarat,2025-11-04T13:23:23Z,2025-11-04T13:23:23Z,No
['GEM/2025/B/6847749'],"Capacitors for Electric Fan Motors as per IS 1709 (V2),Capacitors for Electric Fan Motors as per IS",[39],Labour and Employment Department Gujarat,2025-11-04T13:19:33Z,2025-11-04T13:19:33Z,No
['GEM/2025/B/6816317'],"All in One Sound Camera Mic Bar,Mic Track Camera,Bluetooth Speaker Bar,HDMI Cable 10 metre,Audio Di",[5],Ministry of Civil Aviation Airports Authority of India (AAI),2025-10-23T16:31:33Z,2025-10-23T16:31:33Z,No
['GEM/2025/B/6855018'],Custom Bid for Services - appointment of qualified medical practitioner for management of Occupatio,[1],Ministry of Petroleum and Natural Gas Bharat Petroleum Corporation Ltd,2025-11-04T14:11:49Z,2025-11-04T14:11:49Z,No
['GEM/2025/B/6829430'],"DC Motor with pulley and wire rope,Iron Stand for motor,SMT for Opening,DC Reverse and forward swit",[10],Ministry of Defence Department of Military Affairs,2025-11-04T14:10:12Z,2025-11-04T14:10:12Z,No
['GEM/2025/B/6792839'],Digital Trainer Kit,[9],Education Department Gujarat,2025-11-04T14:12:39Z,2025-11-04T14:12:39Z,No
['GEM/2025/B/6749033'],Handheld 3D Surface Scanner,[1],Ministry of Home Affairs Women Safety Division,2025-10-10T18:06:04Z,2025-10-10T18:06:04Z,No
['GEM/2025/B/6855194'],Manpower Outsourcing Services - Minimum wage - Unskilled; Not Required; Others,[1],Ministry of Finance Department of Revenue,2025-11-04T14:40:12Z,2025-11-04T14:40:12Z,No
['GEM/2025/B/6855162'],Plasticized PVC Tapes with Non-Thermosetting Adhesive for electrical purpose (V2) ISI marked to IS ,[10000],Ministry of Railways Indian Railways,2025-11-04T14:41:02Z,2025-11-04T14:41:02Z,No
['GEM/2025/B/6855143'],Monthly Basis Cab & Taxi Hiring Services - MUV; 3410 KM; Outstation 24*7,[1],Women and Child Development Department Gujarat,2025-11-04T14:41:54Z,2025-11-04T14:41:54Z,No
['GEM/2025/B/6851724'],"Cleaning, Sanitation and Disinfection Service - Outcome Based - Office/Commercial/Institutions/Resi",[83173],Education Department Gujarat,2025-11-04T14:44:53Z,2025-11-04T14:44:53Z,No
['GEM/2025/B/6702330'],LED Luminaire for Floodlight (V2) Conforming to IS 10322 (Part 5/Section 5),[100],Energy and Petro Chemicals Department Gujarat,2025-10-14T09:56:17Z,2025-10-14T09:56:17Z,No
['GEM/2025/B/6649017'],Telescopic Logging Mast,[1],Ministry of Petroleum and Natural Gas NA,2025-09-05T15:18:27Z,2025-09-05T15:18:27Z,No
['GEM/2025/B/6855284'],Monthly Basis Cab & Taxi Hiring Services - MUV; 3410 KM; Outstation 24*7,[1],Women and Child Development Department Gujarat,2025-11-04T14:58:39Z,2025-11-04T14:58:39Z,No
['GEM/2025/B/6856439'],Event or Seminar or Workshop or Exhibition or Expo Management Service - National; Daxin Zone Level ,[1],Sports Youth and Cultural Activities Department Gujarat,2025-11-04T17:39:00Z,2025-11-04T17:39:00Z,No
['GEM/2025/B/6856414'],Electric Cabling Service - TENDER FOR PROVIDING AND SUPPLYING AND INSTALLATION HIGH MAST POLE; AT T,[1],Urban Development and Urban Housing Department Gujarat,2025-11-04T17:31:18Z,2025-11-04T17:31:18Z,No
['GEM/2025/B/6856272'],Electrical Terminals as per IS 8309,[1800],Energy and Petro Chemicals Department Gujarat,2025-11-04T17:40:46Z,2025-11-04T17:40:46Z,No
['GEM/2025/B/6856247'],Manpower Outsourcing Services - Minimum wage - Unskilled; High School; Others,[3],Social Justice and Empowerment Department Gujarat,2025-11-04T17:31:15Z,2025-11-04T17:31:15Z,No
['GEM/2025/B/6855914'],Ferrule Printer,[2],Ministry of Civil Aviation Airports Authority of India (AAI),2025-11-04T17:40:42Z,2025-11-04T17:40:42Z,No
['GEM/2025/B/6852012'],Monthly Basis Cab & Taxi Hiring Services - SUV; 2000 km x 320 hours; Local 24*7,[2],Ministry of Finance Department of Revenue,2025-11-04T17:37:47Z,2025-11-04T17:37:47Z,No
['GEM/2025/B/6716163'],Refined Wheat Flour (Maida) (V2) (Defence),[29700],Ministry of Defence Department of Military Affairs,2025-11-04T17:35:56Z,2025-11-04T17:35:56Z,No
['GEM/2025/B/6856621'],"Sanitary Napkins Incinetator Machine with Smoke Control Unit,Sanitary Napkins Vending Machines",[50],Education Department Gujarat,2025-11-04T17:55:06Z,2025-11-04T17:55:06Z,No
['GEM/2025/B/6856614'],"Manpower Outsourcing Services - Minimum wage - Skilled; Secondary School; Others,Manpower Outsourci",[28],Narmada Water Resources Water Supply and Kalpsar Department Gujarat,2025-11-04T17:47:40Z,2025-11-04T17:47:40Z,No
['GEM/2025/B/6856569'],Catering service (Duration Based) - Veg; Lunch; Special Thali,[600],Panchayats and Rural Housing Department Gujarat,2025-11-04T17:50:06Z,2025-11-04T17:50:06Z,No
['GEM/2025/B/6579749'],"Custom Bid for Services - Total Cost of Manpower,Custom Bid for Services - Total Cost of Consumable",[2],PMO Department of Atomic Energy,2025-10-14T12:17:23Z,2025-10-14T12:17:23Z,No
['GEM/2025/B/6850465'],Plain Copier Paper (V3) ISI Marked to IS 14490,[500],Energy and Petro Chemicals Department Gujarat,2025-11-03T13:19:57Z,2025-11-03T13:19:57Z,No
['GEM/2025/B/6850362'],"Overhead Chain Conveyor for 5 Kg Cylinder,Installation of Overhead Conveyor System,Supply and Insta",[504],Ministry of Petroleum and Natural Gas NA,2025-11-03T13:18:33Z,2025-11-03T13:18:33Z,No
['GEM/2025/B/6848185'],Manpower Outsourcing Services - Minimum wage - Unskilled; Secondary School; Others,[2],Urban Development and Urban Housing Department Gujarat,2025-11-03T13:20:01Z,2025-11-03T13:20:01Z,No
['GEM/2025/B/6843963'],"SIDE MOUNTED MAGNETIC LEVEL INDICATOR,SIDE MOUNTED LEVEL SWITCH,4 Way valve Flange Size,FLP Pressur",[18],Ministry of Petroleum and Natural Gas NA,2025-10-31T14:18:34Z,2025-10-31T14:18:34Z,No
['GEM/2025/B/6841492'],"All in One PC (V2),Multifunction Machine MFM (V2)",[13],Panchayats and Rural Housing Department Gujarat,2025-11-03T13:19:12Z,2025-11-03T13:19:12Z,No
['GEM/2025/B/6840276'],Manpower Outsourcing Services - Man-days based - As mentioned in the tender; Skilled; As mentioned ,[630],Ministry of Petroleum and Natural Gas NA,2025-10-30T15:21:15Z,2025-10-30T15:21:15Z,No
['GEM/2025/B/6837697'],Custom Bid for Services - TANK PAINTING WORKS AT HPCL KANDLA TERMINAL,[1],Ministry of Petroleum and Natural Gas NA,2025-10-30T06:17:46Z,2025-10-30T06:17:46Z,No
['GEM/2025/B/6833094'],"FR– Coverall,Inner Cotton T Shirt,Thermal Wear",[3846],Ministry of Petroleum and Natural Gas NA,2025-10-28T17:57:55Z,2025-10-28T17:57:55Z,No
['GEM/2025/B/6809153'],"Custom Bid for Services - MECHANICAL SERVICES SKILLED,Custom Bid for Services - Maintenance & Clean",[17],Ministry of Petroleum and Natural Gas NA,2025-10-20T11:34:51Z,2025-10-20T11:34:51Z,No
['GEM/2025/B/6841426'],Repair and Overhauling Service - Split Air Conditioner including Green AC; Voltas; Yes; Buyer Premi,[1],Ministry of Defence Department of Military Affairs,2025-11-04T18:05:31Z,2025-11-04T18:05:31Z,No
['GEM/2025/B/6743733'],Leasing in of Commercial Properties - Dispensary; Wet Lease (maintenance to be borne by lessor); up,[1],Ministry of Labour and Employment NA,2025-10-14T16:06:44Z,2025-10-14T16:06:44Z,No
['GEM/2025/B/6702938'],"Bearing 22234,Bearing 46790/46720,Bearing 22232,Bearing 22210,Bearing 23152,Bearing 22226,Bearing A",[54],Ministry of Petroleum and Natural Gas NA,2025-11-03T17:25:37Z,2025-11-03T17:25:37Z,No
['GEM/2025/B/6835384'],"Custom Bid for Services - Manpower based composite mechanized cleaning including rag picking, garba",[1],Ministry of Railways Indian Railways,2025-11-04T18:52:15Z,2025-11-04T18:52:15Z,No
['GEM/2025/B/6553376'],3 Part Automated Hematology Analyzer (V2),[15],Panchayats and Rural Housing Department Gujarat,2025-09-04T15:06:35Z,2025-09-04T15:06:35Z,No
['GEM/2025/B/6856798'],Monthly Basis Cab & Taxi Hiring Services - MUV; 2000 km x 320 hours; Local 24*7,[12],Panchayats and Rural Housing Department Gujarat,2025-11-04T18:35:33Z,2025-11-04T18:35:33Z,No
['GEM/2025/B/6856731'],Monthly Basis Cab & Taxi Hiring Services - MUV; 2000 km x 320 hours; Local 24*7,[6],Panchayats and Rural Housing Department Gujarat,2025-11-04T18:34:25Z,2025-11-04T18:34:25Z,No
['GEM/2025/B/6856681'],Baby Care Kit (ICDS),[500],Women and Child Development Department Gujarat,2025-11-04T18:24:51Z,2025-11-04T18:24:51Z,No
['GEM/2025/B/6856592'],Manpower Outsourcing Services - Minimum wage - Skilled; High School; Others,[3],Revenue Department Gujarat,2025-11-04T18:25:50Z,2025-11-04T18:25:50Z,No
['GEM/2025/B/6852286'],"Whole Gram,Horse Ration (JAV),Himalayan Pink Rock salt",[26070],Home Department Gujarat,2025-11-04T18:25:47Z,2025-11-04T18:25:47Z,No
['GEM/2025/B/6701863'],"Tractors (V1),Agricultural Trailer Complying to AIS 112",[2],Panchayats and Rural Housing Department Gujarat,2025-09-18T22:12:20Z,2025-09-18T22:12:20Z,No
['GEM/2025/B/6859949'],Pneumatic Tyres For Passenger Car Vehicles - Diagonal And Radial Ply Marked to IS 15633,[52],Home Department Gujarat,2025-11-06T11:42:58Z,2025-11-06T11:42:58Z,No
['GEM/2025/B/6859829'],"Cleaning, Sanitation and Disinfection Service - Outcome Based - Office/Commercial/Institutions/Resi",[9422],Labour and Employment Department Gujarat,2025-11-06T11:31:50Z,2025-11-06T11:31:50Z,No
['GEM/2025/B/6803510'],Patient Bed (Fowler),[5],Ministry of Defence Department of Defence,2025-11-06T11:24:05Z,2025-11-06T11:24:05Z,No
['GEM/2025/B/6503894'],Procurement of Advanced Pulmonary Function Test Machine,[10],Ministry of Health and Family Welfare Department of Health and Family Welfare,2025-09-15T10:16:05Z,2025-09-15T10:16:05Z,No
['GEM/2025/B/6859987'],Repair and Overhauling Service - REPAIR OF DC GPU 24/28 V AVISH; REPAIR OF DC GPU 24/28 V AVISH; Ye,[1],Ministry of Defence Department of Military Affairs,2025-11-06T11:23:11Z,2025-11-06T11:23:11Z,No
['GEM/2025/B/6859974'],Agricultural Trailer Complying to AIS 112,[1],Panchayats and Rural Housing Department Gujarat,2025-11-06T11:24:40Z,2025-11-06T11:24:40Z,No
['GEM/2025/B/6859937'],Repair and Overhauling Service - SUPPLY OF MT SPARES; MT SPARES; Yes; Buyer Premises,[1],Ministry of Defence Department of Military Affairs,2025-11-06T11:18:55Z,2025-11-06T11:18:55Z,No
['GEM/2025/B/6859913'],"Automotive Vehicles - Retro - Reflective Sheets and Tapes (Traffic Safety) as per IS 14221,Automoti",[17],Ports and Transport Department Gujarat,2025-11-06T11:16:35Z,2025-11-06T11:16:35Z,No
['GEM/2025/B/6859906'],Pole-Mounted Outdoor Dustbin,[46],Panchayats and Rural Housing Department Gujarat,2025-11-06T11:17:02Z,2025-11-06T11:17:02Z,No
['GEM/2025/B/6856439'],Event or Seminar or Workshop or Exhibition or Expo Management Service - National; Daxin Zone Level ,[1],Sports Youth and Cultural Activities Department Gujarat,2025-11-04T17:39:00Z,2025-11-04T17:39:00Z,No
['GEM/2025/B/6856414'],Electric Cabling Service - TENDER FOR PROVIDING AND SUPPLYING AND INSTALLATION HIGH MAST POLE; AT T,[1],Urban Development and Urban Housing Department Gujarat,2025-11-04T17:31:18Z,2025-11-04T17:31:18Z,No
['GEM/2025/B/6856272'],Electrical Terminals as per IS 8309,[1800],Energy and Petro Chemicals Department Gujarat,2025-11-04T17:40:46Z,2025-11-04T17:40:46Z,No
['GEM/2025/B/6856247'],Manpower Outsourcing Services - Minimum wage - Unskilled; High School; Others,[3],Social Justice and Empowerment Department Gujarat,2025-11-04T17:31:15Z,2025-11-04T17:31:15Z,No
['GEM/2025/B/6855914'],Ferrule Printer,[2],Ministry of Civil Aviation Airports Authority of India (AAI),2025-11-04T17:40:42Z,2025-11-04T17:40:42Z,No
['GEM/2025/B/6709334'],Customized AMC/CMC for Pre-owned Products - Scientific Instruments; As mentioned in the ATC documen,[1],Science and Technology Department Gujarat,2025-10-07T13:43:23Z,2025-10-07T13:43:23Z,No
['GEM/2025/B/6699989'],Automated Microbial Identification and Characterization System,[1],Science and Technology Department Gujarat,2025-10-06T12:17:47Z,2025-10-06T12:17:47Z,No
['GEM/2025/B/6860894'],Reverse Osmosis based Water Treatment System above 50 LPH Capacity (V2),[5],Panchayats and Rural Housing Department Gujarat,2025-11-06T13:13:39Z,2025-11-06T13:13:39Z,No
['GEM/2025/B/6860780'],"Manpower Outsourcing Services - Minimum wage - Unskilled; Secondary School; Others,Manpower Outsour",[5],Health & Family Welfare Department Gujarat,2025-11-06T13:13:04Z,2025-11-06T13:13:04Z,No
['GEM/2025/B/6860578'],Baby Care Kit (ICDS),[475],Women and Child Development Department Gujarat,2025-11-06T13:06:23Z,2025-11-06T13:06:23Z,No
['GEM/2025/B/6860572'],Customized AMC/CMC for Pre-owned Products - ICPMS & Accessories; Agilent; Comprehensive Maintenance,[1],Narmada Water Resources Water Supply and Kalpsar Department Gujarat,2025-11-06T13:14:14Z,2025-11-06T13:14:14Z,No
['GEM/2025/B/6860443'],Solid Cushion Tyres (V3),[100],Home Department Gujarat,2025-11-06T13:02:54Z,2025-11-06T13:02:54Z,No
['GEM/2025/B/6850532'],General Purpose Hand Gloves (V2),[4000],Agriculture and Co-operation Department Gujarat,2025-11-03T15:43:06Z,2025-11-03T15:43:06Z,No
['GEM/2025/B/6837114'],Monthly Basis Cab & Taxi Hiring Services - MUV; 2500 km x 320 hours; Local 24*7,[1],Panchayats and Rural Housing Department Gujarat,2025-11-06T13:03:40Z,2025-11-06T13:03:40Z,No
['GEM/2025/B/6776092'],C Arm Fluoroscope X - Ray Machine (V2),[1],Health & Family Welfare Department Gujarat,2025-10-10T13:55:59Z,2025-10-10T13:55:59Z,No
['GEM/2025/B/6767057'],"Wooden Lab Stools,Classroom Stools",[400],Education Department Gujarat,2025-10-18T14:50:10Z,2025-10-18T14:50:10Z,No
['GEM/2025/B/6860976'],Online UPS (>10 KVA) With Battery,[1],Ministry of Defence Department of Military Affairs,2025-11-06T13:23:42Z,2025-11-06T13:23:42Z,No
['GEM/2025/B/6849033'],"Canteen Service - Best Price  on Fixed Menu Rate Model - Vegetarian; Breakfast, Lunch, Dinner; Outs",[1],Tribal Development Department Gujarat,2025-11-06T13:21:52Z,2025-11-06T13:21:52Z,No
['GEM/2025/B/6861076'],Dot Matrix Printers (V2),[2],Energy and Petro Chemicals Department Gujarat,2025-11-06T13:38:59Z,2025-11-06T13:38:59Z,No
['GEM/2025/B/6861039'],"Alternater Belt,Timing Belt,Clutch Plate,4 x 4 Cable,Bty Cut Off Switch,Pipe Assy Air Supply,radiat",[20],Ministry of Defence Department of Military Affairs,2025-11-06T13:30:32Z,2025-11-06T13:30:32Z,No
['GEM/2025/B/6861016'],MRSAM 225KVA BATTERY (CUMMINS PLUS LIGHT 12V 100AH),[8],Ministry of Defence Department of Military Affairs,2025-11-06T13:31:13Z,2025-11-06T13:31:13Z,No
['GEM/2025/B/6861005'],Manpower Outsourcing Services - Minimum wage - Unskilled; High School; Others,[1],Panchayats and Rural Housing Department Gujarat,2025-11-06T13:38:23Z,2025-11-06T13:38:23Z,No
['GEM/2025/B/6860888'],Manpower Outsourcing Services - Minimum wage - Unskilled; Not Required; Others,[3],Education Department Gujarat,2025-11-06T13:41:57Z,2025-11-06T13:41:57Z,No
['GEM/2025/B/6860851'],"Azibact 500mg,Dolo 650mg,Disprin,Sorbitrate 5mg,Pantoprazole 40mg,Sinarest,Citrazine 10mg,Cyclopam,",[27380],Ministry of Home Affairs Central Armed Police Forces,2025-11-06T13:31:11Z,2025-11-06T13:31:11Z,No
['GEM/2025/B/6861189'],Manpower Outsourcing Services - Minimum wage - Unskilled; Not Required; Others,[2],Panchayats and Rural Housing Department Gujarat,2025-11-06T13:56:35Z,2025-11-06T13:56:35Z,No
['GEM/2025/B/6861119'],"Spring Brake Booster,Crank Shaft Oil Seal,Fuel Filter Cartridge,Diffrential Oil Seal,Axle Tube Oil ",[18],Ministry of Defence Department of Military Affairs,2025-11-06T13:46:12Z,2025-11-06T13:46:12Z,No
['GEM/2025/B/6860977'],Facility Management Services - LumpSum Based - Commercial; FIRE FIGHTING SYSTEM; Consumables to be ,[1],Labour and Employment Department Gujarat,2025-11-06T13:49:21Z,2025-11-06T13:49:21Z,No
['GEM/2025/B/6860923'],Digital Hand-held VHF Transceiver as per MHA QR,[20],Forests and Environment Department Gujarat,2025-11-06T13:57:22Z,2025-11-06T13:57:22Z,No
['GEM/2025/B/6849581'],Deep freezer,[1],Agriculture and Co-operation Department Gujarat,2025-11-03T11:21:02Z,2025-11-03T11:21:02Z,No
['GEM/2025/B/6620541'],Single Operator AC and DC Arc Welding Transformers GTAW Welding Machine as per IS 6008,[12],Labour and Employment Department Gujarat,2025-09-09T20:08:01Z,2025-09-09T20:08:01Z,No
['GEM/2025/B/6844645'],Custom Bid for Services - 9030C25D14 Expert supervisory services from OEM MS AERZEN MACHINES INDIA ,[1],Ministry of Petroleum and Natural Gas INDIAN OIL CORPORATION LIMITED,2025-11-04T16:47:44Z,2025-11-04T16:47:44Z,No
['GEM/2025/B/6840834'],"Paper-based Printing Services - Printing with Material; Certificate; Digital,Paper-based Printing S",[1620000],Revenue Department Gujarat,2025-11-04T16:52:05Z,2025-11-04T16:52:05Z,No
['GEM/2025/B/6796172'],Swipe Paper (Coarse filter paper) Bundle,[10000],PMO Department of Atomic Energy,2025-11-04T16:47:30Z,2025-11-04T16:47:30Z,No
['GEM/2025/B/6787025'],"Supply of Actuators for Auto Foam Line MOV 150# 8 inch,Supply of Actuators for Foam Line MOV 150# 6",[10],Ministry of Petroleum and Natural Gas INDIAN OIL CORPORATION LIMITED,2025-10-15T14:31:52Z,2025-10-15T14:31:52Z,No
['GEM/2025/B/6740052'],"Temperature Calibrator,Pressure Calibrator High,Pressure Calibrator Low",[3],Ministry of Petroleum and Natural Gas NA,2025-11-03T17:12:59Z,2025-11-03T17:12:59Z,No
['GEM/2025/B/6480323'],Ultrasonic Level Transmitter,[2],Energy and Petro Chemicals Department Gujarat,2025-08-08T11:32:11Z,2025-08-08T11:32:11Z,No
['GEM/2025/B/6856326'],Servers (V2),[2],Education Department Gujarat,2025-11-04T17:12:05Z,2025-11-04T17:12:05Z,No
['GEM/2025/B/6856099'],"Operation and Maintenance Of Electrical Systems/Electrical Installations - SUPPLYING,INSTALLATION,T",[1],Urban Development and Urban Housing Department Gujarat,2025-11-04T17:02:44Z,2025-11-04T17:02:44Z,No
['GEM/2025/B/6855841'],Manpower Outsourcing Services - Fixed Remuneration - Healthcare; Veterinary Doctor; Graduate,[1],Panchayats and Rural Housing Department Gujarat,2025-11-04T17:02:18Z,2025-11-04T17:02:18Z,No
['GEM/2025/B/6852722'],Micro/Semi-Micro/Analytical weighing balance,[20],Agriculture and Co-operation Department Gujarat,2025-11-04T17:01:18Z,2025-11-04T17:01:18Z,No
['GEM/2025/B/6851335'],"1ST LOT 1 C X 4 SQ MM Cu 1.5 KV XLPO COPOLYMER HALOZEN FREE DC CABLE,2nd LOT 1 C X 4 SQ MM Cu 1.5 K",[3127000],Ministry of Heavy Industries and Public Enterprises Department of Heavy Industry,2025-11-04T17:05:38Z,2025-11-04T17:05:38Z,No
['GEM/2025/B/6849212'],Pneumatic impact wrenches,[5],Labour and Employment Department Gujarat,2025-11-04T17:14:49Z,2025-11-04T17:14:49Z,No
['GEM/2025/B/6849194'],AIR RATCHET WRENCH,[6],Labour and Employment Department Gujarat,2025-11-04T17:08:55Z,2025-11-04T17:08:55Z,No
['GEM/2025/B/6849191'],"Battery Charger, Heavy Duty",[2],Labour and Employment Department Gujarat,2025-11-04T17:04:49Z,2025-11-04T17:04:49Z,No
['GEM/2025/B/6829954'],Procurement of stbd main engine spares for ICGS C-152,[1],Ministry of Defence Department of Defence,2025-11-04T17:02:37Z,2025-11-04T17:02:37Z,No
['GEM/2025/B/6799626'],"Supply of Schaffner Make Line Filter, Model no- FN2080-6-06,Supply of Schaffner make Line Filter - ",[80],PMO Department of Atomic Energy,2025-11-04T17:02:17Z,2025-11-04T17:02:17Z,No
['GEM/2025/B/6644218'],"Operation & Maintenance of Data Centre Assets - Enterprise; Tier-1,Operation & Maintenance of Data ",[2],Urban Development and Urban Housing Department Gujarat,2025-09-08T11:30:44Z,2025-09-08T11:30:44Z,No
['GEM/2025/B/6541194'],Cyber Security Audit - Cost of GIGW 3 Compliance Audit and STQC Certification Coordination and issu,[1],Science and Technology Department Gujarat,2025-08-11T15:42:11Z,2025-08-11T15:42:11Z,No
['GEM/2025/B/6856897'],"Dslr / Compact / Handheld Camcorder Or Video Cameras (V2),Dslr / Compact / Handheld Camcorder Or Vi",[4],Agriculture and Co-operation Department Gujarat,2025-11-04T19:41:54Z,2025-11-04T19:41:54Z,No
['GEM/2025/B/6857013'],Custom Bid for Services - 478500,[1],Ministry of Defence Department of Military Affairs,2025-11-04T19:54:50Z,2025-11-04T19:54:50Z,No
['GEM/2025/B/6792839'],Digital Trainer Kit,[9],Education Department Gujarat,2025-11-04T14:12:39Z,2025-11-04T14:12:39Z,No
['GEM/2025/B/6749033'],Handheld 3D Surface Scanner,[1],Ministry of Home Affairs Women Safety Division,2025-10-10T18:06:04Z,2025-10-10T18:06:04Z,No
['GEM/2025/B/6855194'],Manpower Outsourcing Services - Minimum wage - Unskilled; Not Required; Others,[1],Ministry of Finance Department of Revenue,2025-11-04T14:40:12Z,2025-11-04T14:40:12Z,No
['GEM/2025/B/6855162'],Plasticized PVC Tapes with Non-Thermosetting Adhesive for electrical purpose (V2) ISI marked to IS ,[10000],Ministry of Railways Indian Railways,2025-11-04T14:41:02Z,2025-11-04T14:41:02Z,No
['GEM/2025/B/6855143'],Monthly Basis Cab & Taxi Hiring Services - MUV; 3410 KM; Outstation 24*7,[1],Women and Child Development Department Gujarat,2025-11-04T14:41:54Z,2025-11-04T14:41:54Z,No
['GEM/2025/B/6851724'],"Cleaning, Sanitation and Disinfection Service - Outcome Based - Office/Commercial/Institutions/Resi",[83173],Education Department Gujarat,2025-11-04T14:44:53Z,2025-11-04T14:44:53Z,No
['GEM/2025/B/6702330'],LED Luminaire for Floodlight (V2) Conforming to IS 10322 (Part 5/Section 5),[100],Energy and Petro Chemicals Department Gujarat,2025-10-14T09:56:17Z,2025-10-14T09:56:17Z,No
['GEM/2025/B/6649017'],Telescopic Logging Mast,[1],Ministry of Petroleum and Natural Gas NA,2025-09-05T15:18:27Z,2025-09-05T15:18:27Z,No
['GEM/2025/B/6855345'],Manpower Outsourcing Services - Man-days based - Others; Unskilled; Mazdoor/Labour,[2880],Narmada Water Resources Water Supply and Kalpsar Department Gujarat,2025-11-04T15:20:02Z,2025-11-04T15:20:02Z,No
['GEM/2025/B/6855048'],"Split Air Conditioner Including Green AC, Wall Mount Type (V2)",[3],Education Department Gujarat,2025-11-04T15:20:19Z,2025-11-04T15:20:19Z,No
['GEM/2025/B/6784977'],LED Luminaire for Road and Street Lights (V2) Conforming to IS 10322 (Part 5 / Section 3),[106],Panchayats and Rural Housing Department Gujarat,2025-10-13T17:34:04Z,2025-10-13T17:34:04Z,No
['GEM/2025/B/6782851'],Fourier Transform Infra Red (FTIR) Spectrometer,[1],Education Department Gujarat,2025-10-15T16:04:59Z,2025-10-15T16:04:59Z,No
['GEM/2025/B/6730934'],Current Impulse & Reference Voltage Test Setup for 11kV LA,[1],Energy and Petro Chemicals Department Gujarat,2025-10-14T11:17:40Z,2025-10-14T11:17:40Z,No
['GEM/2025/B/6714267'],"Compression Testing Machine(Mecl)-IS:516, IS: 14858",[1],Education Department Gujarat,2025-10-14T16:43:34Z,2025-10-14T16:43:34Z,No
['GEM/2025/B/6857314'],Calibration Services - CALIBRATION OF CRANE TROLLEY; CALIBRATION OF CRANE TROLLEY; CALIBRATION OF C,[2],Ministry of Defence Department of Military Affairs,2025-11-05T08:32:34Z,2025-11-05T08:32:34Z,No
['GEM/2025/B/6691469'],ELISA Reader (V2),[2],Health & Family Welfare Department Gujarat,2025-10-13T16:31:44Z,2025-10-13T16:31:44Z,No
['GEM/2025/B/6858010'],Auto Kerato Refractometer/ Auto Ref Keratometer,[1],Health & Family Welfare Department Gujarat,2025-11-05T12:36:38Z,2025-11-05T12:36:38Z,No
['GEM/2025/B/6737515'],"Pressure gauge,Gasket Complete Set,Fuel Filter,Push button,Washer,Fue Pipe,Oil Filter,Air Cleaner",[98],Ministry of Defence Department of Military Affairs,2025-09-28T11:17:13Z,2025-09-28T11:17:13Z,No
['GEM/2025/B/6858060'],Auto Refractometer (V2),[1],Health & Family Welfare Department Gujarat,2025-11-05T12:47:47Z,2025-11-05T12:47:47Z,No
['GEM/2025/B/6858000'],USB Type External Solid State Drive Capacity Greater than 256 GB,[10],Ministry of Defence Department of Military Affairs,2025-11-05T12:48:15Z,2025-11-05T12:48:15Z,No
['GEM/2025/B/6700245'],High-Content Screening system,[1],Science and Technology Department Gujarat,2025-10-06T12:26:35Z,2025-10-06T12:26:35Z,No
['GEM/2025/B/6700183'],whole-cell patch clamp apparatus,[1],Science and Technology Department Gujarat,2025-10-06T12:24:01Z,2025-10-06T12:24:01Z,No
['GEM/2025/B/6700085'],Real time metabolic flux analyzer,[1],Science and Technology Department Gujarat,2025-10-06T12:21:35Z,2025-10-06T12:21:35Z,No
['GEM/2025/B/6858561'],Monthly Basis Cab & Taxi Hiring Services - MUV; 3000 Km x 364 hours; Outstation 24*7,[1],Ministry of Railways Indian Railways,2025-11-05T15:52:49Z,2025-11-05T15:52:49Z,No
['GEM/2025/B/6858524'],Custom Bid for Services - PAINTING OF PETROLEUM PRODUCT PIPELINE NON-PETROLEUM PIPELINE AND OTHER F,[1],Ministry of Petroleum and Natural Gas GAIL India Limited,2025-11-05T15:52:57Z,2025-11-05T15:52:57Z,No
['GEM/2025/B/6858568'],Selection of Laboratories for Testing of Products/Material - Oil; As per tender documents; As per t,[1],Ministry of Petroleum and Natural Gas HPCL LNG LIMITED,2025-11-05T16:09:32Z,2025-11-05T16:09:32Z,No
['GEM/2025/B/6844730'],"Operation and Maintenance Of Electrical Systems/Electrical Installations - cleaning, shifting & ref",[1],Energy and Petro Chemicals Department Gujarat,2025-11-05T16:03:01Z,2025-11-05T16:03:01Z,No
['GEM/2025/B/6854662'],"Drill Bit Set,Set of Spanners,Wedges Hard Wood 150X75X25 MM,M Seal or Equivalent,Spanner Adjustable",[68],Ministry of Defence Department of Defence,2025-11-05T16:22:26Z,2025-11-05T16:22:26Z,No
['GEM/2025/B/6858544'],13th Gen or Higher CPU Desktop without Monitor,[30],Ministry of Finance Department of Financial Services,2025-11-05T16:33:11Z,2025-11-05T16:33:11Z,No
['GEM/2025/B/6794157'],Layer 3 - Access Switch,[2],Ministry of Defence Department of Military Affairs,2025-10-28T12:53:25Z,2025-10-28T12:53:25Z,No
['GEM/2025/B/6776779'],High End Desktop Computer,[250],Education Department Gujarat,2025-10-13T18:09:46Z,2025-10-13T18:09:46Z,No
['GEM/2025/B/6847270'],"Manpower Outsourcing Services - Minimum wage - Skilled; Secondary School; Others,Manpower Outsourci",[11],Social Justice and Empowerment Department Gujarat,2025-11-03T11:55:28Z,2025-11-03T11:55:28Z,No
['GEM/2025/B/6806918'],"Entry and Mid Level Desktop Computer,Entry and Mid Level Desktop Computer,Computer Printer (V2),Mul",[20],Panchayats and Rural Housing Department Gujarat,2025-10-18T17:04:42Z,2025-10-18T17:04:42Z,No
['GEM/2025/B/6797361'],Facility Management Services - LumpSum Based - Cooking utensils; Cooking utensils; Consumables to b,[1],Panchayats and Rural Housing Department Gujarat,2025-11-03T11:48:43Z,2025-11-03T11:48:43Z,No
['GEM/2025/B/6852112'],"Pliers, Pincers and Nippers as per IS 2615, IS 11526",[187],Energy and Petro Chemicals Department Gujarat,2025-11-03T17:25:05Z,2025-11-03T17:25:05Z,No
['GEM/2025/B/6852018'],Hopper Tipper Dumper for Garbage,[1],Urban Development and Urban Housing Department Gujarat,2025-11-03T17:29:28Z,2025-11-03T17:29:28Z,No
['GEM/2025/B/6851919'],Monthly Basis Cab & Taxi Hiring Services - Hatchback; 2500 km x 320 hours; Local,[1],Women and Child Development Department Gujarat,2025-11-03T17:15:18Z,2025-11-03T17:15:18Z,No
['GEM/2025/B/6813734'],"MCB - Miniature Circuit - Breakers for A.C. Operation as per IS / IEC 60898 (Part 1),MCB - Miniatur",[2144],Ministry of Defence Department of Military Affairs,2025-11-03T17:29:33Z,2025-11-03T17:29:33Z,No
['GEM/2025/B/6852149'],Monthly Basis Cab & Taxi Hiring Services - Hatchback; 2000 km x 320 hours; Local 24*7,[1],Panchayats and Rural Housing Department Gujarat,2025-11-03T17:53:58Z,2025-11-03T17:53:58Z,No
['GEM/2025/B/6851846'],"Submersible Pump Set (Three Phase) (V2) as per IS 8034:2018,Submersible Pump Starters (Motor starte",[3],Panchayats and Rural Housing Department Gujarat,2025-11-03T17:59:26Z,2025-11-03T17:59:26Z,No
['GEM/2025/B/6851337'],"Collection & Disposal Waste Management Service - Unloading, Collection, Transportation; Dry Waste",[18000],Panchayats and Rural Housing Department Gujarat,2025-11-03T17:58:55Z,2025-11-03T17:58:55Z,No
['GEM/2025/B/6782677'],"Tower Bolts (Non-Ferrous Metals) V2 as per IS 204,Tower Bolts (Non-Ferrous Metals) V2 as per IS 204",[1706],Ministry of Defence Department of Military Affairs,2025-11-03T17:47:35Z,2025-11-03T17:47:35Z,No
['GEM/2025/B/6759085'],Manpower Outsourcing Services - Fixed Remuneration - DISTRICT CONSULTANT (AADHAR); DISTRICT CONSULT,[16],Women and Child Development Department Gujarat,2025-10-07T12:26:13Z,2025-10-07T12:26:13Z,No
['GEM/2025/B/6759019'],Manpower Outsourcing Services - Fixed Remuneration - DISTRICT PSE CONSULTANT; DISTRICT PSE CONSULTA,[16],Women and Child Development Department Gujarat,2025-10-07T12:28:55Z,2025-10-07T12:28:55Z,No
['GEM/2025/B/6721129'],"Tower Bolts (Non-Ferrous Metals) V2 as per IS 204,Tower Bolts (Non-Ferrous Metals) V2 as per IS 204",[3143],Ministry of Defence Department of Military Affairs,2025-11-03T17:59:27Z,2025-11-03T17:59:27Z,No
['GEM/2025/B/6852223'],Plain Copier Paper (V3) ISI Marked to IS 14490,[100],Energy and Petro Chemicals Department Gujarat,2025-11-03T17:43:08Z,2025-11-03T17:43:08Z,No
['GEM/2025/B/6852160'],File/Folder (V3),[500],Energy and Petro Chemicals Department Gujarat,2025-11-03T17:30:40Z,2025-11-03T17:30:40Z,No
['GEM/2025/B/6852095'],Reverse Osmosis based Water Treatment System above 50 LPH Capacity (V2),[3],Panchayats and Rural Housing Department Gujarat,2025-11-03T17:41:50Z,2025-11-03T17:41:50Z,No
['GEM/2025/B/6851932'],Catering Service per Packet based - Veg; Snacks/High; 75,[8205],Education Department Gujarat,2025-11-03T17:41:54Z,2025-11-03T17:41:54Z,No
['GEM/2025/B/6851860'],Solar Street Lighting System (NTPC),[20],Panchayats and Rural Housing Department Gujarat,2025-11-03T17:41:36Z,2025-11-03T17:41:36Z,No
['GEM/2025/B/6804647'],Camera for CCTV System (V3),[41],Urban Development and Urban Housing Department Gujarat,2025-10-18T19:01:13Z,2025-10-18T19:01:13Z,No
['GEM/2025/B/6780926'],"Entry and Mid Level Desktop Computer,Line Interactive UPS with AVR (V2)",[30],Urban Development and Urban Housing Department Gujarat,2025-10-17T16:12:10Z,2025-10-17T16:12:10Z,No
['GEM/2025/B/6858544'],13th Gen or Higher CPU Desktop without Monitor,[30],Ministry of Finance Department of Financial Services,2025-11-05T16:33:11Z,2025-11-05T16:33:11Z,No
['GEM/2025/B/6794157'],Layer 3 - Access Switch,[2],Ministry of Defence Department of Military Affairs,2025-10-28T12:53:25Z,2025-10-28T12:53:25Z,No
['GEM/2025/B/6858753'],"BOQ1,BOQ2,BOQ3,BOQ4,BOQ5,BOQ6,BOQ7",[9],Ministry of Railways Indian Railways,2025-11-05T16:53:34Z,2025-11-05T16:53:34Z,No
['GEM/2025/B/6858680'],Door With Assembly,[80],Tribal Development Department Gujarat,2025-11-05T16:50:50Z,2025-11-05T16:50:50Z,No
['GEM/2025/B/6858503'],Manpower Outsourcing Services - Man-days based - Others; Skilled; Driver - LMV,[624],Ministry of Petroleum and Natural Gas NA,2025-11-05T16:50:35Z,2025-11-05T16:50:35Z,No
['GEM/2025/B/6854348'],Qualitative PCR Machine (Thermal Cycler),[1],Agriculture and Co-operation Department Gujarat,2025-11-05T16:57:04Z,2025-11-05T16:57:04Z,No
['GEM/2025/B/6858744'],Catering Service per Packet based - Veg; Snacks/High; Snacks Packet,[4324],Education Department Gujarat,2025-11-05T17:03:32Z,2025-11-05T17:03:32Z,No
['GEM/2025/B/6858721'],thermal gloves,[100],Home Department Gujarat,2025-11-05T17:11:23Z,2025-11-05T17:11:23Z,No
['GEM/2025/B/6858706'],"Split Air Conditioner Including Green AC, Wall Mount Type (V2),Split Air Conditioner Including Gree",[5],Agriculture and Co-operation Department Gujarat,2025-11-05T17:09:48Z,2025-11-05T17:09:48Z,No
['GEM/2025/B/6858695'],TENDER FOR PROVIDING & CO-ORDINATING SERVICES AT IOCL KANDLA,[1],Ministry of Petroleum and Natural Gas Bharat Petroleum Corporation Ltd,2025-11-05T17:43:26Z,2025-11-05T17:43:26Z,No
['GEM/2025/B/6858960'],Customized AMC/CMC for Pre-owned Products - Ro AND WATER COOLER; AS Per Scope Of Work; Comprehensiv,[2],Home Department Gujarat,2025-11-05T18:30:30Z,2025-11-05T18:30:30Z,No
['GEM/2025/B/6778272'],"Pneumatic Compression Therapy,AI Enabled motion sensor for knee assessment,Agility Trainer-Interact",[18],Ministry of Youth Affairs and Sports Department of Sports,2025-10-16T10:11:32Z,2025-10-16T10:11:32Z,No
['GEM/2025/B/6371907'],High Mast Lighting Octagonal Tower for Small area with LED Flood Lighting System (V2),[2],Panchayats and Rural Housing Department Gujarat,2025-06-22T15:20:29Z,2025-06-22T15:20:29Z,No
['GEM/2025/B/6365098'],Interactive Panels with CPU,[1],Panchayats and Rural Housing Department Gujarat,2025-06-20T11:53:26Z,2025-06-20T11:53:26Z,No
['GEM/2025/B/6858465'],"K M Drive,Brush Carrier,Brg Bush,CE Bush,Bush,Resiver Light Switch,Solenoid Switch,Field Coil 24V,C",[41],Ministry of Defence Department of Military Affairs,2025-11-05T15:13:28Z,2025-11-05T15:13:28Z,No
['GEM/2025/B/6858404'],"Monthly Basis Cab & Taxi Hiring Services - SUV; 2500 km x 320 hours; Outstation 24*7,Monthly Basis ",[11],Ministry of Finance Department of Revenue,2025-11-05T15:10:52Z,2025-11-05T15:10:52Z,No
['GEM/2025/B/6858482'],"Brg Bush,C E Bush,bush,Pole Screw,Chain Sprocket Set,Union Brake Booster,Air Pipe,DE-aeruation tank",[17],Ministry of Defence Department of Military Affairs,2025-11-05T15:19:04Z,2025-11-05T15:19:04Z,No
['GEM/2025/B/6858529'],"Fuel Feed Pump,Clutch plate set,Pressure plate set,Clutch Plate,Pressure plate",[5],Ministry of Defence Department of Military Affairs,2025-11-05T15:34:07Z,2025-11-05T15:34:07Z,No
['GEM/2025/B/6858527'],Monthly Basis Cab & Taxi Hiring Services - MUV; 2000 km x 320 hours; Outstation 24*7,[1],Ministry of Railways Indian Railways,2025-11-05T15:42:27Z,2025-11-05T15:42:27Z,No
['GEM/2025/B/6858500'],"Radiator Hose Pipe,Speedometer cable,Washer,Gear Lever Kit,Power Stg Gear Repair Kit,Door Lock LH,D",[13],Ministry of Defence Department of Military Affairs,2025-11-05T15:35:27Z,2025-11-05T15:35:27Z,No
['GEM/2025/B/6841137'],"Split Air Conditioner Including Green AC, Wall Mount Type (V2),Split Air Conditioner Including Gree",[70],Ministry of Finance Department of Financial Services,2025-11-05T15:32:30Z,2025-11-05T15:32:30Z,No
['GEM/2025/B/6792847'],Rathi make coupling spares,[1],Ministry of Petroleum and Natural Gas INDIAN OIL CORPORATION LIMITED,2025-10-16T17:33:05Z,2025-10-16T17:33:05Z,No
['GEM/2025/B/6792815'],Hydro-treating catalyst,[1],Ministry of Petroleum and Natural Gas INDIAN OIL CORPORATION LIMITED,2025-10-16T14:57:36Z,2025-10-16T14:57:36Z,No
['GEM/2025/B/6787908'],Custom Bid for Services - 9030C25C99 Annual Rate Contract for Condition Monitoring of Rotary equipm,[1],Ministry of Petroleum and Natural Gas INDIAN OIL CORPORATION LIMITED,2025-10-14T19:10:20Z,2025-10-14T19:10:20Z,No
['GEM/2025/B/6785325'],Hiring of nylon wool synthetic carpet on rent,[78400],Ministry of Home Affairs Central Armed Police Forces,2025-10-15T14:02:07Z,2025-10-15T14:02:07Z,No
['GEM/2025/B/6776271'],Custom Bid for Services - HIRING THE SERVICES OF TANKERS FOR TRANSPORTAION OF DRILLING FLUID  ON NE,[1],Ministry of Petroleum and Natural Gas NA,2025-10-15T17:46:21Z,2025-10-15T17:46:21Z,No
['GEM/2025/B/6755924'],Veterinary Biochemistry Analyzer (V2),[1],Agriculture and Co-operation Department Gujarat,2025-10-06T11:24:49Z,2025-10-06T11:24:49Z,No
['GEM/2025/B/6749861'],Custom Bid for Services - MAINTENANCE OF LIGHT MOTOR VEHICLE,[1],Ministry of Defence Department of Military Affairs,2025-10-15T13:26:50Z,2025-10-15T13:26:50Z,No
['GEM/2025/B/6783562'],Octagonal Pole with Single Arm or Double Arm Brackets (V2),[269],Ministry of Home Affairs Central Armed Police Forces,2025-11-04T19:13:33Z,2025-11-04T19:13:33Z,No
['GEM/2025/B/6856798'],Monthly Basis Cab & Taxi Hiring Services - MUV; 2000 km x 320 hours; Local 24*7,[12],Panchayats and Rural Housing Department Gujarat,2025-11-04T18:35:33Z,2025-11-04T18:35:33Z,No
['GEM/2025/B/6856731'],Monthly Basis Cab & Taxi Hiring Services - MUV; 2000 km x 320 hours; Local 24*7,[6],Panchayats and Rural Housing Department Gujarat,2025-11-04T18:34:25Z,2025-11-04T18:34:25Z,No
['GEM/2025/B/6835384'],"Custom Bid for Services - Manpower based composite mechanized cleaning including rag picking, garba",[1],Ministry of Railways Indian Railways,2025-11-04T18:52:15Z,2025-11-04T18:52:15Z,No
['GEM/2025/B/6553376'],3 Part Automated Hematology Analyzer (V2),[15],Panchayats and Rural Housing Department Gujarat,2025-09-04T15:06:35Z,2025-09-04T15:06:35Z,No
['GEM/2025/B/6856897'],"Dslr / Compact / Handheld Camcorder Or Video Cameras (V2),Dslr / Compact / Handheld Camcorder Or Vi",[4],Agriculture and Co-operation Department Gujarat,2025-11-04T19:41:54Z,2025-11-04T19:41:54Z,No
['GEM/2025/B/6857013'],Custom Bid for Services - 478500,[1],Ministry of Defence Department of Military Affairs,2025-11-04T19:54:50Z,2025-11-04T19:54:50Z,No
['GEM/2025/B/6852069'],Custom Bid for Services - Hiring of Vehicles on CALL BASIS/AS AND WHEN REQUIRED BASIS for 02 (Two) ,[1],Ministry of Consumer Affairs Food and Public Distribution Department of Food and Public Distribution,2025-11-04T11:16:09Z,2025-11-04T11:16:09Z,No
['GEM/2025/B/6850003'],Hiring of Sanitation Service - Manpower Based Model - Multi Tasking Staff; 6; All Areas; All Areas;,[8],Health & Family Welfare Department Gujarat,2025-11-04T11:23:52Z,2025-11-04T11:23:52Z,No
['GEM/2025/B/6848341'],"Audio Amplifier (V3),Wired Microphone (V2),Speaker (V3)",[13],Urban Development and Urban Housing Department Gujarat,2025-11-04T11:18:34Z,2025-11-04T11:18:34Z,No
['GEM/2025/B/6847615'],Pre - Sensitized Printing Plates (V2),[2490],Industries and Mines Department Gujarat,2025-11-04T11:17:22Z,2025-11-04T11:17:22Z,No
['GEM/2025/B/6761357'],Automated HPLC System for Separation of complex mixtures,[1],Science and Technology Department Gujarat,2025-10-07T13:44:41Z,2025-10-07T13:44:41Z,No
['GEM/2025/B/6852334'],High End Desktop Computer,[3],"Commissioner of Geology and Mining, Gujarat",2025-11-04T11:41:18Z,2025-11-04T11:41:18Z,No
['GEM/2025/B/6838659'],"Manpower Outsourcing Services - Fixed Remuneration - Admin; Data Entry Operator; Secondary School,M",[10],Ministry of Labour and Employment NA,2025-11-04T11:36:06Z,2025-11-04T11:36:06Z,No
['GEM/2025/B/6838192'],"OPTICAL SMOKE DETECTOR, PART NO. 116-BHH--300",[2],Ministry of Defence Department of Defence,2025-11-04T11:38:57Z,2025-11-04T11:38:57Z,No
['GEM/2025/B/6804039'],Anaesthesia Machine (V2),[2],Ministry of Labour and Employment NA,2025-10-17T16:09:30Z,2025-10-17T16:09:30Z,No
['GEM/2025/B/6798584'],"Manpower Outsourcing Services - Minimum wage - Skilled; High School; Admin,Manpower Outsourcing Ser",[142],Panchayats and Rural Housing Department Gujarat,2025-10-16T17:59:38Z,2025-10-16T17:59:38Z,No
['GEM/2025/B/6763419'],"MMS with Automatic Real time East West Tracking System,Automatic MMS with Real time East West Track",[796],Ministry of Heavy Industries and Public Enterprises Department of Heavy Industry,2025-10-13T14:51:03Z,2025-10-13T14:51:03Z,No
['GEM/2025/B/6753736'],Custom Bid for Services - AS PER ATC,[1],Energy and Petro Chemicals Department Gujarat,2025-11-04T11:43:32Z,2025-11-04T11:43:32Z,No
['GEM/2025/B/6734516'],Custom Bid for Services - AS PER ATC,[1],Energy and Petro Chemicals Department Gujarat,2025-11-04T11:42:39Z,2025-11-04T11:42:39Z,No
['GEM/2025/B/6843637'],"Custom Bid for Services - Providing caretaking, catering, housekeeping & other allied SERVICES AT P",[1],Ministry of Petroleum and Natural Gas INDIAN OIL CORPORATION LIMITED,2025-11-06T16:59:01Z,2025-11-06T16:59:01Z,No
['GEM/2025/B/6832122'],Inductively Coupled Plasma Mass Spectrometer (ICPMS) with Accessories (GSI),[1],"Gujarat Mineral Development Corporation Limited, Ahmedabad",2025-11-06T16:57:09Z,2025-11-06T16:57:09Z,No
['GEM/2025/B/6806875'],"Manpower Outsourcing Services - Minimum wage - Skilled; Graduate; Admin,Manpower Outsourcing Servic",[38],Health & Family Welfare Department Gujarat,2025-10-18T13:33:49Z,2025-10-18T13:33:49Z,No
['GEM/2025/B/6803782'],Online UPS (?10 KVA) With Battery Conforming To IS 16242 (Part 1),[2],Agriculture and Co-operation Department Gujarat,2025-10-17T16:48:05Z,2025-10-17T16:48:05Z,No
['GEM/2025/B/6779977'],Lead Acid Storage Batteries For Motor Vehicles with Light Weight and High Cranking Performance (V2),[22],Home Department Gujarat,2025-11-06T16:56:01Z,2025-11-06T16:56:01Z,No
['GEM/2025/B/6862327'],Manpower Outsourcing Services - Minimum wage - Semi-skilled; Secondary School; Admin,[17],Legal Department Gujarat,2025-11-06T16:44:22Z,2025-11-06T16:44:22Z,No
['GEM/2025/B/6862298'],"Microscopes - Pathological and Research as per IS 4381, IS 5204, IS 4381, IS 5204",[2],Agriculture and Co-operation Department Gujarat,2025-11-06T16:44:25Z,2025-11-06T16:44:25Z,No
['GEM/2025/B/6862243'],Open Top Round  Plastic Container,[48],Rural Development Department Gujarat,2025-11-06T16:36:34Z,2025-11-06T16:36:34Z,No
['GEM/2025/B/6862233'],Event or Seminar or Workshop or Exhibition or Expo Management Service - National; Theme Based Event,[1],Health & Family Welfare Department Gujarat,2025-11-06T16:36:20Z,2025-11-06T16:36:20Z,No
['GEM/2025/B/6862145'],ELISA Reader (V2),[1],Ministry of Agriculture and Farmers Welfare Department of Agricultural Research and Education (DARE),2025-11-06T16:32:40Z,2025-11-06T16:32:40Z,No
['GEM/2025/B/6849667'],Tranqulizer Gun,[1],Agriculture and Co-operation Department Gujarat,2025-11-03T15:39:12Z,2025-11-03T15:39:12Z,No
['GEM/2025/B/6803340'],"Trouser Combat Size L,Trouser Combat Size M,Trouser Combat Size S,Jacket Combat Size M,Jacket Comba",[188],Ministry of Defence Department of Defence,2025-11-04T11:06:32Z,2025-11-04T11:06:32Z,No
['GEM/2025/B/6854361'],Heavy Duty Racks,[67],Ministry of Railways Indian Railways,2025-11-06T09:39:30Z,2025-11-06T09:39:30Z,No
['GEM/2025/B/6859354'],Repair and Overhauling Service - FABRICATION OF 02 IN NOS GEMINI CRADLES AND 02 IN NOS OBM TANK FOR,[1],Ministry of Defence Department of Defence,2025-11-06T09:40:26Z,2025-11-06T09:40:26Z,No
['GEM/2025/B/6820112'],Repair and Overhauling Service - Laundry Type Washing Machines / Drying Machines; STEFAB; Yes; Buye,[48],Ministry of Labour and Employment NA,2025-11-04T12:12:33Z,2025-11-04T12:12:33Z,No
['GEM/2025/B/6773822'],"ITEM 1,ITEM 2,ITEM 3,ITEM 4,ITEM 5,ITEM 6,ITEM 7,ITEM 8,ITEM 9,ITEM 10",[228],Ministry of Railways Indian Railways,2025-10-13T23:34:39Z,2025-10-13T23:34:39Z,No
['GEM/2025/B/6859534'],Surgical Ophthalmic Operating Microscope,[1],Ministry of Railways Indian Railways,2025-11-06T10:19:01Z,2025-11-06T10:19:01Z,No
['GEM/2025/B/6859257'],3 TON AC COMPRESSOR OF CEC,[1],Ministry of Defence Department of Military Affairs,2025-11-06T10:25:09Z,2025-11-06T10:25:09Z,No
['GEM/2025/B/6859076'],Catering Service per Packet based - Veg; Pkts; 972 Pkt for contingent (Real Mix Fruit Juice/Bundi L,[9972],Ministry of Home Affairs Central Armed Police Forces,2025-11-06T10:19:09Z,2025-11-06T10:19:09Z,No
['GEM/2025/B/6833923'],Repair and Overhauling Service - ICAF; sargam; No; Buyer Premises,[1],Ministry of Defence Department of Defence,2025-11-06T10:27:15Z,2025-11-06T10:27:15Z,No
['GEM/2025/B/6835286'],"Arduino Board,LED or TFT Display for Unit with connection work to main PCB,Circuit Board with feedb",[6],Ministry of Defence Department of Military Affairs,2025-11-04T13:56:21Z,2025-11-04T13:56:21Z,No
['GEM/2025/B/6820608'],"Air Filter Element for Oxygen Generation Plant 40LPM,Oil Filter Element for Oxygen Generation Plant",[18],Ministry of Defence Department of Military Affairs,2025-11-04T13:51:05Z,2025-11-04T13:51:05Z,No
['GEM/2025/B/6773434'],Tree Guard (V3),[6800],Forests and Environment Department Gujarat,2025-10-10T16:42:41Z,2025-10-10T16:42:41Z,No
['GEM/2025/B/6854918'],Selectorized Bicep Curl Machine,[2],Agriculture and Co-operation Department Gujarat,2025-11-04T13:51:42Z,2025-11-04T13:51:42Z,No
['GEM/2025/B/6854908'],Reverse Osmosis based Water Treatment System above 50 LPH Capacity (V2),[8],Panchayats and Rural Housing Department Gujarat,2025-11-04T13:52:17Z,2025-11-04T13:52:17Z,No
['GEM/2025/B/6853563'],Security Manpower Service (Version 2.0) - Office/Commercial/Institutions/ Residential; Unarmed Secu,[10],Labour and Employment Department Gujarat,2025-11-04T13:50:24Z,2025-11-04T13:50:24Z,No
['GEM/2025/B/6855324'],Security Manpower Service (Version 2.0) - Office/Commercial/Institutions/ Residential; Unarmed Secu,[2],Ministry of Finance Department of Revenue,2025-11-04T15:02:02Z,2025-11-04T15:02:02Z,No
['GEM/2025/B/6855236'],Facility Management Services - LumpSum Based - EDUCATIONAL; Fire Fighting System Installation; Cons,[1],Tribal Development Department Gujarat,2025-11-04T15:14:53Z,2025-11-04T15:14:53Z,No
['GEM/2025/B/6854783'],"White LED Based Solar Street Lighting System for Model (I, II, III And IV)",[7],Panchayats and Rural Housing Department Gujarat,2025-11-04T15:01:45Z,2025-11-04T15:01:45Z,No
['GEM/2025/B/6800892'],High Mast Lighting Tower for large area with LED Flood Lighting System,[2],Panchayats and Rural Housing Department Gujarat,2025-11-04T15:11:47Z,2025-11-04T15:11:47Z,No
['GEM/2025/B/6758126'],"Reverse Osmosis based Water Treatment System above 50 LPH Capacity (V2),Self - Contained Drinking W",[2],Agriculture and Co-operation Department Gujarat,2025-10-06T16:09:39Z,2025-10-06T16:09:39Z,No
['GEM/2025/B/6747089'],Tritium Target along with Target Holder Assembly,[1],PMO Department of Atomic Energy,2025-10-06T14:51:08Z,2025-10-06T14:51:08Z,No
['GEM/2025/B/6703279'],Oxygen Concentrator (V2),[273],Health & Family Welfare Department Gujarat,2025-10-15T16:22:47Z,2025-10-15T16:22:47Z,No
['GEM/2025/B/6859161'],Stainless Steel Dining Table With Fixed Chair,[20],Education Department Gujarat,2025-11-05T22:46:35Z,2025-11-05T22:46:35Z,No
['GEM/2025/B/6813902'],Entry and Mid Level Desktop Computer,[35],Ministry of Defence Department of Military Affairs,2025-11-06T08:28:31Z,2025-11-06T08:28:31Z,No
['GEM/2025/B/6715423'],Custom Bid for Services - Procurement and laying of 10000 meters Cat 6 UTP and structured cabling a,[1],Ministry of Defence Department of Military Affairs,2025-11-06T08:38:02Z,2025-11-06T08:38:02Z,No
['GEM/2025/B/6853040'],"Flexible Wire 40 by 76,Line Tester,Electric Extension Cord Board,Copper Cable 10 mm,Drill Machine,2",[61],Ministry of Defence Department of Military Affairs,2025-11-06T09:17:58Z,2025-11-06T09:17:58Z,No
['GEM/2025/B/6853014'],GPS Tracking System,[5],Ministry of Defence Department of Military Affairs,2025-11-06T09:16:29Z,2025-11-06T09:16:29Z,No
['GEM/2025/B/6859715'],Bipolar Electrosurgical Generator,[2],Ministry of Railways Indian Railways,2025-11-06T10:46:20Z,2025-11-06T10:46:20Z,No
['GEM/2025/B/6859710'],Gold purity testing meter/ Karat meter,[3],Ministry of Finance Department of Financial Services,2025-11-06T10:52:47Z,2025-11-06T10:52:47Z,No
['GEM/2025/B/6862233'],Event or Seminar or Workshop or Exhibition or Expo Management Service - National; Theme Based Event,[1],Health & Family Welfare Department Gujarat,2025-11-06T16:36:20Z,2025-11-06T16:36:20Z,No
['GEM/2025/B/6862145'],ELISA Reader (V2),[1],Ministry of Agriculture and Farmers Welfare Department of Agricultural Research and Education (DARE),2025-11-06T16:32:40Z,2025-11-06T16:32:40Z,No
['GEM/2025/B/6862084'],"Split Air Conditioner Including Green AC, Wall Mount Type (V2)",[1],Panchayats and Rural Housing Department Gujarat,2025-11-06T16:30:17Z,2025-11-06T16:30:17Z,No
['GEM/2025/B/6861886'],Vehicle Hiring Service - Per Vehicle-Day basis - Premium SUV/MUV; As per Transportation RFP / ATC; ,[9],Sports Youth and Cultural Activities Department Gujarat,2025-11-06T16:43:44Z,2025-11-06T16:43:44Z,No
['GEM/2025/B/6852014'],Stationary Valve Regulated Lead Acid Batteries (V2) as per IS 15549,[16],Ministry of Petroleum and Natural Gas NA,2025-11-06T16:37:39Z,2025-11-06T16:37:39Z,No
['GEM/2025/B/6750973'],Wheelbarrows (Two Wheels Type) as per IS 4184,[12],Panchayats and Rural Housing Department Gujarat,2025-10-08T13:13:49Z,2025-10-08T13:13:49Z,No
['GEM/2025/B/6750833'],Trailer Mounted Road Sweeper,[1],Panchayats and Rural Housing Department Gujarat,2025-10-08T13:15:42Z,2025-10-08T13:15:42Z,No
['GEM/2025/B/6730253'],"Trolley for Generator 125 KVA DG SET (Size: L= 10.5 Feet, W= 4.6 Feet, 04 Wheel and Suspension, 04",[1],Ministry of Defence Department of Defence,2025-10-23T10:39:31Z,2025-10-23T10:39:31Z,No
['GEM/2025/B/6862371'],Open Top Round  Plastic Container,[45],Rural Development Department Gujarat,2025-11-06T16:50:45Z,2025-11-06T16:50:45Z,No
['GEM/2025/B/6862366'],Domestic Vacuum Flasks (V2) conforming to IS 7708,[400],Gujarat Electricity Board (GEB) - Gujarat Urja Vikas Nigam Limited (GUVNL),2025-11-06T16:54:54Z,2025-11-06T16:54:54Z,No
['GEM/2025/B/6817834'],Entry and Mid Level Desktop Computer,[3],Ministry of Defence Department of Military Affairs,2025-11-07T09:42:06Z,2025-11-07T09:42:06Z,No
['GEM/2025/B/6839154'],"Hiring of Earth Moving Equipments, Material Handling Equipments and Cranes (per Hour basis) - As Pe",[1],Ministry of Defence Department of Military Affairs,2025-11-07T09:49:32Z,2025-11-07T09:49:32Z,No
['GEM/2025/B/6610445'],"Supply of 420KV Circuit Breaker with CR,Supply of 420KV Circuit Breaker Without CR,Supply of 245kV ",[159],Ministry of Power POWER GRID Corporation OF INDIA Limited,2025-08-26T16:01:46Z,2025-08-26T16:01:46Z,No
['GEM/2025/B/6862085'],"Manpower Outsourcing Services - Minimum wage - Unskilled; Not Required; Others,Manpower Outsourcing",[2],Health & Family Welfare Department Gujarat,2025-11-06T16:10:50Z,2025-11-06T16:10:50Z,No
['GEM/2025/B/6861977'],Digital VHF Base / Mobile Transceiver Set as per MHA QR,[12],Forests and Environment Department Gujarat,2025-11-06T16:04:41Z,2025-11-06T16:04:41Z,No
['GEM/2025/B/6861876'],"Entry and Mid Level Desktop Computer,All in One PC (V2)",[90],Education Department Gujarat,2025-11-06T16:09:13Z,2025-11-06T16:09:13Z,No
['GEM/2025/B/6856219'],Repair and Overhauling Service - Defect rectification on alternator of OBM for IC-113; Defect recti,[1],Ministry of Defence Department of Defence,2025-11-06T16:01:10Z,2025-11-06T16:01:10Z,No
['GEM/2025/B/6855504'],Monthly Basis Cab & Taxi Hiring Services - Sedan; 2500 Km; Local 24*7,[1],Industries and Mines Department Gujarat,2025-11-06T16:14:40Z,2025-11-06T16:14:40Z,No
['GEM/2025/B/6841043'],Engineer's Pattern Drawing Boards,[30],Labour and Employment Department Gujarat,2025-11-03T16:09:42Z,2025-11-03T16:09:42Z,No
['GEM/2025/B/6840919'],Engineer's Pattern Drawing Boards,[22],Labour and Employment Department Gujarat,2025-11-03T15:49:45Z,2025-11-03T15:49:45Z,No
['GEM/2025/B/6803782'],Online UPS (?10 KVA) With Battery Conforming To IS 16242 (Part 1),[2],Agriculture and Co-operation Department Gujarat,2025-10-17T16:48:05Z,2025-10-17T16:48:05Z,No
['GEM/2025/B/6779977'],Lead Acid Storage Batteries For Motor Vehicles with Light Weight and High Cranking Performance (V2),[22],Home Department Gujarat,2025-11-06T16:56:01Z,2025-11-06T16:56:01Z,No
['GEM/2025/B/6859929'],Badge Holders - I Card,[5000],Health & Family Welfare Department Gujarat,2025-11-06T17:27:41Z,2025-11-06T17:27:41Z,No
['GEM/2025/B/6855331'],Camera for CCTV System (V3),[26],Health & Family Welfare Department Gujarat,2025-11-06T17:15:30Z,2025-11-06T17:15:30Z,No
['GEM/2025/B/6855278'],Monthly Basis Cab & Taxi Hiring Services - Hatchback; 2500 km x 320 hours; Local 24*7,[2],Women and Child Development Department Gujarat,2025-11-06T17:26:38Z,2025-11-06T17:26:38Z,No
['GEM/2025/B/6847956'],High Mast Lighting Octagonal Tower for Small area with LED Flood Lighting System (V2),[27],Panchayats and Rural Housing Department Gujarat,2025-11-06T17:16:03Z,2025-11-06T17:16:03Z,No
['GEM/2025/B/6800132'],Operation and Maintenance Power House / Power Plant - As per ATC,[1],Energy and Petro Chemicals Department Gujarat,2025-10-16T18:46:13Z,2025-10-16T18:46:13Z,No
['GEM/2025/B/6786145'],Facility Management Services - LumpSum Based - DEPUTY CONSERVATOR OF FOREST SANAND; BIRD KIT AS PER,[1],Forests and Environment Department Gujarat,2025-10-13T21:47:02Z,2025-10-13T21:47:02Z,No
['GEM/2025/B/6786134'],Facility Management Services - LumpSum Based - DEPUTY CONSERVATOR OF FOREST SANAND; DUSTBIN/MOBILE ,[1],Forests and Environment Department Gujarat,2025-10-13T21:48:08Z,2025-10-13T21:48:08Z,No
['GEM/2025/B/6786122'],Facility Management Services - LumpSum Based - DEPUTY CONSERVATOR OF FOREST SANAND; T SHIRT/ CAP AS,[1],Forests and Environment Department Gujarat,2025-10-13T21:42:37Z,2025-10-13T21:42:37Z,No
['GEM/2025/B/6862481'],"Microscopes - Pathological and Research as per IS 4381, IS 5204, IS 4381, IS 5204",[5],Agriculture and Co-operation Department Gujarat,2025-11-06T17:12:46Z,2025-11-06T17:12:46Z,No
['GEM/2025/B/6862466'],Custom Bid for Services - RA for carrying out 5000 hrly routine of both ACs onboard ship,[1],Ministry of Defence Department of Military Affairs,2025-11-06T17:00:04Z,2025-11-06T17:00:04Z,No
['GEM/2025/B/6862444'],Electrical Terminals as per IS 8309,[2000],Energy and Petro Chemicals Department Gujarat,2025-11-06T17:01:18Z,2025-11-06T17:01:18Z,No
['GEM/2025/B/6862205'],"Catering service (Event Based) - Breakfast; Veg; Regular Buffet,Catering service (Event Based) - Lu",[6000],Agriculture and Co-operation Department Gujarat,2025-11-06T17:02:01Z,2025-11-06T17:02:01Z,No
['GEM/2025/B/6861615'],"Bottle for Chemical Laboratory,Bottle for Chemical Laboratory,Bottle for Chemical Laboratory,Labora",[7295],Department of Space Department of Space,2025-11-06T17:13:47Z,2025-11-06T17:13:47Z,No
['GEM/2025/B/6850553'],COMPUTED RADIOGRAPHY SYSTEM,[1],Urban Development and Urban Housing Department Gujarat,2025-11-06T16:58:37Z,2025-11-06T16:58:37Z,No
['GEM/2025/B/6836344'],"Cleaning, Sanitation and Disinfection Service - Outcome Based - Office/Commercial/Institutions/Resi",[8036],Labour and Employment Department Gujarat,2025-11-06T17:14:57Z,2025-11-06T17:14:57Z,No
['GEM/2025/B/6862363'],Manpower Outsourcing Services - Minimum wage - Highly-Skilled; Secondary School; Others,[4],Ministry of Finance Department of Financial Services,2025-11-06T17:24:19Z,2025-11-06T17:24:19Z,No
['GEM/2025/B/6862704'],LED Luminaire for Road and Street Lights (V2) Conforming to IS 10322 (Part 5 / Section 3),[167],Urban Development and Urban Housing Department Gujarat,2025-11-06T17:42:11Z,2025-11-06T17:42:11Z,No
['GEM/2025/B/6862663'],Designing Software (V3),[1],Ministry of Housing & Urban Affairs (MoHUA) NA,2025-11-06T17:42:55Z,2025-11-06T17:42:55Z,No
['GEM/2025/B/6861539'],"Manpower Outsourcing Services - Fixed Remuneration - Admin; Recovery Field Officer; Graduate,Manpow",[15],Industries and Mines Department Gujarat,2025-11-06T15:47:12Z,2025-11-06T15:47:12Z,No
['GEM/2025/B/6861520'],Laboratory Filter Papers,[300],Health & Family Welfare Department Gujarat,2025-11-06T15:53:55Z,2025-11-06T15:53:55Z,No
['GEM/2025/B/6861272'],"Cleaning, Sanitation and Disinfection Service - Outcome Based - Office/Commercial/Institutions/Resi",[28469],Labour and Employment Department Gujarat,2025-11-06T15:50:41Z,2025-11-06T15:50:41Z,No
['GEM/2025/B/6858137'],"Cleaning, Sanitation and Disinfection Service - Outcome Based - Industrial; Vegetation Cutting; Out",[11195],Labour and Employment Department Gujarat,2025-11-06T15:58:30Z,2025-11-06T15:58:30Z,No
['GEM/2025/B/6856739'],Multi utility Vehicle (pick up vehicle) . As per attached specification,[1],Ministry of Railways Indian Railways,2025-11-06T15:51:40Z,2025-11-06T15:51:40Z,No
['GEM/2025/B/6856714'],Material Handling Vehicle. As per attached specification,[1],Ministry of Railways Indian Railways,2025-11-06T15:49:39Z,2025-11-06T15:49:39Z,No
['GEM/2025/B/6835711'],Customized AMC/CMC for Pre-owned Products - 250000; OTHER; Comprehensive Maintenance Contract (CMC),[6],Health & Family Welfare Department Gujarat,2025-11-06T15:58:13Z,2025-11-06T15:58:13Z,No
['GEM/2025/B/6862371'],Open Top Round  Plastic Container,[45],Rural Development Department Gujarat,2025-11-06T16:50:45Z,2025-11-06T16:50:45Z,No
['GEM/2025/B/6862366'],Domestic Vacuum Flasks (V2) conforming to IS 7708,[400],Gujarat Electricity Board (GEB) - Gujarat Urja Vikas Nigam Limited (GUVNL),2025-11-06T16:54:54Z,2025-11-06T16:54:54Z,No
['GEM/2025/B/6862341'],"Entry and Mid Level Desktop Computer,Multifunction Machine MFM (V2)",[10],Agriculture and Co-operation Department Gujarat,2025-11-06T16:46:57Z,2025-11-06T16:46:57Z,No
['GEM/2025/B/6860404'],"Financial Audit Services - Audit report, As per Scope of work attached; CA Firm, CAG Empaneled Audi",[1],Industries and Mines Department Gujarat,2025-11-06T17:41:35Z,2025-11-06T17:41:35Z,No
['GEM/2025/B/6841011'],"Manpower Outsourcing Services - Minimum wage - Skilled; ITI; Others,Manpower Outsourcing Services -",[18],Ministry of Defence Department of Military Affairs,2025-11-06T17:33:31Z,2025-11-06T17:33:31Z,No
['GEM/2025/B/6700588'],ELISA Test Kits (V2),[2016],Health & Family Welfare Department Gujarat,2025-11-06T15:25:35Z,2025-11-06T15:25:35Z,No
['GEM/2025/B/6861670'],Monthly Basis Cab & Taxi Hiring Services - Sedan; 2000 km x 320 hours; Local 24*7,[1],Health & Family Welfare Department Gujarat,2025-11-06T15:26:28Z,2025-11-06T15:26:28Z,No
['GEM/2025/B/6861649'],GIS related Survey Services - Kilo meter; Municipal Boundaries; Carrying Out Detailed Survey Work f,[100],Ministry of Jal Shakti Department of Water Resources River Development and Ganga Rejuvenation,2025-11-06T15:17:57Z,2025-11-06T15:17:57Z,No
['GEM/2025/B/6861613'],Tanker on Agricultural Trailer,[16],Panchayats and Rural Housing Department Gujarat,2025-11-06T15:19:58Z,2025-11-06T15:19:58Z,No
['GEM/2025/B/6861517'],Manpower Outsourcing Services - Minimum wage - Unskilled; High School; Others,[1],Labour and Employment Department Gujarat,2025-11-06T15:17:20Z,2025-11-06T15:17:20Z,No
['GEM/2025/B/6861445'],Nylon Rope as per IS 4572,[2],Home Department Gujarat,2025-11-06T15:18:24Z,2025-11-06T15:18:24Z,No
['GEM/2025/B/6861406'],Monthly Basis Cab & Taxi Hiring Services - Sedan; 3000 Km x 364 hours; Local,[1],Ministry of Electronics and Information Technology Department of Electronics and Information Technology,2025-11-06T15:15:33Z,2025-11-06T15:15:33Z,No
['GEM/2025/B/6860983'],Tractors (V1),[3],Panchayats and Rural Housing Department Gujarat,2025-11-06T15:19:32Z,2025-11-06T15:19:32Z,No
['GEM/2025/B/6860159'],"Camera for CCTV System (V3),Layer 2 Access Switch (V2),Video Recorder for CCTV System (V2),Fibre Ca",[20198],Panchayats and Rural Housing Department Gujarat,2025-11-06T15:16:00Z,2025-11-06T15:16:00Z,No
['GEM/2025/B/6853958'],Customized AMC/CMC for Pre-owned Products - 128502; Skalar Analytical India Pvt Ltd; Annual Mainten,[1],Department of Space Department of Space,2025-11-06T15:22:56Z,2025-11-06T15:22:56Z,No
['GEM/2025/B/6851743'],"Laptop, i9 processor as per attached specification",[1],Department of Space Department of Space,2025-11-06T15:26:55Z,2025-11-06T15:26:55Z,No
['GEM/2025/B/6851370'],"SO2 Gas in Balance Nitrogen, 1 ppm as per attached specification,1 ppm NO and 1 ppm NO2 Gas in Bala",[3],Department of Space Department of Space,2025-11-06T15:16:37Z,2025-11-06T15:16:37Z,No
['GEM/2025/B/6828946'],Scanning and Digitisation Service (Version 2) - 400; A4 and legal,[418935],Revenue Department Gujarat,2025-10-28T15:22:05Z,2025-10-28T15:22:05Z,No
['GEM/2025/B/6798523'],Ice Plant Test Rig,[1],Technical Education,2025-10-18T12:07:10Z,2025-10-18T12:07:10Z,No
['GEM/2025/B/6798206'],Shell & Tube Heat Exchanger,[1],Technical Education,2025-10-18T12:04:56Z,2025-10-18T12:04:56Z,No
['GEM/2025/B/6861873'],Tractors (V1),[2],Panchayats and Rural Housing Department Gujarat,2025-11-06T15:52:28Z,2025-11-06T15:52:28Z,No
['GEM/2025/B/6861861'],Manpower Outsourcing Services - Minimum wage - Skilled; High School; Admin,[1],Health & Family Welfare Department Gujarat,2025-11-06T15:51:30Z,2025-11-06T15:51:30Z,No
['GEM/2025/B/6861539'],"Manpower Outsourcing Services - Fixed Remuneration - Admin; Recovery Field Officer; Graduate,Manpow",[15],Industries and Mines Department Gujarat,2025-11-06T15:47:12Z,2025-11-06T15:47:12Z,No
['GEM/2025/B/6831483'],E-cart for Goods,[29],Panchayats and Rural Housing Department Gujarat,2025-11-06T14:02:14Z,2025-11-06T14:02:14Z,No
['GEM/2025/B/6695064'],Manpower Outsourcing Services - Fixed Remuneration - Finance/Accounts; Sr Assistant Revenue Record;,[28],Energy and Petro Chemicals Department Gujarat,2025-10-04T12:40:26Z,2025-10-04T12:40:26Z,No
['GEM/2025/B/6620859'],Power Hacksaw Machine,[41],Labour and Employment Department Gujarat,2025-09-09T20:09:22Z,2025-09-09T20:09:22Z,No
['GEM/2025/B/6631926'],Hydrulic dead weight tester,[14],Labour and Employment Department Gujarat,2025-09-09T20:11:24Z,2025-09-09T20:11:24Z,No
['GEM/2025/B/6630955'],Reciprocating Air Compressors - Electric Motor Driven,[14],Labour and Employment Department Gujarat,2025-09-09T20:10:41Z,2025-09-09T20:10:41Z,No
['GEM/2025/B/6861369'],Hiring of Sanitation Service - Manpower Based Model - Sweeper; 7; All Areas; All Areas; Daily; 2,[25],Education Department Gujarat,2025-11-06T14:29:33Z,2025-11-06T14:29:33Z,No
['GEM/2025/B/6861274'],"Manpower Outsourcing Services - Minimum wage - Skilled; Not Required; Others,Manpower Outsourcing S",[3],Panchayats and Rural Housing Department Gujarat,2025-11-06T14:15:15Z,2025-11-06T14:15:15Z,No
['GEM/2025/B/6861211'],Facility Management Service - Outcome Based,[3],Sports Youth and Cultural Activities Department Gujarat,2025-11-06T14:22:11Z,2025-11-06T14:22:11Z,No
['GEM/2025/B/6861390'],Printing and Photocopying Service - Photocopying; Offsite; 7; Not Applicable; Not Applicable; Paper,[2500],Rural Development Department Gujarat,2025-11-06T14:44:46Z,2025-11-06T14:44:46Z,No
['GEM/2025/B/6856848'],"Reverse Osmosis based Water Treatment System above 50 LPH Capacity (V2),Self - Contained Drinking W",[40],Home Department Gujarat,2025-11-06T14:40:47Z,2025-11-06T14:40:47Z,No
['GEM/2025/B/6831360'],Badge Holders - I Card,[15000],Science and Technology Department Gujarat,2025-11-06T14:41:06Z,2025-11-06T14:41:06Z,No
['GEM/2025/B/6798780'],Issuance of Smart Cards/ID Cards - Simple plastic card (with QR/Bar code); Student ID Cards; Dispat,[30],Education Department Gujarat,2025-10-21T09:19:23Z,2025-10-21T09:19:23Z,No
['GEM/2025/B/6673362'],"Entry and Mid Level Desktop Computer,All in One PC (V2),Computer Printer (V2)",[23],Panchayats and Rural Housing Department Gujarat,2025-09-24T17:59:01Z,2025-09-24T17:59:01Z,No
['GEM/2025/B/6632748'],Single Operator AC Arc Welding Transformers as per IS 1857,[18],Labour and Employment Department Gujarat,2025-09-09T20:12:21Z,2025-09-09T20:12:21Z,No
['GEM/2025/B/6847925'],Books (V2),[385],Ministry of Cooperation NA,2025-11-01T17:10:45Z,2025-11-01T17:10:45Z,No
['GEM/2025/B/6861873'],Tractors (V1),[2],Panchayats and Rural Housing Department Gujarat,2025-11-06T15:52:28Z,2025-11-06T15:52:28Z,No
['GEM/2025/B/6861861'],Manpower Outsourcing Services - Minimum wage - Skilled; High School; Admin,[1],Health & Family Welfare Department Gujarat,2025-11-06T15:51:30Z,2025-11-06T15:51:30Z,No
['GEM/2025/B/6861539'],"Manpower Outsourcing Services - Fixed Remuneration - Admin; Recovery Field Officer; Graduate,Manpow",[15],Industries and Mines Department Gujarat,2025-11-06T15:47:12Z,2025-11-06T15:47:12Z,No
['GEM/2025/B/6861520'],Laboratory Filter Papers,[300],Health & Family Welfare Department Gujarat,2025-11-06T15:53:55Z,2025-11-06T15:53:55Z,No
['GEM/2025/B/6861272'],"Cleaning, Sanitation and Disinfection Service - Outcome Based - Office/Commercial/Institutions/Resi",[28469],Labour and Employment Department Gujarat,2025-11-06T15:50:41Z,2025-11-06T15:50:41Z,No
['GEM/2025/B/6858137'],"Cleaning, Sanitation and Disinfection Service - Outcome Based - Industrial; Vegetation Cutting; Out",[11195],Labour and Employment Department Gujarat,2025-11-06T15:58:30Z,2025-11-06T15:58:30Z,No
['GEM/2025/B/6856739'],Multi utility Vehicle (pick up vehicle) . As per attached specification,[1],Ministry of Railways Indian Railways,2025-11-06T15:51:40Z,2025-11-06T15:51:40Z,No
['GEM/2025/B/6856714'],Material Handling Vehicle. As per attached specification,[1],Ministry of Railways Indian Railways,2025-11-06T15:49:39Z,2025-11-06T15:49:39Z,No
['GEM/2025/B/6835711'],Customized AMC/CMC for Pre-owned Products - 250000; OTHER; Comprehensive Maintenance Contract (CMC),[6],Health & Family Welfare Department Gujarat,2025-11-06T15:58:13Z,2025-11-06T15:58:13Z,No
['GEM/2025/B/6862179'],High End Laptop - Notebook,[8],Education Department Gujarat,2025-11-06T16:27:54Z,2025-11-06T16:27:54Z,No
['GEM/2025/B/6862080'],"Manpower Outsourcing Services - Minimum wage - Skilled; Secondary School; Healthcare,Manpower Outso",[26],Agriculture and Co-operation Department Gujarat,2025-11-06T16:21:36Z,2025-11-06T16:21:36Z,No
['GEM/2025/B/6862065'],Hygiene Kit for Gujarat,[650],Women and Child Development Department Gujarat,2025-11-06T16:19:40Z,2025-11-06T16:19:40Z,No
['GEM/2025/B/6861954'],Ultra low temperature laboratory deep freezer,[1],Agriculture and Co-operation Department Gujarat,2025-11-06T16:20:06Z,2025-11-06T16:20:06Z,No
['GEM/2025/B/6861941'],Selection of Laboratories for Testing of Products/Material - ABX Mini Diluent 3 Part (Horiba)1*10 L,[151],Health & Family Welfare Department Gujarat,2025-11-06T16:21:34Z,2025-11-06T16:21:34Z,No
['GEM/2025/B/6861495'],Mini Dal Mill,[1],Panchayats and Rural Housing Department Gujarat,2025-11-06T16:23:20Z,2025-11-06T16:23:20Z,No
['GEM/2025/B/6750973'],Wheelbarrows (Two Wheels Type) as per IS 4184,[12],Panchayats and Rural Housing Department Gujarat,2025-10-08T13:13:49Z,2025-10-08T13:13:49Z,No
['GEM/2025/B/6750833'],Trailer Mounted Road Sweeper,[1],Panchayats and Rural Housing Department Gujarat,2025-10-08T13:15:42Z,2025-10-08T13:15:42Z,No
['GEM/2025/B/6730253'],"Trolley for Generator 125 KVA DG SET (Size: L= 10.5 Feet, W= 4.6 Feet, 04 Wheel and Suspension, 04",[1],Ministry of Defence Department of Defence,2025-10-23T10:39:31Z,2025-10-23T10:39:31Z,No
['GEM/2025/B/6862704'],LED Luminaire for Road and Street Lights (V2) Conforming to IS 10322 (Part 5 / Section 3),[167],Urban Development and Urban Housing Department Gujarat,2025-11-06T17:42:11Z,2025-11-06T17:42:11Z,No
['GEM/2025/B/6862663'],Designing Software (V3),[1],Ministry of Housing & Urban Affairs (MoHUA) NA,2025-11-06T17:42:55Z,2025-11-06T17:42:55Z,No
['GEM/2025/B/6862638'],Manpower Outsourcing Services - Minimum wage - Skilled; Graduate; Admin,[1],Social Justice and Empowerment Department Gujarat,2025-11-06T17:32:23Z,2025-11-06T17:32:23Z,No
['GEM/2025/B/6862592'],Electrocautery Machine (V2),[2],Health & Family Welfare Department Gujarat,2025-11-06T17:34:08Z,2025-11-06T17:34:08Z,No
['GEM/2025/B/6862538'],Tractors (V1),[1],Panchayats and Rural Housing Department Gujarat,2025-11-06T17:37:51Z,2025-11-06T17:37:51Z,No
['GEM/2025/B/6862533'],Open Top Round  Plastic Container,[34],Rural Development Department Gujarat,2025-11-06T17:37:50Z,2025-11-06T17:37:50Z,No
['GEM/2025/B/6862441'],"Battery 1 5 v AAA,Battery 1 5V AA,Wall Mounted Fan Guard Ring,Wall Mounted Fan Cabinet,Wall Mounted",[68],Ministry of Defence Department of Defence,2025-11-06T17:32:04Z,2025-11-06T17:32:04Z,No
['GEM/2025/B/6860404'],"Financial Audit Services - Audit report, As per Scope of work attached; CA Firm, CAG Empaneled Audi",[1],Industries and Mines Department Gujarat,2025-11-06T17:41:35Z,2025-11-06T17:41:35Z,No
['GEM/2025/B/6841011'],"Manpower Outsourcing Services - Minimum wage - Skilled; ITI; Others,Manpower Outsourcing Services -",[18],Ministry of Defence Department of Military Affairs,2025-11-06T17:33:31Z,2025-11-06T17:33:31Z,No
['GEM/2025/B/6862834'],Open Top Round  Plastic Container,[45],Rural Development Department Gujarat,2025-11-06T18:04:07Z,2025-11-06T18:04:07Z,No
['GEM/2025/B/6862685'],Manpower Outsourcing Services - Minimum wage - Unskilled; High School; Others,[2],Education Department Gujarat,2025-11-06T18:07:51Z,2025-11-06T18:07:51Z,No
['GEM/2025/B/6861985'],Entry and Mid Level Desktop Computer,[10],Panchayats and Rural Housing Department Gujarat,2025-11-06T18:07:08Z,2025-11-06T18:07:08Z,No
['GEM/2025/B/6644289'],Analog  Oscilloscope,[52],Labour and Employment Department Gujarat,2025-09-09T17:38:58Z,2025-09-09T17:38:58Z,No
['GEM/2025/B/6643778'],Washing Machine - Domestic Purpose,[58],Labour and Employment Department Gujarat,2025-09-09T17:22:25Z,2025-09-09T17:22:25Z,No
['GEM/2025/B/6862797'],"Toner Cartridges / Ink Cartridges / Consumables for Printers,Toner Cartridges / Ink Cartridges / Co",[67],Narmada Water Resources Water Supply and Kalpsar Department Gujarat,2025-11-06T17:58:43Z,2025-11-06T17:58:43Z,No
['GEM/2025/B/6862739'],Open Top Round  Plastic Container,[44],Rural Development Department Gujarat,2025-11-06T17:51:28Z,2025-11-06T17:51:28Z,No
['GEM/2025/B/6862591'],Custom Bid for Services - RA for overhauling of fresh water pump view not developing rated discharg,[1],Ministry of Defence Department of Military Affairs,2025-11-06T17:50:45Z,2025-11-06T17:50:45Z,No
['GEM/2025/B/6862524'],Custom Bid for Services - Assistance required for overhauling of 40 TPH pump view pump not developi,[1],Ministry of Defence Department of Military Affairs,2025-11-06T17:53:01Z,2025-11-06T17:53:01Z,No
['GEM/2025/B/6861624'],Security Manpower Service (Version 2.0) - Office/Commercial/Institutions/ Residential; Unarmed Secu,[3],Labour and Employment Department Gujarat,2025-11-06T17:51:45Z,2025-11-06T17:51:45Z,No
['GEM/2025/B/6847346'],Camera for CCTV System (V3),[10],Panchayats and Rural Housing Department Gujarat,2025-11-06T17:49:15Z,2025-11-06T17:49:15Z,No
['GEM/2025/B/6838462'],"Refilling of Medical Gases in Cylinders,Refilling of Medical Gases in Cylinders,Refilling of Medica",[5296],Health & Family Welfare Department Gujarat,2025-11-06T17:55:54Z,2025-11-06T17:55:54Z,No
['GEM/2025/B/6832961'],"Non Sparking Pipe Wrench (V2),Non Sparking Adjustable Wrench (V2),Non Sparking Double Open Ended Sp",[200],Ministry of Petroleum and Natural Gas NA,2025-11-05T11:40:23Z,2025-11-05T11:40:23Z,No
['GEM/2025/B/6832812'],"Non Sparking Hammers (V2),Non Sparking Double Ended Ring Spanner (V2)",[80],Ministry of Petroleum and Natural Gas NA,2025-11-05T11:58:22Z,2025-11-05T11:58:22Z,No
['GEM/2025/B/6829778'],"5 Part Horiba ABX EOSINOFIX 1L,5 Part Horiba ABX LYSE BIO 1L,5Part Horiba ABX DILUENT 20L,5 Part Ho",[329],Health & Family Welfare Department Gujarat,2025-11-06T17:48:08Z,2025-11-06T17:48:08Z,No
['GEM/2025/B/6739367'],Manpower Outsourcing Services - Fixed Remuneration - Others; Sweeper; Not Required,[1],Labour and Employment Department Gujarat,2025-09-30T15:37:00Z,2025-09-30T15:37:00Z,No
['GEM/2025/B/6695923'],Tray Dryer.,[11],Labour and Employment Department Gujarat,2025-10-06T18:13:49Z,2025-10-06T18:13:49Z,No
['GEM/2025/B/6863699'],"Cricket Stumps and Bails,Cricket Bat,Carrom Board,Chess Board,Carrommen and Striker,Shot Put ( Rubb",[276],Panchayats and Rural Housing Department Gujarat,2025-11-07T10:02:18Z,2025-11-07T10:02:18Z,No
['GEM/2025/B/6794374'],Shell & Tube Heat Exchanger,[1],Education Department Gujarat,2025-10-17T15:25:37Z,2025-10-17T15:25:37Z,No
['GEM/2025/B/6793835'],Injector Diagnosis and Cleaning System Kit For Educational Purpose,[1],Education Department Gujarat,2025-10-18T15:17:02Z,2025-10-18T15:17:02Z,No
['GEM/2025/B/6782098'],"Multimedia Projector (MMP),Split Air Conditioner Including Green AC, Wall Mount Type (V2)",[4],Panchayats and Rural Housing Department Gujarat,2025-10-18T16:23:50Z,2025-10-18T16:23:50Z,No
['GEM/2025/B/6777244'],Layer 2 Access Switch (V2),[1],Ministry of Defence Department of Military Affairs,2025-10-16T17:56:20Z,2025-10-16T17:56:20Z,No
['GEM/2025/B/6772872'],"Calibration Services - Mechanical; Dimension, Mass and Volume; As per SCC-T; Buyer premises (onsite",[1],Ministry of Petroleum and Natural Gas INDIAN OIL CORPORATION LIMITED,2025-10-09T17:25:10Z,2025-10-09T17:25:10Z,No
['GEM/2025/B/6757685'],Automated Western blotting and Imaging System,[1],Science and Technology Department Gujarat,2025-10-06T16:17:25Z,2025-10-06T16:17:25Z,No
['GEM/2025/B/6757664'],Pulse Oximeter (V2),[9],Panchayats and Rural Housing Department Gujarat,2025-10-06T19:04:38Z,2025-10-06T19:04:38Z,No
['GEM/2025/B/6756879'],Customised Ambulance with Equipment,[1],Panchayats and Rural Housing Department Gujarat,2025-10-06T18:53:59Z,2025-10-06T18:53:59Z,No
['GEM/2025/B/6756714'],Portable X - Ray Machine (V2),[1],Health & Family Welfare Department Gujarat,2025-10-13T17:01:35Z,2025-10-13T17:01:35Z,No
['GEM/2025/B/6862797'],"Toner Cartridges / Ink Cartridges / Consumables for Printers,Toner Cartridges / Ink Cartridges / Co",[67],Narmada Water Resources Water Supply and Kalpsar Department Gujarat,2025-11-06T17:58:43Z,2025-11-06T17:58:43Z,No
['GEM/2025/B/6689807'],Custom Bid for Services - Request for Proposal (RFP) for Business Intelligence (BI) Tool and Integr,[1],Health & Family Welfare Department Gujarat,2025-09-17T13:42:54Z,2025-09-17T13:42:54Z,No
['GEM/2025/B/6862927'],Agricultural Trailer Complying to AIS 112,[1],Agriculture and Co-operation Department Gujarat,2025-11-06T18:28:11Z,2025-11-06T18:28:11Z,No
['GEM/2025/B/6862916'],Fentanyl Injection,[1500],Health & Family Welfare Department Gujarat,2025-11-06T18:29:47Z,2025-11-06T18:29:47Z,No
['GEM/2025/B/6862857'],"Manpower Outsourcing Services - Minimum wage - Unskilled; High School; Admin,Manpower Outsourcing S",[61],Panchayats and Rural Housing Department Gujarat,2025-11-06T18:26:29Z,2025-11-06T18:26:29Z,No
['GEM/2025/B/6862843'],Custom Bid for Services - Renewal of antivirus software license,[1],Ministry of Housing & Urban Affairs (MoHUA) NA,2025-11-06T18:27:57Z,2025-11-06T18:27:57Z,No
['GEM/2025/B/6862828'],Crawler Bulldozer (V2),[2],Vadodara Mahanagar Seva Sadan,2025-11-06T18:18:48Z,2025-11-06T18:18:48Z,No
['GEM/2025/B/6862774'],"Collection & Disposal Waste Management Service - Collection, Lifting, Transportation, Unloading, Se",[7800],Panchayats and Rural Housing Department Gujarat,2025-11-06T18:16:53Z,2025-11-06T18:16:53Z,No
['GEM/2025/B/6777786'],"Manpower Outsourcing Services - Minimum wage - Skilled; ITI; Others,Manpower Outsourcing Services -",[12],Ministry of Defence Department of Military Affairs,2025-11-06T18:20:06Z,2025-11-06T18:20:06Z,No
['GEM/2025/B/6578600'],Vulnerability and Penetration Testing,[1],Science and Technology Department Gujarat,2025-09-03T18:17:22Z,2025-09-03T18:17:22Z,No
['GEM/2025/B/6863002'],"Online UPS (?10 KVA) With Battery Conforming To IS 16242 (Part 1),Online UPS (?10 KVA) With Bat",[6],Health & Family Welfare Department Gujarat,2025-11-06T18:52:57Z,2025-11-06T18:52:57Z,No
['GEM/2025/B/6854980'],Printing Maplitho Paper (V3) Conforming to IS 1848 (Part 1),[5000000],Education Department Gujarat,2025-11-04T18:28:02Z,2025-11-04T18:28:02Z,No
['GEM/2025/B/6854911'],Printing Maplitho Paper (V3) Conforming to IS 1848 (Part 1),[5000000],Education Department Gujarat,2025-11-04T18:26:22Z,2025-11-04T18:26:22Z,No
['GEM/2025/B/6854790'],Printing Maplitho Paper (V3) Conforming to IS 1848 (Part 1),[5000000],Education Department Gujarat,2025-11-04T18:24:50Z,2025-11-04T18:24:50Z,No
['GEM/2025/B/6854336'],Printing Maplitho Paper (V3) Conforming to IS 1848 (Part 1),[5000000],Education Department Gujarat,2025-11-04T18:16:39Z,2025-11-04T18:16:39Z,No
['GEM/2025/B/6830307'],Printing Maplitho Paper (V3) Conforming to IS 1848 (Part 1),[5000000],Education Department Gujarat,2025-11-04T18:12:26Z,2025-11-04T18:12:26Z,No
['GEM/2025/B/6860625'],Customized AMC/CMC for Pre-owned Products - AS PER ATC; AS PER ATC; Annual Maintenance Contract (AM,[1],Health & Family Welfare Department Gujarat,2025-11-06T12:37:10Z,2025-11-06T12:37:10Z,No
['GEM/2025/B/6860547'],Manpower Outsourcing Services - Minimum wage - Skilled; High School; Admin,[1],Panchayats and Rural Housing Department Gujarat,2025-11-06T12:33:44Z,2025-11-06T12:33:44Z,No
['GEM/2025/B/6860185'],"Cleaning, Sanitation and Disinfection Service - Outcome Based - Office/Commercial/Institutions/Resi",[45943],Education Department Gujarat,2025-11-06T12:32:52Z,2025-11-06T12:32:52Z,No
['GEM/2025/B/6860116'],"Laundry Service - Healthcare purpose,Laundry Service - Healthcare purpose,Laundry Service - Healthc",[3332],Health & Family Welfare Department Gujarat,2025-11-06T12:44:51Z,2025-11-06T12:44:51Z,No
['GEM/2025/B/6855937'],ANNUAL MAINTENANCE SERVICES FOR WATER PURIFICATION AND CONDITIONING SYSTEM (Version 2) - Potable wa,[1],Ministry of Consumer Affairs Food and Public Distribution Department of Food and Public Distribution,2025-11-06T12:32:04Z,2025-11-06T12:32:04Z,No
['GEM/2025/B/6861846'],Tentage Service Lumpsum Based - Conduct of Stage-II Examination of CGEPT-01/2026 & 02/2026 Batch; L,[1],Ministry of Defence Department of Defence,2025-11-06T18:31:27Z,2025-11-06T18:31:27Z,No
['GEM/2025/B/6860522'],"Online UPS (?10 KVA) With Battery Conforming To IS 16242 (Part 1),Online UPS (?10 KVA) With Bat",[5],Health & Family Welfare Department Gujarat,2025-11-06T18:36:06Z,2025-11-06T18:36:06Z,No
['GEM/2025/B/6775555'],"Manpower Outsourcing Services - Minimum wage - Skilled; ITI; Others,Manpower Outsourcing Services -",[9],Ministry of Defence Department of Military Affairs,2025-11-06T18:34:00Z,2025-11-06T18:34:00Z,No
['GEM/2025/B/6863002'],"Online UPS (?10 KVA) With Battery Conforming To IS 16242 (Part 1),Online UPS (?10 KVA) With Bat",[6],Health & Family Welfare Department Gujarat,2025-11-06T18:52:57Z,2025-11-06T18:52:57Z,No
['GEM/2025/B/6862996'],"CLUTCH ASSEMBLY,CROSS,BUSH KING PIN,BODY ASSY THROTTLE,GASKET CYL HEAD COVER,BEARING TAPERED ROLLER",[18],Ministry of Defence Department of Military Affairs,2025-11-06T18:51:06Z,2025-11-06T18:51:06Z,No
['GEM/2025/B/6862891'],Monthly Basis Cab & Taxi Hiring Services - SUV; 3000 Km x 364 hours; Local 24*7,[2],Forests and Environment Department Gujarat,2025-11-06T18:59:20Z,2025-11-06T18:59:20Z,No
['GEM/2025/B/6862267'],Security Manpower Service (Version 2.0) - Office/Commercial/Institutions/ Residential; Unarmed Secu,[6],Ministry of Education Department of School Education and Literacy,2025-11-06T18:54:44Z,2025-11-06T18:54:44Z,No
['GEM/2025/B/6852394'],"Manpower Outsourcing Services - Minimum wage - Skilled; Graduate; Admin,Manpower Outsourcing Servic",[30],Ministry of Education Department of School Education and Literacy,2025-11-06T18:55:54Z,2025-11-06T18:55:54Z,No
['GEM/2025/B/6735021'],"Submersible Pumps for Slurry Application,Submersible Pumps for Slurry Application,Submersible Pumps",[11],Energy and Petro Chemicals Department Gujarat,2025-11-07T10:32:10Z,2025-11-07T10:32:10Z,No
['GEM/2025/B/6863861'],Manpower Outsourcing Services - Minimum wage - Skilled; Graduate; Admin,[2],Social Justice and Empowerment Department Gujarat,2025-11-07T10:23:29Z,2025-11-07T10:23:29Z,No
['GEM/2025/B/6775555'],"Manpower Outsourcing Services - Minimum wage - Skilled; ITI; Others,Manpower Outsourcing Services -",[9],Ministry of Defence Department of Military Affairs,2025-11-06T18:34:00Z,2025-11-06T18:34:00Z,No
['GEM/2025/B/6863002'],"Online UPS (?10 KVA) With Battery Conforming To IS 16242 (Part 1),Online UPS (?10 KVA) With Bat",[6],Health & Family Welfare Department Gujarat,2025-11-06T18:52:57Z,2025-11-06T18:52:57Z,No
['GEM/2025/B/6862996'],"CLUTCH ASSEMBLY,CROSS,BUSH KING PIN,BODY ASSY THROTTLE,GASKET CYL HEAD COVER,BEARING TAPERED ROLLER",[18],Ministry of Defence Department of Military Affairs,2025-11-06T18:51:06Z,2025-11-06T18:51:06Z,No
['GEM/2025/B/6862891'],Monthly Basis Cab & Taxi Hiring Services - SUV; 3000 Km x 364 hours; Local 24*7,[2],Forests and Environment Department Gujarat,2025-11-06T18:59:20Z,2025-11-06T18:59:20Z,No
['GEM/2025/B/6862267'],Security Manpower Service (Version 2.0) - Office/Commercial/Institutions/ Residential; Unarmed Secu,[6],Ministry of Education Department of School Education and Literacy,2025-11-06T18:54:44Z,2025-11-06T18:54:44Z,No
['GEM/2025/B/6852394'],"Manpower Outsourcing Services - Minimum wage - Skilled; Graduate; Admin,Manpower Outsourcing Servic",[30],Ministry of Education Department of School Education and Literacy,2025-11-06T18:55:54Z,2025-11-06T18:55:54Z,No
['GEM/2025/B/6863699'],"Cricket Stumps and Bails,Cricket Bat,Carrom Board,Chess Board,Carrommen and Striker,Shot Put ( Rubb",[276],Panchayats and Rural Housing Department Gujarat,2025-11-07T10:02:18Z,2025-11-07T10:02:18Z,No
['GEM/2025/B/6797362'],Manpower Outsourcing Services - Minimum wage - Unskilled; Secondary School; Admin,[15],Education Department Gujarat,2025-10-16T12:41:46Z,2025-10-16T12:41:46Z,No
['GEM/2025/B/6794295'],"Fowl D,Meat Frozen,Fish Pomfret fresh,Fish Sumrai fresh,Fish Rohu fresh,Fish Katla Fresh,Fish Macke",[62000],Ministry of Defence Department of Military Affairs,2025-11-07T11:28:13Z,2025-11-07T11:28:13Z,No
['GEM/2025/B/5923908'],Portable Ultrasound Machine (V2),[16],Health & Family Welfare Department Gujarat,2025-03-11T11:08:15Z,2025-03-11T11:08:15Z,No
['GEM/2025/B/6793835'],Injector Diagnosis and Cleaning System Kit For Educational Purpose,[1],Education Department Gujarat,2025-10-18T15:17:02Z,2025-10-18T15:17:02Z,No
['GEM/2025/B/6782098'],"Multimedia Projector (MMP),Split Air Conditioner Including Green AC, Wall Mount Type (V2)",[4],Panchayats and Rural Housing Department Gujarat,2025-10-18T16:23:50Z,2025-10-18T16:23:50Z,No
['GEM/2025/B/6777244'],Layer 2 Access Switch (V2),[1],Ministry of Defence Department of Military Affairs,2025-10-16T17:56:20Z,2025-10-16T17:56:20Z,No
['GEM/2025/B/6772872'],"Calibration Services - Mechanical; Dimension, Mass and Volume; As per SCC-T; Buyer premises (onsite",[1],Ministry of Petroleum and Natural Gas INDIAN OIL CORPORATION LIMITED,2025-10-09T17:25:10Z,2025-10-09T17:25:10Z,No
['GEM/2025/B/6757685'],Automated Western blotting and Imaging System,[1],Science and Technology Department Gujarat,2025-10-06T16:17:25Z,2025-10-06T16:17:25Z,No
['GEM/2025/B/6757664'],Pulse Oximeter (V2),[9],Panchayats and Rural Housing Department Gujarat,2025-10-06T19:04:38Z,2025-10-06T19:04:38Z,No
['GEM/2025/B/6756879'],Customised Ambulance with Equipment,[1],Panchayats and Rural Housing Department Gujarat,2025-10-06T18:53:59Z,2025-10-06T18:53:59Z,No
['GEM/2025/B/6756714'],Portable X - Ray Machine (V2),[1],Health & Family Welfare Department Gujarat,2025-10-13T17:01:35Z,2025-10-13T17:01:35Z,No
['GEM/2025/B/6760609'],SAM TURBO PUMP SPARES,[1],Ministry of Petroleum and Natural Gas INDIAN OIL CORPORATION LIMITED,2025-10-07T11:23:40Z,2025-10-07T11:23:40Z,No
['GEM/2025/B/6760434'],DELTA PD make pumps,[1],Ministry of Petroleum and Natural Gas INDIAN OIL CORPORATION LIMITED,2025-10-07T10:58:26Z,2025-10-07T10:58:26Z,No
['GEM/2025/B/6859710'],Gold purity testing meter/ Karat meter,[3],Ministry of Finance Department of Financial Services,2025-11-06T10:52:47Z,2025-11-06T10:52:47Z,No
['GEM/2025/B/6854405'],Custom Bid for Services - ----,[1],Ministry of Petroleum and Natural Gas NA,2025-11-06T10:49:29Z,2025-11-06T10:49:29Z,No
['GEM/2025/B/6827410'],Agricultural Trailer Complying to AIS 112,[1],Panchayats and Rural Housing Department Gujarat,2025-10-27T13:29:56Z,2025-10-27T13:29:56Z,No
['GEM/2025/B/6764893'],Event or Seminar or Workshop or Exhibition or Expo Management Service - National; SAILORS MOTIVATIO,[1],Ministry of Defence Department of Military Affairs,2025-11-06T10:47:36Z,2025-11-06T10:47:36Z,No
['GEM/2025/B/6803510'],Patient Bed (Fowler),[5],Ministry of Defence Department of Defence,2025-11-06T11:24:05Z,2025-11-06T11:24:05Z,No
['GEM/2025/B/6503894'],Procurement of Advanced Pulmonary Function Test Machine,[10],Ministry of Health and Family Welfare Department of Health and Family Welfare,2025-09-15T10:16:05Z,2025-09-15T10:16:05Z,No
['GEM/2025/B/6859987'],Repair and Overhauling Service - REPAIR OF DC GPU 24/28 V AVISH; REPAIR OF DC GPU 24/28 V AVISH; Ye,[1],Ministry of Defence Department of Military Affairs,2025-11-06T11:23:11Z,2025-11-06T11:23:11Z,No
['GEM/2025/B/6859974'],Agricultural Trailer Complying to AIS 112,[1],Panchayats and Rural Housing Department Gujarat,2025-11-06T11:24:40Z,2025-11-06T11:24:40Z,No
['GEM/2025/B/6859937'],Repair and Overhauling Service - SUPPLY OF MT SPARES; MT SPARES; Yes; Buyer Premises,[1],Ministry of Defence Department of Military Affairs,2025-11-06T11:18:55Z,2025-11-06T11:18:55Z,No
['GEM/2025/B/6859913'],"Automotive Vehicles - Retro - Reflective Sheets and Tapes (Traffic Safety) as per IS 14221,Automoti",[17],Ports and Transport Department Gujarat,2025-11-06T11:16:35Z,2025-11-06T11:16:35Z,No
['GEM/2025/B/6855591'],"Internet Bandwidth and Replication Service - Internet Leased Line; Goverment Service provider, Priv",[1],Education Department Gujarat,2025-11-04T15:39:38Z,2025-11-04T15:39:38Z,No
['GEM/2025/B/6851716'],SMART CLASS EQUIPMENT WITH DIGITAL CONTENTS SOFTWARE,[4],Panchayats and Rural Housing Department Gujarat,2025-11-07T11:08:52Z,2025-11-07T11:08:52Z,No
['GEM/2025/B/6834653'],"TAB LEVETIRACETAM 500MG,TAB SITAGLIPTIN 50MG,INJ PHENYTOIN SODIUM 100MG,LEVOSALBUTMOL RESPULE 0 POI",[50681],Ministry of Defence Department of Military Affairs,2025-11-07T11:14:50Z,2025-11-07T11:14:50Z,No
['GEM/2025/B/6831613'],Entry and Mid Level Desktop Computer,[4],Panchayats and Rural Housing Department Gujarat,2025-10-28T14:49:46Z,2025-10-28T14:49:46Z,No
['GEM/2025/B/6829729'],"Micropipette with 1 ml volume,Micropipette with 5 ml volume,Micro tip with 1 ml volume,Micro tip wi",[20540],PMO Department of Atomic Energy,2025-11-07T11:02:55Z,2025-11-07T11:02:55Z,No
['GEM/2025/B/6764015'],Leasing in of Commercial Properties - Office Space; Wet Lease (maintenance to be borne by lessor); ,[1],Ministry of Road Transports and highways NA,2025-10-07T19:10:22Z,2025-10-07T19:10:22Z,No
['GEM/2025/B/6864421'],Manpower Outsourcing Services - Man-days based - Others; Unskilled; Mazdoor/Labour,[7560],Narmada Water Resources Water Supply and Kalpsar Department Gujarat,2025-11-07T11:44:50Z,2025-11-07T11:44:50Z,No
['GEM/2025/B/6864416'],"Pliers, Pincers and Nippers as per IS 2615, IS 11526",[172],Energy and Petro Chemicals Department Gujarat,2025-11-07T11:37:25Z,2025-11-07T11:37:25Z,No
['GEM/2025/B/6864398'],Piano Type Modular Domestic Fan Regulator as per IS 11037,[105],Labour and Employment Department Gujarat,2025-11-07T11:33:27Z,2025-11-07T11:33:27Z,No
['GEM/2025/B/6864059'],"Manpower Outsourcing Services - Fixed Remuneration - Admin; Clerk; Graduate,Manpower Outsourcing Se",[2],Women and Child Development Department Gujarat,2025-11-07T11:40:42Z,2025-11-07T11:40:42Z,No
['GEM/2025/B/6863632'],Security Manpower Service (Version 2.0) - Office/Commercial/Institutions/ Residential; Unarmed Secu,[4],Labour and Employment Department Gujarat,2025-11-07T11:41:00Z,2025-11-07T11:41:00Z,No
['GEM/2025/B/6861480'],Precast Concrete Reinforced Bench (RDSO),[121],Panchayats and Rural Housing Department Gujarat,2025-11-07T11:37:42Z,2025-11-07T11:37:42Z,No
['GEM/2025/B/6855493'],Hygiene Kit for Gujarat,[400],Women and Child Development Department Gujarat,2025-11-07T11:35:52Z,2025-11-07T11:35:52Z,No
['GEM/2025/B/6848487'],PROCUREMENT OF COMBO TESTER FOR ESD SAFETY BAY,[1],Ministry of Defence Department of Military Affairs,2025-11-07T11:34:11Z,2025-11-07T11:34:11Z,No
['GEM/2025/B/6847276'],High Mast Lighting Octagonal Tower with Solar Based LED Street Light,[8],General Administration Department Gujarat,2025-11-07T11:31:32Z,2025-11-07T11:31:32Z,No
['GEM/2025/B/6847165'],Solar Street Lighting System (NTPC),[250],General Administration Department Gujarat,2025-11-07T11:35:46Z,2025-11-07T11:35:46Z,No
['GEM/2025/B/6847118'],Solar Street Lighting System (NTPC),[250],General Administration Department Gujarat,2025-11-07T11:33:54Z,2025-11-07T11:33:54Z,No
['GEM/2025/B/6830514'],LED Luminaire for Road and Street Lights (V2) Conforming to IS 10322 (Part 5 / Section 3),[46],Panchayats and Rural Housing Department Gujarat,2025-10-28T11:44:56Z,2025-10-28T11:44:56Z,No
['GEM/2025/B/6830452'],LED Luminaire for Road and Street Lights (V2) Conforming to IS 10322 (Part 5 / Section 3),[139],Panchayats and Rural Housing Department Gujarat,2025-10-28T11:45:51Z,2025-10-28T11:45:51Z,No
['GEM/2025/B/6864643'],"Bayonet Lampholders (V2) ISI Marked to IS 1258,Bayonet Lampholders (V2) ISI Marked to IS 1258",[390],Labour and Employment Department Gujarat,2025-11-07T11:58:27Z,2025-11-07T11:58:27Z,No
['GEM/2025/B/6856611'],Face Shield,[20],Labour and Employment Department Gujarat,2025-11-07T12:06:42Z,2025-11-07T12:06:42Z,No
['GEM/2025/B/6856461'],Machine Planer (Wood Planer),[4],Labour and Employment Department Gujarat,2025-11-07T12:05:55Z,2025-11-07T12:05:55Z,No
['GEM/2025/B/6864643'],"Bayonet Lampholders (V2) ISI Marked to IS 1258,Bayonet Lampholders (V2) ISI Marked to IS 1258",[390],Labour and Employment Department Gujarat,2025-11-07T11:58:27Z,2025-11-07T11:58:27Z,No
['GEM/2025/B/6864589'],Manpower Outsourcing Services - Man-days based - Others; Unskilled; Mazdoor/Labour,[5400],Narmada Water Resources Water Supply and Kalpsar Department Gujarat,2025-11-07T11:57:43Z,2025-11-07T11:57:43Z,No
['GEM/2025/B/6864584'],"Air Pressure Governor Assy,Dual Brake Valve Assy,Pressure Valve,Control Vlve,Electric Fuel Pump Mot",[7],Ministry of Defence Department of Military Affairs,2025-11-07T11:56:41Z,2025-11-07T11:56:41Z,No
['GEM/2025/B/6864373'],Facility Management Services - LumpSum Based - Supply Installation Commissioning of Commissioning W,[1],General Administration Department Gujarat,2025-11-07T11:52:07Z,2025-11-07T11:52:07Z,No
['GEM/2025/B/6864252'],"Annual Maintenance Service - Desktops,  Laptops and Peripherals - Desktop PC; hp,Annual Maintenance",[100],Ministry of Textiles The Cotton Corporation Of India Limited,2025-11-07T11:51:51Z,2025-11-07T11:51:51Z,No
['GEM/2025/B/6863714'],Custom Bid for Services - 9030C25D25 Annual Rate Contract for expert services for trouble shooting ,[1],Ministry of Petroleum and Natural Gas INDIAN OIL CORPORATION LIMITED,2025-11-07T11:45:20Z,2025-11-07T11:45:20Z,No
['GEM/2025/B/6861926'],Tractors (V1),[1],Urban Development and Urban Housing Department Gujarat,2025-11-07T11:49:27Z,2025-11-07T11:49:27Z,No
['GEM/2025/B/6799219'],"Office Suite Software (V3),Office Suite Software (V3)",[6],Labour and Employment Department Gujarat,2025-11-07T11:50:27Z,2025-11-07T11:50:27Z,No
['GEM/2025/B/6323799'],Upper Gastrointestinal Video Endoscope Unit (V2),[3],Health & Family Welfare Department Gujarat,2025-07-03T15:15:06Z,2025-07-03T15:15:06Z,No
['GEM/2025/B/6864834'],Manpower Outsourcing Services - Man-days based - Others; Unskilled; Mazdoor/Labour,[6480],Narmada Water Resources Water Supply and Kalpsar Department Gujarat,2025-11-07T12:22:56Z,2025-11-07T12:22:56Z,No
['GEM/2025/B/6864776'],Mounting plate,[100],Ministry of Defence Department of Military Affairs,2025-11-07T12:17:53Z,2025-11-07T12:17:53Z,No
['GEM/2025/B/6864725'],Screw Drivers as per IS 844,[172],Energy and Petro Chemicals Department Gujarat,2025-11-07T12:15:33Z,2025-11-07T12:15:33Z,No
['GEM/2025/B/6863746'],Glass Board 3x2 FT,[6],Ministry of Defence Department of Military Affairs,2025-11-07T12:24:26Z,2025-11-07T12:24:26Z,No
['GEM/2025/B/6862388'],Monthly Basis Cab & Taxi Hiring Services - SUV; 2000 km x 320 hours; Outstation 24*7,[1],Ministry of Railways Indian Railways,2025-11-07T12:27:23Z,2025-11-07T12:27:23Z,No
['GEM/2025/B/6861752'],"Cleaning, Sanitation and Disinfection Service - Outcome Based - Office/Commercial/Institutions/Resi",[6945],Labour and Employment Department Gujarat,2025-11-07T12:15:45Z,2025-11-07T12:15:45Z,No
['GEM/2025/B/6854168'],Horizontal Autoclave,[2],Urban Development and Urban Housing Department Gujarat,2025-11-04T12:37:33Z,2025-11-04T12:37:33Z,No
['GEM/2025/B/6843165'],"Goods Transportation service - Monthly Based Service - Within city; Packed Gas, Packed Water, Machi",[1],PMO Department of Atomic Energy,2025-11-07T12:22:11Z,2025-11-07T12:22:11Z,No
['GEM/2025/B/6815461'],"10 KW, 100 to 450 kHz High frequency power supply",[1],PMO Department of Atomic Energy,2025-11-07T12:22:04Z,2025-11-07T12:22:04Z,No
['GEM/2025/B/6797362'],Manpower Outsourcing Services - Minimum wage - Unskilled; Secondary School; Admin,[15],Education Department Gujarat,2025-10-16T12:41:46Z,2025-10-16T12:41:46Z,No
['GEM/2025/B/6794295'],"Fowl D,Meat Frozen,Fish Pomfret fresh,Fish Sumrai fresh,Fish Rohu fresh,Fish Katla Fresh,Fish Macke",[62000],Ministry of Defence Department of Military Affairs,2025-11-07T11:28:13Z,2025-11-07T11:28:13Z,No
['GEM/2025/B/5923908'],Portable Ultrasound Machine (V2),[16],Health & Family Welfare Department Gujarat,2025-03-11T11:08:15Z,2025-03-11T11:08:15Z,No
['GEM/2025/B/6864327'],Industrial Safety Helmet (V3) ISI marked to IS 2925,[172],Energy and Petro Chemicals Department Gujarat,2025-11-07T11:21:35Z,2025-11-07T11:21:35Z,No
['GEM/2025/B/6864302'],personal safety kit reflective luminous garments,[110],Energy and Petro Chemicals Department Gujarat,2025-11-07T11:18:18Z,2025-11-07T11:18:18Z,No
['GEM/2025/B/6847252'],High Mast Lighting Octagonal Tower with Solar Based LED Street Light,[8],General Administration Department Gujarat,2025-11-07T11:29:23Z,2025-11-07T11:29:23Z,No
['GEM/2025/B/6777464'],"Cleaning, Sanitation and Disinfection Service - Outcome Based - Office/Commercial/Institutions/Resi",[148703],Education Department Gujarat,2025-11-07T12:41:37Z,2025-11-07T12:41:37Z,No
['GEM/2025/B/6865082'],Center Punch as per IS 7177,[171],Energy and Petro Chemicals Department Gujarat,2025-11-07T12:41:47Z,2025-11-07T12:41:47Z,No
['GEM/2025/B/6864984'],Adjustable Spanner,[172],Energy and Petro Chemicals Department Gujarat,2025-11-07T12:32:52Z,2025-11-07T12:32:52Z,No
['GEM/2025/B/6864854'],Entry and Mid Level Desktop Computer,[23],Legal Department Gujarat,2025-11-07T12:38:44Z,2025-11-07T12:38:44Z,No
['GEM/2025/B/6866163'],"Ready Mixed Paint, Brushing, Bituminous, Black, Lead - Free, Acid, Alkali, Water and Chlorine Resis",[360],Ministry of Housing & Urban Affairs (MoHUA) NA,2025-11-07T15:50:30Z,2025-11-07T15:50:30Z,No
['GEM/2025/B/6866084'],ANNUAL MAINTENANCE SERVICES FOR WATER PURIFICATION AND CONDITIONING SYSTEM (Version 2) - Industrial,[1],Labour and Employment Department Gujarat,2025-11-07T15:54:25Z,2025-11-07T15:54:25Z,No
['GEM/2025/B/6862945'],Facility Management Service - Outcome Based,[500],Revenue Department Gujarat,2025-11-07T15:54:50Z,2025-11-07T15:54:50Z,No
['GEM/2025/B/6848498'],Custom Bid for Services - LAYING OF SYNTHETIC FUTSAL COURT WITH ACCESSORIES AND FITTINGS,[1],Ministry of Defence Department of Military Affairs,2025-11-07T15:57:04Z,2025-11-07T15:57:04Z,No
['GEM/2025/B/6847827'],"Manpower Outsourcing Services - Minimum wage - Unskilled; Secondary School; Others,Manpower Outsour",[6],Panchayats and Rural Housing Department Gujarat,2025-11-07T15:57:31Z,2025-11-07T15:57:31Z,No
['GEM/2025/B/6836670'],Phosphate Rich Organic Manure (PROM) (V2),[1000],Forests and Environment Department Gujarat,2025-10-29T16:51:09Z,2025-10-29T16:51:09Z,No
['GEM/2025/B/6785075'],AMC of Integrated Security and Surveillance System - Comprehensive Annual Maintenance Contract of C,[1],Health & Family Welfare Department Gujarat,2025-11-07T15:58:11Z,2025-11-07T15:58:11Z,No
['GEM/2025/B/6782342'],"Facility Management Services - LumpSum Based - THERMAL POWER PLANT; Housekeeping, Work of removing ",[1],Energy and Petro Chemicals Department Gujarat,2025-10-16T11:01:31Z,2025-10-16T11:01:31Z,No
['GEM/2025/B/6753999'],"Healthcare Kitchen and Dietary Service - General Ward; Diet; Full Regular Diet, Pediatric Diet; Mor",[100],Health & Family Welfare Department Gujarat,2025-10-04T18:14:10Z,2025-10-04T18:14:10Z,No
['GEM/2025/B/6759175'],"Custom Bid for Services - Appointment of PMC for Design, Supervision and Commissioning of a Hydroge",[1],Ministry of Education Department of Higher Education,2025-10-10T17:38:08Z,2025-10-10T17:38:08Z,No
['GEM/2025/B/6864804'],"Containerized Housing / Office Unit,Containerized Housing / Office Unit",[4],Agriculture and Co-operation Department Gujarat,2025-11-07T12:57:52Z,2025-11-07T12:57:52Z,No
['GEM/2025/B/6864014'],"Repair, Maintenance, and Installation of Plant/ Systems/Equipments (Version 2) - Industry Unit; Rep",[1],Ministry of Petroleum and Natural Gas INDIAN OIL CORPORATION LIMITED,2025-11-07T12:57:32Z,2025-11-07T12:57:32Z,No
['GEM/2025/B/6862831'],"Manpower Outsourcing Services - Minimum wage - Skilled; High School; Admin,Manpower Outsourcing Ser",[8],Narmada Water Resources Water Supply and Kalpsar Department Gujarat,2025-11-07T12:50:30Z,2025-11-07T12:50:30Z,No
['GEM/2025/B/6756640'],"Annual Maintenance service-AIR CONDITIONER,Annual Maintenance service-AIR CONDITIONER,Annual Mainte",[196],Education Department Gujarat,2025-11-07T12:56:39Z,2025-11-07T12:56:39Z,No
['GEM/2025/B/6755603'],CNC Simulator,[1],Education Department Gujarat,2025-11-07T12:53:48Z,2025-11-07T12:53:48Z,No
['GEM/2025/B/6727238'],Manpower Outsourcing Services - Minimum wage - Unskilled; Not Required; Others,[1],Agriculture and Co-operation Department Gujarat,2025-11-07T12:52:19Z,2025-11-07T12:52:19Z,No
['GEM/2025/B/6865108'],Swing Check Type Reflux Valves for Water Works Purposes (Single Door Pattern) (V2) as per IS 5312 (,[15],Panchayats and Rural Housing Department Gujarat,2025-11-07T13:10:45Z,2025-11-07T13:10:45Z,No
['GEM/2025/B/6864941'],"Annual Maintenance Service  - Photocopier Machine - Photocopier Machines ( Monochrome , Laser , Sep",[2],Education Department Gujarat,2025-11-07T13:00:51Z,2025-11-07T13:00:51Z,No
['GEM/2025/B/6864608'],"Pliers, Pincers and Nippers as per IS 2615, IS 11526",[172],Energy and Petro Chemicals Department Gujarat,2025-11-07T11:53:44Z,2025-11-07T11:53:44Z,No
['GEM/2025/B/6864452'],Micro/Semi-Micro/Analytical weighing balance,[3],Agriculture and Co-operation Department Gujarat,2025-11-07T13:00:46Z,2025-11-07T13:00:46Z,No
['GEM/2025/B/6830384'],File/Folder (V3),[7500],Home Department Gujarat,2025-10-28T11:49:44Z,2025-10-28T11:49:44Z,No
['GEM/2025/B/6785546'],Customized AMC/CMC for Pre-owned Products - AS PER ATC; AS PER ATC; Annual Maintenance Contract (AM,[1],Health & Family Welfare Department Gujarat,2025-10-13T21:36:26Z,2025-10-13T21:36:26Z,No
['GEM/2025/B/6865448'],High Pressure Mercury Vapour Lamps - IS 9900,[11],Labour and Employment Department Gujarat,2025-11-07T13:29:18Z,2025-11-07T13:29:18Z,No
['GEM/2025/B/6865326'],"Annual Maintenance Service  - Photocopier Machine - Photocopier Machines ( Monochrome , Laser , Sep",[2],Education Department Gujarat,2025-11-07T13:25:10Z,2025-11-07T13:25:10Z,No
['GEM/2025/B/6865266'],Bio - Medical Waste Collection Bags (Biohazard Bags),[4000],Health & Family Welfare Department Gujarat,2025-11-07T13:15:25Z,2025-11-07T13:15:25Z,No
['GEM/2025/B/6865151'],"Board Duster White,Box File-Normal,Box File-RF101,Box File-XC515,Cellotap-Brown,Cellotap-White 1 In",[6625],Ministry of Civil Aviation Airports Authority of India (AAI),2025-11-07T13:29:37Z,2025-11-07T13:29:37Z,No
['GEM/2025/B/6862256'],Monthly Basis Cab & Taxi Hiring Services - Sedan; 1800 km x 320 hours; Outstation 24*7,[2],Health & Family Welfare Department Gujarat,2025-11-07T13:28:44Z,2025-11-07T13:28:44Z,No
['GEM/2025/B/6860006'],Reverse Osmosis based Water Treatment System above 50 LPH Capacity (V2),[2],Panchayats and Rural Housing Department Gujarat,2025-11-07T13:12:33Z,2025-11-07T13:12:33Z,No
['GEM/2025/B/6865518'],"Ponchha,Dusting Cloth,Phenyl,Broom Soft,Broom Hard,Room Freshner,Lizol 500 ml,Naphthalene balls,Har",[341],Ministry of Defence Department of Military Affairs,2025-11-07T13:52:54Z,2025-11-07T13:52:54Z,No
['GEM/2025/B/6865357'],Reciprocating Air Compressors - Electric Motor Driven,[1],Ministry of Defence Department of Military Affairs,2025-11-07T13:57:44Z,2025-11-07T13:57:44Z,No
['GEM/2025/B/6865657'],Plain Copier Paper (V3) ISI Marked to IS 14490,[240],Rural Development Department Gujarat,2025-11-07T14:11:20Z,2025-11-07T14:11:20Z,No
['GEM/2025/B/6827344'],"Spices and Condiments - Turmeric Whole and Ground (V2) as per IS 3576,Spices And Condiments - Coria",[400],Ministry of Defence Department of Military Affairs,2025-11-07T14:05:19Z,2025-11-07T14:05:19Z,No
['GEM/2025/B/6804347'],Professional Training Services (Version 2) - offline; Weekdays,[335],Panchayats and Rural Housing Department Gujarat,2025-10-28T13:47:20Z,2025-10-28T13:47:20Z,No
['GEM/2025/B/6798695'],Rotameter with Differential Pressure regulator for Helium Gas service as per attached specification,[10],PMO Department of Atomic Energy,2025-11-07T14:08:31Z,2025-11-07T14:08:31Z,No
['GEM/2025/B/6865518'],"Ponchha,Dusting Cloth,Phenyl,Broom Soft,Broom Hard,Room Freshner,Lizol 500 ml,Naphthalene balls,Har",[341],Ministry of Defence Department of Military Affairs,2025-11-07T13:52:54Z,2025-11-07T13:52:54Z,No
['GEM/2025/B/6865357'],Reciprocating Air Compressors - Electric Motor Driven,[1],Ministry of Defence Department of Military Affairs,2025-11-07T13:57:44Z,2025-11-07T13:57:44Z,No
['GEM/2025/B/6865236'],"PAD,COIL ASSY IGNITION,HEAD LAMP ASSY,SWITCH ASSY COMBINATION,SWITCH ASSY CHANGE OVER,SPRING ASSY F",[1355],Ministry of Defence Department of Military Affairs,2025-11-07T13:53:31Z,2025-11-07T13:53:31Z,No
['GEM/2025/B/6806513'],Hiring of Consultants - Per Person Per Month Based - Subject Matter Experts; Legal Subject Matter E,[1],Rural Development Department Gujarat,2025-10-18T12:05:17Z,2025-10-18T12:05:17Z,No
['GEM/2025/B/6866178'],"Pliers, Pincers and Nippers as per IS 2615, IS 11526,Pliers, Pincers and Nippers as per IS 2615, IS",[89],Labour and Employment Department Gujarat,2025-11-07T15:44:38Z,2025-11-07T15:44:38Z,No
['GEM/2025/B/6866177'],Hand Knotted Silk Carpet (V2) Conforming to IS 14566,[886],General Administration Department Gujarat,2025-11-07T15:35:05Z,2025-11-07T15:35:05Z,No
['GEM/2025/B/6865485'],"All in One PC (V2),Multifunction Machine MFM (V2)",[4],Panchayats and Rural Housing Department Gujarat,2025-11-07T14:15:21Z,2025-11-07T14:15:21Z,No
['GEM/2025/B/6856320'],Security Manpower Service (Version 2.0) - Office/Commercial/Institutions/ Residential; Unarmed Secu,[8],Labour and Employment Department Gujarat,2025-11-07T14:19:06Z,2025-11-07T14:19:06Z,No
['GEM/2025/B/6854326'],E-cart for Goods,[6],Panchayats and Rural Housing Department Gujarat,2025-11-04T16:59:24Z,2025-11-04T16:59:24Z,No
['GEM/2025/B/6804773'],Professional Training Services (Version 2) - offline; Weekdays,[335],Panchayats and Rural Housing Department Gujarat,2025-10-28T17:04:40Z,2025-10-28T17:04:40Z,No
['GEM/2025/B/6865210'],Manpower Outsourcing Services - Minimum wage - Skilled; High School; Others,[1],Industries and Mines Department Gujarat,2025-11-07T14:46:33Z,2025-11-07T14:46:33Z,No
['GEM/2025/B/6864226'],Writing Pad Chair,[100],Education Department Gujarat,2025-11-07T14:46:14Z,2025-11-07T14:46:14Z,No
['GEM/2025/B/6863246'],Facility Management Service- Manpower based (Version 2) - Industrial; MANAGER MARKETING; Highly-Ski,[131],Industries and Mines Department Gujarat,2025-11-07T14:59:33Z,2025-11-07T14:59:33Z,No
['GEM/2025/B/6856631'],"Entry and Mid Level Desktop Computer,Entry and Mid Level Desktop Computer,All in One PC (V2),Multif",[24],Panchayats and Rural Housing Department Gujarat,2025-11-07T14:58:31Z,2025-11-07T14:58:31Z,No
['GEM/2025/B/6856390'],"calibration Weights or Weights Sets,calibration Weights or Weights Sets",[30],Agriculture and Co-operation Department Gujarat,2025-11-07T14:55:01Z,2025-11-07T14:55:01Z,No
['GEM/2025/B/6789814'],"Calibration Services - Mechanical; Dimension, Mass and Volume, Pressure; NABL Labs, CSIR Labs, ARAI",[1],Education Department Gujarat,2025-10-14T16:53:25Z,2025-10-14T16:53:25Z,No
['GEM/2025/B/6865968'],Cafeteria Chair,[100],Education Department Gujarat,2025-11-07T15:03:12Z,2025-11-07T15:03:12Z,No
['GEM/2025/B/6865888'],"Catering Service per Packet based - Veg; Snacks/High, Refreshment; Snacks Packet",[1000],Education Department Gujarat,2025-11-07T15:12:43Z,2025-11-07T15:12:43Z,No
['GEM/2025/B/6840551'],Custom Bid for Services - Hiring of services for 09 nos Scrapping Winch Units for Ahmedabad Asset f,[1],Ministry of Petroleum and Natural Gas NA,2025-10-31T12:41:47Z,2025-10-31T12:41:47Z,No
['GEM/2025/B/6865210'],Manpower Outsourcing Services - Minimum wage - Skilled; High School; Others,[1],Industries and Mines Department Gujarat,2025-11-07T14:46:33Z,2025-11-07T14:46:33Z,No
['GEM/2025/B/6864226'],Writing Pad Chair,[100],Education Department Gujarat,2025-11-07T14:46:14Z,2025-11-07T14:46:14Z,No
['GEM/2025/B/6863246'],Facility Management Service- Manpower based (Version 2) - Industrial; MANAGER MARKETING; Highly-Ski,[131],Industries and Mines Department Gujarat,2025-11-07T14:59:33Z,2025-11-07T14:59:33Z,No
['GEM/2025/B/6856631'],"Entry and Mid Level Desktop Computer,Entry and Mid Level Desktop Computer,All in One PC (V2),Multif",[24],Panchayats and Rural Housing Department Gujarat,2025-11-07T14:58:31Z,2025-11-07T14:58:31Z,No
['GEM/2025/B/6856390'],"calibration Weights or Weights Sets,calibration Weights or Weights Sets",[30],Agriculture and Co-operation Department Gujarat,2025-11-07T14:55:01Z,2025-11-07T14:55:01Z,No
['GEM/2025/B/6789814'],"Calibration Services - Mechanical; Dimension, Mass and Volume, Pressure; NABL Labs, CSIR Labs, ARAI",[1],Education Department Gujarat,2025-10-14T16:53:25Z,2025-10-14T16:53:25Z,No
['GEM/2025/B/6760655'],"SUPPLY- HORN GAP FUSE: 11kV, SINGLE PHASE, COMPLETE WITH POST INSULATOR AND TERMINAL CONNECTORS[ AS",[6],Ministry of Heavy Industries and Public Enterprises Department of Heavy Industry,2025-10-07T12:36:24Z,2025-10-07T12:36:24Z,No
['GEM/2025/B/6840551'],Custom Bid for Services - Hiring of services for 09 nos Scrapping Winch Units for Ahmedabad Asset f,[1],Ministry of Petroleum and Natural Gas NA,2025-10-31T12:41:47Z,2025-10-31T12:41:47Z,No
['GEM/2025/B/6769920'],Plant Electrophysiology Unit,[1],Science and Technology Department Gujarat,2025-10-17T12:19:27Z,2025-10-17T12:19:27Z,No
['GEM/2024/B/5683057'],Hiring of Agency for IT Projects- Milestone basis,[1],Ports and Transport Department Gujarat,2024-12-11T16:51:03Z,2024-12-11T16:51:03Z,No
['GEM/2025/B/6866178'],"Pliers, Pincers and Nippers as per IS 2615, IS 11526,Pliers, Pincers and Nippers as per IS 2615, IS",[89],Labour and Employment Department Gujarat,2025-11-07T15:44:38Z,2025-11-07T15:44:38Z,No
['GEM/2025/B/6866177'],Hand Knotted Silk Carpet (V2) Conforming to IS 14566,[886],General Administration Department Gujarat,2025-11-07T15:35:05Z,2025-11-07T15:35:05Z,No
['GEM/2025/B/6866012'],"XLPE Cable for Working Voltages up to and Including 1.1 KV as per IS 7098 (Part 1),XLPE Cable for W",[1500],Industries and Mines Department Gujarat,2025-11-07T15:31:23Z,2025-11-07T15:31:23Z,No
['GEM/2025/B/6863393'],Catering service (Duration Based) - Veg; Snacks/High Tea; Regular Packet,[2821],Education Department Gujarat,2025-11-07T15:41:44Z,2025-11-07T15:41:44Z,No
['GEM/2025/B/6830529'],Tata Safari Storme Air Compressor repair,[1],Ministry of Defence Department of Military Affairs,2025-10-28T11:47:44Z,2025-10-28T11:47:44Z,No
['GEM/2025/B/6830460'],Engine Overhauling Maruti Gypsy,[1],Ministry of Defence Department of Military Affairs,2025-10-28T11:39:52Z,2025-10-28T11:39:52Z,No
['GEM/2025/B/6830347'],Maruti Gypsy Head Repair,[2],Ministry of Defence Department of Military Affairs,2025-10-28T11:30:35Z,2025-10-28T11:30:35Z,No
['GEM/2025/B/6830118'],Tata Safari Strome Injector Overhaul,[1],Ministry of Defence Department of Military Affairs,2025-10-28T11:03:24Z,2025-10-28T11:03:24Z,No
['GEM/2025/B/6829428'],High Mast Lighting Tower for large area with LED Flood Lighting System,[2],Panchayats and Rural Housing Department Gujarat,2025-10-28T11:56:00Z,2025-10-28T11:56:00Z,No
['GEM/2025/B/6829419'],"FLP Lights,4 Way FLP JB,3C x 2.5 Sq.mm Cable,AODD Pump,FSII Dosing Cart for BPI 1 2",[339],Ministry of Petroleum and Natural Gas NA,2025-10-28T02:32:06Z,2025-10-28T02:32:06Z,No
['GEM/2025/B/6802883'],Customised Ambulance with Equipment,[1],Health & Family Welfare Department Gujarat,2025-10-17T15:52:41Z,2025-10-17T15:52:41Z,No
['GEM/2025/B/6802212'],COD (Chemical Oxygen Demand) Analyzer (Closed Reflux),[1],Education Department Gujarat,2025-10-17T12:13:00Z,2025-10-17T12:13:00Z,No
['GEM/2025/B/6801780'],High quality water purification system,[1],Education Department Gujarat,2025-10-17T11:46:39Z,2025-10-17T11:46:39Z,No
['GEM/2025/B/6799039'],Security Manpower Service (Version 2.0) - Office/Commercial/Institutions/ Residential; Unarmed Secu,[1],Ministry of Finance Department of Financial Services,2025-11-07T15:41:29Z,2025-11-07T15:41:29Z,No
['GEM/2025/B/6781922'],Handling and Transport on Lumpsum Basis - Handling & Transport Service,[1],Education Department Gujarat,2025-10-15T14:51:33Z,2025-10-15T14:51:33Z,No
['GEM/2025/B/6779591'],Copper Dibutyl Dithiocarbamate (NCR),[17600],Ministry of Petroleum and Natural Gas INDIAN OIL CORPORATION LIMITED,2025-10-11T12:31:50Z,2025-10-11T12:31:50Z,No
['GEM/2025/B/6749155'],"USB Type External Hard Disk Drive (V2),USB Type External Hard Disk Drive (V2)",[6],Labour and Employment Department Gujarat,2025-10-03T11:07:25Z,2025-10-03T11:07:25Z,No
['GEM/2025/B/6866587'],SANDING MACHINES,[2],Labour and Employment Department Gujarat,2025-11-07T16:25:29Z,2025-11-07T16:25:29Z,No
['GEM/2025/B/6866489'],"Manpower Outsourcing Services - Minimum wage - Semi-skilled; Secondary School; Others,Manpower Outs",[7],Narmada Water Resources Water Supply and Kalpsar Department Gujarat,2025-11-07T16:24:34Z,2025-11-07T16:24:34Z,No
['GEM/2025/B/6866434'],Self - Contained Drinking Water Coolers (V3) as per IS 1475,[2],Agriculture and Co-operation Department Gujarat,2025-11-07T16:25:54Z,2025-11-07T16:25:54Z,No
['GEM/2025/B/6866431'],Leasing In of Assets - Wet Lease (maintenance to be borne by lessor); Election Related Gadgets; Ele,[1],Revenue Department Gujarat,2025-11-07T16:24:22Z,2025-11-07T16:24:22Z,No
['GEM/2025/B/6866240'],"Monthly Basis Cab & Taxi Hiring Services - Sedan; 2500 km x 320 hours; Outstation 24*7,Monthly Basi",[2],Labour and Employment Department Gujarat,2025-11-07T16:24:48Z,2025-11-07T16:24:48Z,No
['GEM/2025/B/6865285'],Electrical Terminals as per IS 8309,[1800],Energy and Petro Chemicals Department Gujarat,2025-11-07T16:26:21Z,2025-11-07T16:26:21Z,No
['GEM/2025/B/6865131'],General Purpose Tool Kit,[6],Ministry of Housing & Urban Affairs (MoHUA) NA,2025-11-07T16:25:54Z,2025-11-07T16:25:54Z,No
['GEM/2025/B/6865090'],Paper-based Printing Services - Printing with Material; Election Related Work; Offset,[1],Revenue Department Gujarat,2025-11-07T16:26:21Z,2025-11-07T16:26:21Z,No
['GEM/2025/B/6864793'],"Entry and Mid Level Desktop Computer,Multifunction Machine MFM (V2),Multifunction Machine MFM (V2),",[13],Panchayats and Rural Housing Department Gujarat,2025-11-07T16:26:46Z,2025-11-07T16:26:46Z,No
['GEM/2025/B/6855665'],"40 mm height Post holder for 12 mm dia post,50 mm height Post holder for 12 mm dia post,75 mm heigh",[358],PMO Department of Atomic Energy,2025-11-07T16:25:58Z,2025-11-07T16:25:58Z,No
['GEM/2025/B/6863956'],"Laundry Service - Healthcare purpose,Laundry Service - Healthcare purpose,Laundry Service - Healthc",[1320],Health & Family Welfare Department Gujarat,2025-11-07T11:13:59Z,2025-11-07T11:13:59Z,No
['GEM/2025/B/6855591'],"Internet Bandwidth and Replication Service - Internet Leased Line; Goverment Service provider, Priv",[1],Education Department Gujarat,2025-11-04T15:39:38Z,2025-11-04T15:39:38Z,No
['GEM/2025/B/6851716'],SMART CLASS EQUIPMENT WITH DIGITAL CONTENTS SOFTWARE,[4],Panchayats and Rural Housing Department Gujarat,2025-11-07T11:08:52Z,2025-11-07T11:08:52Z,No
['GEM/2025/B/6834653'],"TAB LEVETIRACETAM 500MG,TAB SITAGLIPTIN 50MG,INJ PHENYTOIN SODIUM 100MG,LEVOSALBUTMOL RESPULE 0 POI",[50681],Ministry of Defence Department of Military Affairs,2025-11-07T11:14:50Z,2025-11-07T11:14:50Z,No
['GEM/2025/B/6831613'],Entry and Mid Level Desktop Computer,[4],Panchayats and Rural Housing Department Gujarat,2025-10-28T14:49:46Z,2025-10-28T14:49:46Z,No
['GEM/2025/B/6829729'],"Micropipette with 1 ml volume,Micropipette with 5 ml volume,Micro tip with 1 ml volume,Micro tip wi",[20540],PMO Department of Atomic Energy,2025-11-07T11:02:55Z,2025-11-07T11:02:55Z,No
['GEM/2025/B/6760609'],SAM TURBO PUMP SPARES,[1],Ministry of Petroleum and Natural Gas INDIAN OIL CORPORATION LIMITED,2025-10-07T11:23:40Z,2025-10-07T11:23:40Z,No
['GEM/2025/B/6760434'],DELTA PD make pumps,[1],Ministry of Petroleum and Natural Gas INDIAN OIL CORPORATION LIMITED,2025-10-07T10:58:26Z,2025-10-07T10:58:26Z,No
['GEM/2025/B/6754962'],Manpower Outsourcing Services - Minimum wage - Skilled; Graduate; Admin,[4],Home Department Gujarat,2025-10-05T10:27:51Z,2025-10-05T10:27:51Z,No
['GEM/2025/B/6865657'],Plain Copier Paper (V3) ISI Marked to IS 14490,[240],Rural Development Department Gujarat,2025-11-07T14:11:20Z,2025-11-07T14:11:20Z,No
['GEM/2025/B/6799039'],Security Manpower Service (Version 2.0) - Office/Commercial/Institutions/ Residential; Unarmed Secu,[1],Ministry of Finance Department of Financial Services,2025-11-07T15:41:29Z,2025-11-07T15:41:29Z,No
['GEM/2025/B/6781922'],Handling and Transport on Lumpsum Basis - Handling & Transport Service,[1],Education Department Gujarat,2025-10-15T14:51:33Z,2025-10-15T14:51:33Z,No
['GEM/2025/B/6779591'],Copper Dibutyl Dithiocarbamate (NCR),[17600],Ministry of Petroleum and Natural Gas INDIAN OIL CORPORATION LIMITED,2025-10-11T12:31:50Z,2025-10-11T12:31:50Z,No
['GEM/2025/B/6749155'],"USB Type External Hard Disk Drive (V2),USB Type External Hard Disk Drive (V2)",[6],Labour and Employment Department Gujarat,2025-10-03T11:07:25Z,2025-10-03T11:07:25Z,No
['GEM/2025/B/6749040'],Insulation Tester,[1],PMO Department of Atomic Energy,2025-10-16T13:03:09Z,2025-10-16T13:03:09Z,No
['GEM/2025/B/6736792'],Agricultural Trailer Complying to AIS 112,[1],Nagar Palika,2025-10-28T12:13:35Z,2025-10-28T12:13:35Z,No
['GEM/2025/B/6700226'],Hiring of Consultants - Milestone/Deliverable Based - Monthly Manpower cost of Project Manager (On ,[1],Science and Technology Department Gujarat,2025-09-30T16:53:25Z,2025-09-30T16:53:25Z,No
['GEM/2025/B/6662800'],Multifunction Machine MFM (V2),[3],Ministry of Education Department of Higher Education,2025-10-17T11:56:14Z,2025-10-17T11:56:14Z,No
['GEM/2025/B/6866425'],"Catering Service per Packet based - Veg; Snacks/High, Refreshment; Snacks Packet",[1000],Education Department Gujarat,2025-11-07T16:03:29Z,2025-11-07T16:03:29Z,No
['GEM/2025/B/6866346'],Monthly Basis Cab & Taxi Hiring Services - SUV; 2500 km x 320 hours; Local 24*7,[1],Health & Family Welfare Department Gujarat,2025-11-07T16:13:26Z,2025-11-07T16:13:26Z,No
['GEM/2025/B/6864226'],Writing Pad Chair,[100],Education Department Gujarat,2025-11-07T14:46:14Z,2025-11-07T14:46:14Z,No
['GEM/2025/B/6863246'],Facility Management Service- Manpower based (Version 2) - Industrial; MANAGER MARKETING; Highly-Ski,[131],Industries and Mines Department Gujarat,2025-11-07T14:59:33Z,2025-11-07T14:59:33Z,No
['GEM/2025/B/6856631'],"Entry and Mid Level Desktop Computer,Entry and Mid Level Desktop Computer,All in One PC (V2),Multif",[24],Panchayats and Rural Housing Department Gujarat,2025-11-07T14:58:31Z,2025-11-07T14:58:31Z,No
['GEM/2025/B/6856390'],"calibration Weights or Weights Sets,calibration Weights or Weights Sets",[30],Agriculture and Co-operation Department Gujarat,2025-11-07T14:55:01Z,2025-11-07T14:55:01Z,No
['GEM/2025/B/6789814'],"Calibration Services - Mechanical; Dimension, Mass and Volume, Pressure; NABL Labs, CSIR Labs, ARAI",[1],Education Department Gujarat,2025-10-14T16:53:25Z,2025-10-14T16:53:25Z,No
['GEM/2025/B/6760655'],"SUPPLY- HORN GAP FUSE: 11kV, SINGLE PHASE, COMPLETE WITH POST INSULATOR AND TERMINAL CONNECTORS[ AS",[6],Ministry of Heavy Industries and Public Enterprises Department of Heavy Industry,2025-10-07T12:36:24Z,2025-10-07T12:36:24Z,No
['GEM/2025/B/6708503'],Customised Ambulance with Equipment,[1],Energy and Petro Chemicals Department Gujarat,2025-11-07T14:50:59Z,2025-11-07T14:50:59Z,No
['GEM/2025/B/6864974'],Pneumatic Tyres for Commercial Vehicles - Diagonal and Radial Ply Marked to IS 15636,[4],Roads and Buildings Department Gujarat,2025-11-07T14:40:29Z,2025-11-07T14:40:29Z,No
['GEM/2025/B/6855639'],Event or Seminar or Workshop or Exhibition or Expo Management Service - National; Annual Day Celebr,[1],PMO Department of Atomic Energy,2025-11-07T14:42:25Z,2025-11-07T14:42:25Z,No
['GEM/2025/B/6784099'],Custom Bid for Services - Hiring of online sealing services on ARC basis for consecutive three year,[1],Ministry of Petroleum and Natural Gas NA,2025-10-16T15:32:10Z,2025-10-16T15:32:10Z,No
['GEM/2025/B/6866138'],Power Generator - DG Set (up to 900 KVA),[1],Panchayats and Rural Housing Department Gujarat,2025-11-07T15:30:00Z,2025-11-07T15:30:00Z,No
['GEM/2025/B/6866136'],Angle Grinder,[1],Labour and Employment Department Gujarat,2025-11-07T15:20:35Z,2025-11-07T15:20:35Z,No
['GEM/2025/B/6866083'],Spirit level,[2],Labour and Employment Department Gujarat,2025-11-07T15:15:10Z,2025-11-07T15:15:10Z,No
['GEM/2025/B/6866040'],"Hand Lamp,Hand Lamp,Hand Lamp",[1000],Ports and Transport Department Gujarat,2025-11-07T15:15:20Z,2025-11-07T15:15:20Z,No
['GEM/2025/B/6865998'],Electronic Torque and Angle Wrench (ONGC),[2],Ministry of Railways Indian Railways,2025-11-07T15:23:19Z,2025-11-07T15:23:19Z,No
['GEM/2025/B/6865667'],Security Manpower Service (Version 2.0) - Office/Commercial/Institutions/ Residential; Unarmed Secu,[4],Labour and Employment Department Gujarat,2025-11-07T15:16:51Z,2025-11-07T15:16:51Z,No
['GEM/2025/B/6845878'],"Hydraulic compression moulding machine,Computerized impact testing machine,Vacuum Chamber,Melt flow",[7],Education Department Gujarat,2025-11-07T15:17:11Z,2025-11-07T15:17:11Z,No
['GEM/2025/B/6791820'],"Tube light & Flood light,Lugs,Panel indicator lamps,Connector, Heat shrink, Switch, Socket, Extensi",[6],Ministry of Petroleum and Natural Gas GAIL India Limited,2025-10-17T12:35:33Z,2025-10-17T12:35:33Z,No
['GEM/2025/B/6866881'],binding punch machine,[1],Labour and Employment Department Gujarat,2025-11-07T16:44:26Z,2025-11-07T16:44:26Z,No
['GEM/2025/B/6866825'],Video Conferencing Camera / Web Camera (V2),[3],Labour and Employment Department Gujarat,2025-11-07T16:38:47Z,2025-11-07T16:38:47Z,No
['GEM/2025/B/6866807'],Manpower Outsourcing Services - Minimum wage - Unskilled; High School; Others,[2],Industries and Mines Department Gujarat,2025-11-07T16:44:10Z,2025-11-07T16:44:10Z,No
['GEM/2025/B/6866769'],U-Tube Manometer,[2],Labour and Employment Department Gujarat,2025-11-07T16:31:49Z,2025-11-07T16:31:49Z,No
['GEM/2025/B/6866731'],Electric Cabling Service - Providing Installation Solar System At Santrampur Nagarpalika Area; Prov,[1],Urban Development and Urban Housing Department Gujarat,2025-11-07T16:36:54Z,2025-11-07T16:36:54Z,No
['GEM/2025/B/6866682'],Calorimeter for laboratory,[1],Labour and Employment Department Gujarat,2025-11-07T16:33:07Z,2025-11-07T16:33:07Z,No
['GEM/2025/B/6866591'],"Catering Service per Packet based - Veg; Snacks/High, Refreshment; Snacks Packet",[2200],Education Department Gujarat,2025-11-07T16:41:49Z,2025-11-07T16:41:49Z,No
['GEM/2025/B/6866374'],"Annual Maintenance Service - Desktops,  Laptops and Peripherals - Desktop PC; hp,Annual Maintenance",[327],Home Department Gujarat,2025-11-07T16:43:55Z,2025-11-07T16:43:55Z,No
['GEM/2025/B/6864534'],Manpower Outsourcing Services - Minimum wage - Unskilled; High School; Others,[2],Agriculture and Co-operation Department Gujarat,2025-11-07T16:31:30Z,2025-11-07T16:31:30Z,No
['GEM/2025/B/6864073'],Blasocut 4000 Strong Cutting Oil (Drum of 208 Ltrs),[1],Department of Space Department of Space,2025-11-07T16:43:57Z,2025-11-07T16:43:57Z,No
['GEM/2025/B/6862346'],Event or Seminar or Workshop or Exhibition or Expo Management Service - National; Seminar; Conceptu,[3],Sports Youth and Cultural Activities Department Gujarat,2025-11-07T16:37:12Z,2025-11-07T16:37:12Z,No
['GEM/2025/B/6855997'],"Cleaning, Sanitation and Disinfection Service - Outcome Based - Office/Commercial/Institutions/Resi",[11679],Labour and Employment Department Gujarat,2025-11-07T16:32:08Z,2025-11-07T16:32:08Z,No
['GEM/2025/B/6781702'],Entry and Mid Level Desktop Computer,[20],Education Department Gujarat,2025-10-16T14:47:45Z,2025-10-16T14:47:45Z,No
['GEM/2025/B/6684638'],Customized AMC/CMC for Pre-owned Products - CCTV SURVEILLANCE SYSTEM AND PANIC ALARM SYSTEM; I FOCU,[113],Ministry of Defence Department of Military Affairs,2025-10-31T12:17:06Z,2025-10-31T12:17:06Z,No
['GEM/2025/B/6867502'],Household Refrigerating Appliances as per IS 17550,[10],Ministry of Railways Indian Railways,2025-11-07T18:18:59Z,2025-11-07T18:18:59Z,No
['GEM/2025/B/6867442'],Monthly Basis Cab & Taxi Hiring Services - SUV; 2500 km x 320 hours; Outstation 24*7,[1],Ministry of Railways Indian Railways,2025-11-07T18:17:19Z,2025-11-07T18:17:19Z,No
['GEM/2025/B/6867432'],"Cleaning, Sanitation and Disinfection Service - Outcome Based - Office/Commercial/Institutions/Resi",[3014],Social Justice and Empowerment Department Gujarat,2025-11-07T18:18:10Z,2025-11-07T18:18:10Z,No
['GEM/2025/B/6867411'],"Acid dispensors,Centrifuge,Conductivity meter,Freezer,Freezer,Heating Mantle,Heavy Duty kitchen gri",[147],Ministry of Commerce and Industry Department of Commerce,2025-11-07T18:28:04Z,2025-11-07T18:28:04Z,No
['GEM/2025/B/6866765'],Qualitative PCR Machine (Thermal Cycler),[1],Agriculture and Co-operation Department Gujarat,2025-11-07T18:16:01Z,2025-11-07T18:16:01Z,No
['GEM/2025/B/6866407'],Custom Bid for Services - 200141708 Earthing and Lightning Protection System Adequacy study for Swi,[1],Ministry of Power NA,2025-11-07T18:20:31Z,2025-11-07T18:20:31Z,No
['GEM/2025/B/6855697'],"Split Air Conditioner Including Green AC, Wall Mount Type (V2)",[7],Education Department Gujarat,2025-11-07T18:28:46Z,2025-11-07T18:28:46Z,No
['GEM/2025/B/6837382'],"Entry and Mid Level Desktop Computer,Multifunction Machine MFM (V2)",[4],Panchayats and Rural Housing Department Gujarat,2025-11-07T18:28:14Z,2025-11-07T18:28:14Z,No
['GEM/2025/B/6866059'],"Catering service (Duration Based) - Veg; Breakfast; Regular Packet,Catering service (Duration Based",[450],Education Department Gujarat,2025-11-07T16:45:32Z,2025-11-07T16:45:32Z,No
['GEM/2025/B/6865899'],"CYLINDER HYDROGEN GAS,NITROGEN CYLINDER,H2S CALIBRATION GAS 8 PPM,CALIBRATION GAS LPG 47 LTRS,LEL C",[372],Ministry of Petroleum and Natural Gas GAIL India Limited,2025-11-07T16:50:03Z,2025-11-07T16:50:03Z,No
['GEM/2025/B/6865252'],"High End Desktop Computer,Multifunction Machine MFM (V2),Multifunction Machine MFM (V2)",[9],Panchayats and Rural Housing Department Gujarat,2025-11-07T16:57:51Z,2025-11-07T16:57:51Z,No
['GEM/2025/B/6863860'],Electronics Components,[1],Department of Space Department of Space,2025-11-07T16:56:49Z,2025-11-07T16:56:49Z,No
['GEM/2025/B/6862018'],"Desktop Computers,1 KVA UPS,MS Office,Printer,Anti-Virus",[22],Ministry of Civil Aviation Airports Authority of India (AAI),2025-11-07T16:49:37Z,2025-11-07T16:49:37Z,No
['GEM/2025/B/6858372'],Sigma Aldrich make Boric Anhydride i. e. Di-boron Tri-oxide (B2O3) as per attached specifications,[150],PMO Department of Atomic Energy,2025-11-07T16:49:42Z,2025-11-07T16:49:42Z,No
['GEM/2025/B/6836395'],"Manpower Outsourcing Services - Fixed Remuneration - Others; Assistant Curator; Graduate,Manpower O",[111],Ministry of Education Department of Higher Education,2025-11-07T16:59:21Z,2025-11-07T16:59:21Z,No
['GEM/2025/B/6835918'],Copper coils with helical winding of 8 turns,[10],PMO Department of Atomic Energy,2025-11-07T16:51:48Z,2025-11-07T16:51:48Z,No
['GEM/2025/B/6828890'],Industrial composite color 3D Printer,[1],PMO Department of Atomic Energy,2025-11-07T16:47:23Z,2025-11-07T16:47:23Z,No
['GEM/2025/B/6767689'],"Manpower Outsourcing Services - Minimum wage - Semi-skilled; High School; Others,Manpower Outsourci",[4],Health & Family Welfare Department Gujarat,2025-10-08T16:31:02Z,2025-10-08T16:31:02Z,No
['GEM/2025/B/6867082'],"AC Static Watthour Meters - Energy Meter (V2) as per IS 13779,AC Static Watthour Meters - Energy Me",[4],Labour and Employment Department Gujarat,2025-11-07T17:10:09Z,2025-11-07T17:10:09Z,No
['GEM/2025/B/6867043'],industrial vacuum cleaner,[1],Labour and Employment Department Gujarat,2025-11-07T17:02:41Z,2025-11-07T17:02:41Z,No
['GEM/2025/B/6866991'],Custom Bid for Services - Supervision Service for Chemical Dosing Skid Pumps at HPCL LNG Limited Ch,[1],Ministry of Petroleum and Natural Gas HPCL LNG LIMITED,2025-11-07T17:13:01Z,2025-11-07T17:13:01Z,No
['GEM/2025/B/6866715'],Mob/Riot Control Vehicle,[10],Home Department Gujarat,2025-11-07T17:02:58Z,2025-11-07T17:02:58Z,No
['GEM/2025/B/6866639'],Manpower Hiring for Financial Services - Offsite; Chartered Accountant,[1],Revenue Department Gujarat,2025-11-07T17:09:45Z,2025-11-07T17:09:45Z,No
['GEM/2025/B/6863679'],Clean Air Module,[2],Department of Space Department of Space,2025-11-07T17:04:09Z,2025-11-07T17:04:09Z,No
['GEM/2025/B/6841082'],"Online UPS (?10 KVA) Without Battery Conforming To IS 16242 (Part 1),Online UPS (?10 KVA) Witho",[11],Energy and Petro Chemicals Department Gujarat,2025-11-01T18:17:42Z,2025-11-01T18:17:42Z,No
['GEM/2025/B/6839945'],Abrasive (Type: 80 Mesh) for water jet cutting machine,[4],PMO Department of Atomic Energy,2025-11-07T17:11:11Z,2025-11-07T17:11:11Z,No
['GEM/2025/B/6838736'],Safety Footwear (V3) ISI marked to IS 15298 (Part 2),[13],PMO Department of Atomic Energy,2025-11-07T17:03:00Z,2025-11-07T17:03:00Z,No
['GEM/2025/B/6798702'],"Easy-Fit Periplastic pump tubing,Dilution Nozzle,Peri pump tube silicone,Interface wrench for sampl",[13943],Agriculture and Co-operation Department Gujarat,2025-10-24T14:10:00Z,2025-10-24T14:10:00Z,No
['GEM/2025/B/6851779'],"Manpower Outsourcing Services - Minimum wage - Semi-skilled; Not Required; Others,Security Manpower",[10],Ministry of Education Department of School Education and Literacy,2025-11-07T16:41:54Z,2025-11-07T16:41:54Z,No
['GEM/2025/B/6850423'],Vocational Training Services  - Version 2 - offline; 2; Third party location; Women Self Defense Ba,[1200],Home Department Gujarat,2025-11-07T16:43:04Z,2025-11-07T16:43:04Z,No
['GEM/2025/B/6767689'],"Manpower Outsourcing Services - Minimum wage - Semi-skilled; High School; Others,Manpower Outsourci",[4],Health & Family Welfare Department Gujarat,2025-10-08T16:31:02Z,2025-10-08T16:31:02Z,No
['GEM/2025/B/6772353'],Manpower Outsourcing Services - Minimum wage - Skilled; Graduate; Admin,[23],Legal Department Gujarat,2025-10-28T13:42:22Z,2025-10-28T13:42:22Z,No
['GEM/2025/B/6866988'],Milliammeter-IS:1248,[2],Labour and Employment Department Gujarat,2025-11-07T16:57:04Z,2025-11-07T16:57:04Z,No
['GEM/2025/B/6866956'],High Pressure Washer,[1],Agriculture and Co-operation Department Gujarat,2025-11-07T16:59:20Z,2025-11-07T16:59:20Z,No
['GEM/2025/B/6866856'],"Paper-based Printing Services - Printing with Material; Wall Calendar; Offset,Paper-based Printing ",[16075],Agriculture and Co-operation Department Gujarat,2025-11-07T16:52:26Z,2025-11-07T16:52:26Z,No
['GEM/2025/B/6866775'],Scanner (V3),[3],Agriculture and Co-operation Department Gujarat,2025-11-07T16:47:04Z,2025-11-07T16:47:04Z,No
['GEM/2025/B/6866722'],"Plastic Moulded Table - Preschool Kit,Chair (Preschool Kit)",[50],Panchayats and Rural Housing Department Gujarat,2025-11-07T16:54:23Z,2025-11-07T16:54:23Z,No
['GEM/2025/B/6866606'],INTEGRATED SECURITY SURVEILLANCE SYSTEM SERVICE - CCTV SYSTEM; Recording Devices; AS PER SPECIFICAT,[1],Panchayats and Rural Housing Department Gujarat,2025-11-07T16:58:20Z,2025-11-07T16:58:20Z,No
['GEM/2025/B/6862719'],"AMC / CMC of Fire Detection, Fire Alarm, Fire Hydrant and Sprinkler System",[12],Health & Family Welfare Department Gujarat,2025-11-07T17:24:39Z,2025-11-07T17:24:39Z,No
['GEM/2025/B/6853112'],Aluminium Extruded Sections with Accessories,[1],PMO Department of Atomic Energy,2025-11-07T17:21:02Z,2025-11-07T17:21:02Z,No
['GEM/2025/B/6828764'],Manpower Outsourcing Services - Fixed Remuneration - Gate Operation Rabi Season 2025-26 For Thasra ,[38],Narmada Water Resources Water Supply and Kalpsar Department Gujarat,2025-10-27T17:11:50Z,2025-10-27T17:11:50Z,No
['GEM/2025/B/6805184'],Special Purpose Telephones (Smart Phone for ICDS) - Poshan Abhiyan (V2),[56633],Women and Child Development Department Gujarat,2025-11-07T17:16:23Z,2025-11-07T17:16:23Z,No
['GEM/2025/B/6867317'],Revolving Chair (V5),[40],Ministry of Railways Indian Railways,2025-11-07T17:43:30Z,2025-11-07T17:43:30Z,No
['GEM/2025/B/6867314'],Adjustable Single Ended Open Jaw Wrench as per IS 6131,[8],Energy and Petro Chemicals Department Gujarat,2025-11-07T17:38:30Z,2025-11-07T17:38:30Z,No
['GEM/2025/B/6867199'],Monthly Basis Cab & Taxi Hiring Services - Sedan; 2500 km x 320 hours; Local,[1],Panchayats and Rural Housing Department Gujarat,2025-11-07T17:37:27Z,2025-11-07T17:37:27Z,No
['GEM/2025/B/6867176'],"Scanning and Digitisation Service (Version 2) - 600; A4 and legal,Scanning and Digitisation Service",[649293],Revenue Department Gujarat,2025-11-07T17:34:03Z,2025-11-07T17:34:03Z,No
['GEM/2025/B/6867100'],Laundry Service - Healthcare purpose,[2500],Health & Family Welfare Department Gujarat,2025-11-07T17:31:37Z,2025-11-07T17:31:37Z,No
['GEM/2025/B/6866910'],ELISA Reader (V2),[1],Health & Family Welfare Department Gujarat,2025-11-07T17:37:42Z,2025-11-07T17:37:42Z,No
['GEM/2025/B/6866324'],Micro/Semi-Micro/Analytical weighing balance,[1],Agriculture and Co-operation Department Gujarat,2025-11-07T17:40:11Z,2025-11-07T17:40:11Z,No
['GEM/2025/B/6844523'],Body Worn Camera (V2),[50],Home Department Gujarat,2025-11-07T17:51:07Z,2025-11-07T17:51:07Z,No
['GEM/2025/B/6829829'],Digital Orbital Shaker,[1],Department of Space Department of Space,2025-10-29T11:17:28Z,2025-10-29T11:17:28Z,No
['GEM/2025/B/6829423'],minefd simulator,[1],Ministry of Defence Department of Military Affairs,2025-10-28T20:05:36Z,2025-10-28T20:05:36Z,No
['GEM/2025/B/6787699'],Cotton Towelling And Towels (V3) Conforming To IS 7056,[3127],Ministry of Petroleum and Natural Gas NA,2025-11-07T17:57:44Z,2025-11-07T17:57:44Z,No
['GEM/2025/B/6780747'],"WOODEN WARDROBE STORAGE for Type 2 A,WOODEN WARDROBE STORAGE for Type 2 B,WOODEN WARDROBE STORAGE f",[1447],Ministry of Housing & Urban Affairs (MoHUA) NBCC INDIA LIMITED,2025-11-07T17:50:09Z,2025-11-07T17:50:09Z,No
['GEM/2025/B/6751821'],Mobile Containers For Solid Waste Conforming to IS 12402,[250],Urban Development and Urban Housing Department Gujarat,2025-10-09T13:47:25Z,2025-10-09T13:47:25Z,No
['GEM/2025/B/6709260'],Interactive Panels with CPU,[14],Panchayats and Rural Housing Department Gujarat,2025-10-29T18:34:51Z,2025-10-29T18:34:51Z,No
['GEM/2025/B/6867376'],"Manpower Outsourcing Services - Minimum wage - Skilled; High School; Admin,Manpower Outsourcing Ser",[6],Narmada Water Resources Water Supply and Kalpsar Department Gujarat,2025-11-07T18:03:25Z,2025-11-07T18:03:25Z,No
['GEM/2025/B/6867375'],Refilling of Fire Extinguisher Cylinders - As per ATC; Other; Other,[45],Ministry of Consumer Affairs Food and Public Distribution Department of Food and Public Distribution,2025-11-07T18:10:27Z,2025-11-07T18:10:27Z,No
['GEM/2025/B/6867341'],Flexible Video Bronchoscope (V2),[1],Health & Family Welfare Department Gujarat,2025-11-07T18:03:27Z,2025-11-07T18:03:27Z,No
['GEM/2025/B/6864182'],Interactive Panels with CPU,[5],Tribal Development Department Gujarat,2025-11-07T18:04:30Z,2025-11-07T18:04:30Z,No
['GEM/2025/B/6856193'],Inverter (V2),[2],Agriculture and Co-operation Department Gujarat,2025-11-07T18:00:34Z,2025-11-07T18:00:34Z,No
['GEM/2025/B/6844682'],GPS Tracking System,[5],Home Department Gujarat,2025-11-07T18:02:52Z,2025-11-07T18:02:52Z,No
['GEM/2025/B/6831302'],Pole Mounted Stainless Steel Dustbin (V2),[108],Nagar Palika,2025-10-28T13:30:04Z,2025-10-28T13:30:04Z,No
['GEM/2025/B/6867502'],Household Refrigerating Appliances as per IS 17550,[10],Ministry of Railways Indian Railways,2025-11-07T18:18:59Z,2025-11-07T18:18:59Z,No
['GEM/2025/B/6867442'],Monthly Basis Cab & Taxi Hiring Services - SUV; 2500 km x 320 hours; Outstation 24*7,[1],Ministry of Railways Indian Railways,2025-11-07T18:17:19Z,2025-11-07T18:17:19Z,No
['GEM/2025/B/6867432'],"Cleaning, Sanitation and Disinfection Service - Outcome Based - Office/Commercial/Institutions/Resi",[3014],Social Justice and Empowerment Department Gujarat,2025-11-07T18:18:10Z,2025-11-07T18:18:10Z,No
['GEM/2025/B/6867411'],"Acid dispensors,Centrifuge,Conductivity meter,Freezer,Freezer,Heating Mantle,Heavy Duty kitchen gri",[147],Ministry of Commerce and Industry Department of Commerce,2025-11-07T18:28:04Z,2025-11-07T18:28:04Z,No
['GEM/2025/B/6866765'],Qualitative PCR Machine (Thermal Cycler),[1],Agriculture and Co-operation Department Gujarat,2025-11-07T18:16:01Z,2025-11-07T18:16:01Z,No
['GEM/2025/B/6781702'],Entry and Mid Level Desktop Computer,[20],Education Department Gujarat,2025-10-16T14:47:45Z,2025-10-16T14:47:45Z,No
['GEM/2025/B/6684638'],Customized AMC/CMC for Pre-owned Products - CCTV SURVEILLANCE SYSTEM AND PANIC ALARM SYSTEM; I FOCU,[113],Ministry of Defence Department of Military Affairs,2025-10-31T12:17:06Z,2025-10-31T12:17:06Z,No
['GEM/2025/B/6867502'],Household Refrigerating Appliances as per IS 17550,[10],Ministry of Railways Indian Railways,2025-11-07T18:18:59Z,2025-11-07T18:18:59Z,No
['GEM/2025/B/6867442'],Monthly Basis Cab & Taxi Hiring Services - SUV; 2500 km x 320 hours; Outstation 24*7,[1],Ministry of Railways Indian Railways,2025-11-07T18:17:19Z,2025-11-07T18:17:19Z,No
['GEM/2025/B/6867432'],"Cleaning, Sanitation and Disinfection Service - Outcome Based - Office/Commercial/Institutions/Resi",[3014],Social Justice and Empowerment Department Gujarat,2025-11-07T18:18:10Z,2025-11-07T18:18:10Z,No
['GEM/2025/B/6867411'],"Acid dispensors,Centrifuge,Conductivity meter,Freezer,Freezer,Heating Mantle,Heavy Duty kitchen gri",[147],Ministry of Commerce and Industry Department of Commerce,2025-11-07T18:28:04Z,2025-11-07T18:28:04Z,No
['GEM/2025/B/6866765'],Qualitative PCR Machine (Thermal Cycler),[1],Agriculture and Co-operation Department Gujarat,2025-11-07T18:16:01Z,2025-11-07T18:16:01Z,No
['GEM/2025/B/6866407'],Custom Bid for Services - 200141708 Earthing and Lightning Protection System Adequacy study for Swi,[1],Ministry of Power NA,2025-11-07T18:20:31Z,2025-11-07T18:20:31Z,No
['GEM/2025/B/6855697'],"Split Air Conditioner Including Green AC, Wall Mount Type (V2)",[7],Education Department Gujarat,2025-11-07T18:28:46Z,2025-11-07T18:28:46Z,No
['GEM/2025/B/6837382'],"Entry and Mid Level Desktop Computer,Multifunction Machine MFM (V2)",[4],Panchayats and Rural Housing Department Gujarat,2025-11-07T18:28:14Z,2025-11-07T18:28:14Z,No
['GEM/2025/B/6684638'],Customized AMC/CMC for Pre-owned Products - CCTV SURVEILLANCE SYSTEM AND PANIC ALARM SYSTEM; I FOCU,[113],Ministry of Defence Department of Military Affairs,2025-10-31T12:17:06Z,2025-10-31T12:17:06Z,No
['GEM/2025/B/6867642'],Hiring of Consultants - Milestone/Deliverable Based - FILING TDS-GST-IT RETURNS TAX ASSESSMENT; Fin,[1],Panchayats and Rural Housing Department Gujarat,2025-11-07T19:01:16Z,2025-11-07T19:01:16Z,No
['GEM/2025/B/6867645'],Manpower Outsourcing Services - Minimum wage - Skilled; High School; Admin,[1],Panchayats and Rural Housing Department Gujarat,2025-11-07T18:55:16Z,2025-11-07T18:55:16Z,No
['GEM/2025/B/6867616'],Household Refrigerating Appliances as per IS 17550,[2],Ministry of Railways Indian Railways,2025-11-07T18:48:17Z,2025-11-07T18:48:17Z,No
['GEM/2025/B/6867580'],Steel Clothes Lockers (V3) confirming to IS 3314,[22],Ministry of Civil Aviation Airports Authority of India (AAI),2025-11-07T18:46:53Z,2025-11-07T18:46:53Z,No
['GEM/2025/B/6867337'],Repair and Overhauling Service - Laundry Type Washing Machines / Drying Machines; Abnormal noise an,[2],Ministry of Defence Department of Defence,2025-11-07T18:53:07Z,2025-11-07T18:53:07Z,No
['GEM/2025/B/6865724'],"Cd-109 laboratory X-ray source 10 milli Curie as per attached specifications,Co-60 laboratory X-ray",[3],Department of Space Department of Space,2025-11-07T18:47:20Z,2025-11-07T18:47:20Z,No
['GEM/2025/B/6769871'],K 8 CRASH RATED BOOM BARRIER,[7],Ministry of Defence Department of Military Affairs,2025-10-31T10:55:40Z,2025-10-31T10:55:40Z,No
['GEM/2025/B/6867716'],Waste Container (V3),[65],Panchayats and Rural Housing Department Gujarat,2025-11-07T19:26:57Z,2025-11-07T19:26:57Z,No
['GEM/2025/B/6867786'],Potato Onion Grading Machine,[1],Ministry of Defence Department of Military Affairs,2025-11-07T19:41:10Z,2025-11-07T19:41:10Z,No
['GEM/2025/B/6867734'],HIGH END LAPTOP - Notebook,[3],Ministry of Defence Department of Military Affairs,2025-11-07T19:41:19Z,2025-11-07T19:41:19Z,No
['GEM/2025/B/6684978'],"Radio Controller,Motion Controller,Analog Goggle,Digital Goggle,Working Model For Virtual Drone Fly",[5],Ministry of Defence Department of Military Affairs,2025-09-15T13:39:52Z,2025-09-15T13:39:52Z,No
['GEM/2025/B/6867872'],LCD Display Digital Weighing Machine,[2],Ministry of Defence Department of Military Affairs,2025-11-07T20:10:53Z,2025-11-07T20:10:53Z,No
['GEM/2025/B/6867892'],Modular Racks Three Layer,[2],Ministry of Defence Department of Military Affairs,2025-11-07T20:21:24Z,2025-11-07T20:21:24Z,No
['GEM/2025/B/6867920'],"Carburetor Assy Aska,Adapter,Spark plug,Eng Mounting Pad,Fuel Cock,Oil Filter,Fuel Filter Tractor,C",[34],Ministry of Defence Department of Military Affairs,2025-11-07T20:42:20Z,2025-11-07T20:42:20Z,No
['GEM/2025/B/6867908'],Stack Tally Sheet Stand Steel,[50],Ministry of Defence Department of Military Affairs,2025-11-07T20:35:25Z,2025-11-07T20:35:25Z,No
['GEM/2025/B/6867823'],Egg Printing Machine With Ink,[1],Ministry of Defence Department of Military Affairs,2025-11-07T19:48:19Z,2025-11-07T19:48:19Z,No
['GEM/2025/B/6867931'],Electric Display Boards DFS,[2],Ministry of Defence Department of Military Affairs,2025-11-07T20:53:30Z,2025-11-07T20:53:30Z,No
['GEM/2025/B/6865179'],Fuel Dispensing Units,[4],Ministry of Defence Department of Military Affairs,2025-11-07T20:48:08Z,2025-11-07T20:48:08Z,No
['GEM/2025/B/6865076'],"Goods Transport Service – Per KM Based Service - Household/Office, Agricultural, Food Grains, Veg",[76850],Ministry of Defence Department of Military Affairs,2025-11-07T20:54:58Z,2025-11-07T20:54:58Z,No
['GEM/2025/B/6866182'],"Manpower Outsourcing Services - Minimum wage - Skilled; Graduate; Admin,Manpower Outsourcing Servic",[8],Ministry of Education Department of School Education and Literacy,2025-11-07T21:10:58Z,2025-11-07T21:10:58Z,No
['GEM/2025/B/6867955'],"Semi Automatic Washing Machine 10.5 Kg,Pressure Cooker 3 Ltr,Bed Sheet,Table Glass,Towel",[18],Ministry of Defence Department of Military Affairs,2025-11-07T21:19:54Z,2025-11-07T21:19:54Z,No
['GEM/2025/B/6833321'],Infant Bed / Bassinet (V2),[8],Panchayats and Rural Housing Department Gujarat,2025-10-28T19:08:50Z,2025-10-28T19:08:50Z,No
['GEM/2025/B/6829413'],Anti drone cage for LSV,[1],Ministry of Defence Department of Military Affairs,2025-10-28T20:07:01Z,2025-10-28T20:07:01Z,No
['GEM/2025/B/6821625'],Leasing In of Assets - Wet Lease (maintenance to be borne by lessor); Products; IT; Printers; New; ,[1],Ministry of Petroleum and Natural Gas CERTIFICATION ENGINEERS INTERNATIONAL Limited,2025-10-24T17:52:21Z,2025-10-24T17:52:21Z,No
['GEM/2025/B/6804288'],Electronic Milk Analyser with adulteration testing equipment,[1],Agriculture and Co-operation Department Gujarat,2025-10-18T10:34:45Z,2025-10-18T10:34:45Z,No
['GEM/2025/B/6803756'],Annual Maintenance Service  - Photocopier Machine - Digital Duplicators Dual Drum; RISO; Any Servic,[1],Education Department Gujarat,2025-10-17T15:47:49Z,2025-10-17T15:47:49Z,No
['GEM/2025/B/6757139'],Ultrasound Machine (V2),[1],Ministry of Labour and Employment NA,2025-10-17T15:43:14Z,2025-10-17T15:43:14Z,No
