Bid No,Items,Quantity,Department Name And Address,Start Date,End Date,RA available
['GEM/2025/B/6674157'],"Drishti MK-II Data Acquisition System with Course Recording Device, Cable Assemblies and Test Panel",[3],Ministry of Defence Department of Military Affairs,2025-09-23T16:41:19Z,2025-09-23T16:41:19Z,No
['GEM/2025/B/6639909'],"Hardware Cost For indigenisation solution for processor module of palladi-M system,Development char",[3],Ministry of Defence Department of Military Affairs,2025-10-10T11:15:23Z,2025-10-10T11:15:23Z,No
['GEM/2025/B/6784616'],Digital Hand-held VHF Transceiver as per MHA QR,[40],PMO Department of Atomic Energy,2025-10-14T15:19:38Z,2025-10-14T15:19:38Z,No
['GEM/2025/B/6784273'],"Gardening Nylon Pipes,Gardening Nylon Pipes,Gardening Nylon Pipes",[3000],PMO Department of Atomic Energy,2025-10-14T15:25:55Z,2025-10-14T15:25:55Z,No
['GEM/2025/B/6803646'],"BOOSTER PUMP 3.7 KW,22KW MOTOR, FR: 180L, 4 POLE, B3 MTG,2.2 KW WATER PUMP WITH MOTOR,0.75KW SQ. CG",[4],Ministry of Mines Materials,2025-10-17T15:34:51Z,2025-10-17T15:34:51Z,No
['GEM/2025/B/6801650'],"Custom Bid for Services - Sch-A - Loco external Cleaning for Diesel and Electrical Locomotives,Cust",[8],Ministry of Railways Indian Railways,2025-10-17T12:45:10Z,2025-10-17T12:45:10Z,No
['GEM/2025/B/6800826'],"Custom Bid for Services - Manhour rate Engg & Consultancy service,Custom Bid for Services - Reimbur",[2],Ministry of Petroleum and Natural Gas NA,2025-10-17T17:00:48Z,2025-10-17T17:00:48Z,No
['GEM/2025/B/6657719'],ER6150B-RORO-1531-DT-06-30S,[2],Ministry of Defence Department of Military Affairs,2025-10-17T16:21:03Z,2025-10-17T16:21:03Z,No
['GEM/2025/B/6789611'],"VACCUM CONTRACTOR PANEL SPARES, Latch mechanism (110V DC) assy for HWC,VACCUM CONTRACTOR PANEL SPAR",[12],PMO Department of Atomic Energy,2025-10-14T16:36:36Z,2025-10-14T16:36:36Z,No
['GEM/2025/B/6775279'],"HARDWARE COST FOR INDIGNEISATION SOLUTION FOR PROCESSOR MODULE OF AIUS-LAMA,DEVELOPMENT CHARGES",[3],Ministry of Defence Department of Military Affairs,2025-10-14T17:32:22Z,2025-10-14T17:32:22Z,No
['GEM/2025/B/6783395'],DRY BAMBOO,[10000],Ministry of Steel Rashtriya Ispat Nigam Limited,2025-10-17T15:33:18Z,2025-10-17T15:33:18Z,No
['GEM/2025/B/6750236'],"Office Table with Lockers,Office Chairs Executive,Almirah Large,Compactor,Computer Table,Heavy duty",[83],Ministry of Defence Department of Military Affairs,2025-10-03T14:42:32Z,2025-10-03T14:42:32Z,No
['GEM/2025/B/6599270'],"AMC / CMC of Fire Extinguishers - Storage; Water Based Fire Extinguisher,AMC / CMC of Fire Extingui",[627],Ministry of Consumer Affairs Food and Public Distribution Department of Food and Public Distribution,2025-10-16T12:57:23Z,2025-10-16T12:57:23Z,No
['GEM/2025/B/6652854'],"BRAKE DRUM, 250MM, CT, 1702910357",[2],Ministry of Steel Rashtriya Ispat Nigam Limited,2025-10-15T17:13:48Z,2025-10-15T17:13:48Z,No
['GEM/2025/B/6646904'],"RAIL, DWG: LMMM-M-0237REV-B ELEVATOR,WHEEL, SCRAPPER, DWG: 2-8773313, F/BUNDLING",[22],Ministry of Steel Rashtriya Ispat Nigam Limited,2025-10-15T17:05:37Z,2025-10-15T17:05:37Z,No
['GEM/2025/B/6794637'],Custom Bid for Services - Schedule A Maintenance and up keeping of TTE Rest Room at Dharmavaram (DM,[6],Ministry of Railways Indian Railways,2025-10-15T18:09:32Z,2025-10-15T18:09:32Z,No
['GEM/2025/B/6812051'],"BRUSH CUTTER,ELECTRICAL LAWN MOVER,PETROL LAWN MOVER,RUBBER HOSE PIPE,FLEXIBLE CABLE",[255],Ministry of Culture NA,2025-10-21T21:00:28Z,2025-10-21T21:00:28Z,No
['GEM/2025/B/6811895'],"INTEGRATED SECURITY SURVEILLANCE SYSTEM SERVICE - Monitor Operations, Theft Prevention, Facility/As",[1],Ministry of Defence Department of Military Affairs,2025-10-23T14:29:44Z,2025-10-23T14:29:44Z,No
['GEM/2025/B/6811289'],Vaporizer for Liquid Oxygen,[2],PMO Department of Atomic Energy,2025-10-23T12:27:34Z,2025-10-23T12:27:34Z,No
['GEM/2025/B/6811058'],Custom Bid for Services - services for WGS and Bioinformatic analysis for tobacco sample at ICAR- N,[1],Ministry of Agriculture and Farmers Welfare Department of Agricultural Research and Education (DARE),2025-10-21T16:14:07Z,2025-10-21T16:14:07Z,No
['GEM/2025/B/6811057'],"All in One PC (V2),Line Interactive UPS with AVR (V2),High End Laptop - Notebook,Computer Printer (",[199],Ministry of Civil Aviation Airports Authority of India (AAI),2025-10-21T16:11:35Z,2025-10-21T16:11:35Z,No
['GEM/2025/B/6810961'],"Telephone Junction Box,Telephone Junction Box,Telephone Junction Box,Telephone Junction Box,Telepho",[330],Department of Space Department of Space,2025-10-22T12:42:31Z,2025-10-22T12:42:31Z,No
['GEM/2025/B/6810875'],Sewer inspection machinery,[1],Department of Space Department of Space,2025-10-22T12:23:30Z,2025-10-22T12:23:30Z,No
['GEM/2025/B/6810801'],Telecommunication Cable - Fully Filled Petroleum Jelly or Absorbent Thixotropic Gel (V2),[4000],Department of Space Department of Space,2025-10-22T10:13:56Z,2025-10-22T10:13:56Z,No
['GEM/2025/B/6810789'],Supply and Installation of Gas Chromatograph Mass Spectrometer,[1],Ministry of Education Department of Higher Education,2025-10-21T16:51:26Z,2025-10-21T16:51:26Z,No
['GEM/2025/B/6810774'],"Supply, Safe Delivery of Metal Tubes and Plugs",[1],PMO Department of Atomic Energy,2025-10-21T14:07:54Z,2025-10-21T14:07:54Z,No
['GEM/2025/B/6810761'],Antiwear Hydraulic Oil Heavy Duty (V4) as per IS 10522,[1680],Department of Space Department of Space,2025-10-22T10:55:31Z,2025-10-22T10:55:31Z,No
['GEM/2025/B/6810705'],REFURBISHMENT OF EGG STORAGE CHILLER ROOM AT BVY(V) AS PER SCOPE OF WORK,[1],Ministry of Defence Department of Military Affairs,2025-10-21T16:25:46Z,2025-10-21T16:25:46Z,No
['GEM/2025/B/6810611'],SUPPLEMENTARY IMPROVISATION OF KALPATARU (FOR DRY RATION STORAGE) AT ND(V),[1],Ministry of Defence Department of Military Affairs,2025-10-21T16:39:21Z,2025-10-21T16:39:21Z,No
['GEM/2025/B/6810360'],"netted visitor chair,visitor chair netted,revolving chairs,chairs revolving,bar stool revolving cha",[58],"Ministry of Ports, Shipping and Waterways NA",2025-10-21T16:38:09Z,2025-10-21T16:38:09Z,No
['GEM/2025/B/6810359'],Custom Bid for Services - Hiring of Multi utility Road vehicle  4 wheeler with 6 plus1 capacity tra,[1],Ministry of Railways Indian Railways,2025-10-22T11:52:41Z,2025-10-22T11:52:41Z,No
['GEM/2025/B/6810328'],"Body Worn Camera with pocket or shoulder clip,Body Worn Camera with shoulder clip or pocket,Camera ",[25],"Ministry of Ports, Shipping and Waterways NA",2025-10-21T18:03:05Z,2025-10-21T18:03:05Z,No
['GEM/2025/B/6810302'],Intrinsically Safe Battery for Motorola XiRP8668i,[16],Ministry of Petroleum and Natural Gas NA,2025-10-21T12:33:50Z,2025-10-21T12:33:50Z,No
['GEM/2025/B/6810202'],Monthly Basis Cab & Taxi Hiring Services - SUV; 2500 KM PER MONTH AND 30000 CUMMULATIVE KM PER YEAR,[1],Ministry of Railways Indian Railways,2025-10-21T17:06:17Z,2025-10-21T17:06:17Z,No
['GEM/2025/B/6809750'],Demineralised Water Bowser,[2],Ministry of Defence Department of Military Affairs,2025-10-21T10:39:48Z,2025-10-21T10:39:48Z,No
['GEM/2025/B/6809397'],"Perfumed Phenyl,Glass Cleaner,Hand wash cassets,Dish wash liquid,Washing Powder,Fabric Conditioner,",[779],Ministry of Commerce and Industry Department of Commerce,2025-10-23T10:38:41Z,2025-10-23T10:38:41Z,No
['GEM/2025/B/6808883'],"Fumehood,Scrubber,EDCE,P FC,F IC",[5],Ministry of Mines NA,2025-10-22T10:30:59Z,2025-10-22T10:30:59Z,No
['GEM/2025/B/6807716'],"Electrical Service wire,3 core 4 sqmm copper wire,7 20 single core wire,2 Point 5 sqmm Copper Wire,",[171],Ministry of Culture NA,2025-10-18T15:48:01Z,2025-10-18T15:48:01Z,No
['GEM/2025/B/6806308'],"Excavation,fabrication of steel,Straight through Joint,Indoor end,Outdoor end,laying 240 Sq.mm,Glan",[3205],"Ministry of Ports, Shipping and Waterways NA",2025-10-18T13:42:29Z,2025-10-18T13:42:29Z,No
['GEM/2025/B/6806263'],"a3clothcovers,a3paperbundels jkred75gsm,a4clothcovers,a4clothcoversenvalops,a4flatfileslaminated bl",[3958],Ministry of Micro Small and Medium Enterprises Ministry of Micro Small and Medium Enterprises,2025-10-18T11:06:46Z,2025-10-18T11:06:46Z,No
['GEM/2025/B/6805771'],"LEAD ACID BATTERY 88AH AS PER IS14257,LEAD ACID BATTERY 150AH AS PER IS14257,LEAD ACID BATTERY 180A",[106],Ministry of Steel Rashtriya Ispat Nigam Limited,2025-10-18T09:26:08Z,2025-10-18T09:26:08Z,No
['GEM/2025/B/6805733'],"SEAMLESS CARBON STEEL PIPES SETS AS PER ANNEXURE-1, AS PER ASTM A106 GR-B & PRODUCT SPECIFICATION H",[9],Ministry of Heavy Industries and Public Enterprises Department of Heavy Industry,2025-10-18T09:10:32Z,2025-10-18T09:10:32Z,No
['GEM/2025/B/6805490'],ASUS Zenbook 14 UX3405CA,[3],Ministry of Labour and Employment NA,2025-10-20T16:17:03Z,2025-10-20T16:17:03Z,No
['GEM/2025/B/6804189'],"Coaxial cable, 50 Ohm, 10000V DC",[1200],PMO Department of Atomic Energy,2025-10-21T17:22:27Z,2025-10-21T17:22:27Z,No
['GEM/2025/B/6802520'],"MANUAL SEALER FOR STEEL STRAP,STRAP CUTTER FOR STEEL STRAP-HEAVY DUTY,TENSIONER FOR STEEL STRAP",[31],Ministry of Steel Rashtriya Ispat Nigam Limited,2025-10-23T15:31:36Z,2025-10-23T15:31:36Z,No
['GEM/2025/B/6798411'],"COMPRESSED OXYGEN GAS,OXYGEN GAS COMPRESSED,OXYGEN GAS,COMPRESSED GAS,DISSOLVED ACETYLENE GAS",[3772],"Ministry of Ports, Shipping and Waterways NA",2025-10-22T18:57:12Z,2025-10-22T18:57:12Z,No
['GEM/2025/B/6642459'],"XL6 0044,34832 XL68009 XL68009,DD900806 DD900806 2,EA01623 DD900806 2,NA DE WM18B 1656,EA02351EA 02",[12],Ministry of Defence Department of Military Affairs,2025-10-21T16:45:50Z,2025-10-21T16:45:50Z,No
['GEM/2025/B/6642082'],"Analogue Compression Testing Machine,Moulds C I of 70.6 mm cube,C I Moulds of 70.6 mm cube,Cube 70.",[19],"Ministry of Ports, Shipping and Waterways NA",2025-10-22T18:39:48Z,2025-10-22T18:39:48Z,No
['GEM/2025/B/6634796'],exploder cover with o rings,[50],Ministry of Defence Department of Military Affairs,2025-10-22T12:05:29Z,2025-10-22T12:05:29Z,No
['GEM/2025/B/6629535'],PROCUREMENT OF MULTI DETECTOR TESTER,[1],Ministry of Defence Department of Military Affairs,2025-10-21T17:58:56Z,2025-10-21T17:58:56Z,No
['GEM/2025/B/6622116'],PROCUREMENT OF SPECTRONIC BREAKER TYPE S-100,[2],Ministry of Defence Department of Military Affairs,2025-10-21T17:53:41Z,2025-10-21T17:53:41Z,No
['GEM/2025/B/6602251'],"3033000, WASHER, RND, FLAT, SS316, 11MM, 40MM, 3MM",[2000],Ministry of Steel Rashtriya Ispat Nigam Limited,2025-10-22T10:30:44Z,2025-10-22T10:30:44Z,No
['GEM/2025/B/6712104'],"CAR FLAG COMMODORE,CAR FLAG METAL FRAME,STAR BOX STAINLESS STEEL,STAR BOX COVERS (REXINE)",[23],Ministry of Defence Department of Military Affairs,2025-10-22T10:03:04Z,2025-10-22T10:03:04Z,No
['GEM/2025/B/6711334'],Procurement of DEIF Controller Unit (GPU-3 Marine),[1],Ministry of Defence Department of Defence,2025-10-22T15:24:16Z,2025-10-22T15:24:16Z,No
['GEM/2025/B/6699644'],"Beagle Bone Black REV C,Zolertia Firefly,Raspberry Pi 5 Model 8GB Kit,Raspberry Pi 5 4GB Starter Ki",[83],Ministry of Education Department of Higher Education,2025-10-21T16:52:52Z,2025-10-21T16:52:52Z,No
['GEM/2025/B/6692735'],"PROCUREMENT OF SEAL KIT,VALVE KIT",[6],Ministry of Defence Department of Military Affairs,2025-10-21T17:07:28Z,2025-10-21T17:07:28Z,No
['GEM/2025/B/6690750'],"HYDRAULIC CONTROL VALVE OF MUZZLE DOOR (SR6001D-577-03-33-05),HYDRAULIC MACHINE (SR6001D-577-35-394",[17],Ministry of Defence Department of Military Affairs,2025-10-23T14:55:39Z,2025-10-23T14:55:39Z,No
['GEM/2025/B/6686725'],"CBN BRSH, HTSRIM GRADE, PD-BF-01480,CBN BRSH, HTSRIM GRADE, PD-BF-01581",[105],Ministry of Steel Rashtriya Ispat Nigam Limited,2025-10-18T16:59:40Z,2025-10-18T16:59:40Z,No
['GEM/2025/B/6794820'],Supply and Installation of ALL IN ONE DESKTOP Computers,[10],Ministry of Railways Indian Railways,2025-10-18T11:54:54Z,2025-10-18T11:54:54Z,No
['GEM/2025/B/6794298'],"HP MODEL ONE THOUSAND TWENTY TWELVE A CARTRIDGE,HP MODEL M FIVE HUNDRED SIX F TWO HUNDRED EIGHTY SE",[25],Ministry of Defence Department of Military Affairs,2025-10-21T15:39:39Z,2025-10-21T15:39:39Z,No
['GEM/2025/B/6792800'],"AMMONIUM CHLORIDE LR,CALCIUM CHLORIDE DEHYDRATE,STRONTIUM NITRATE EMPLURA,BARIUM NITRATE PURIFIED,I",[20],Ministry of Defence Department of Military Affairs,2025-10-21T15:49:03Z,2025-10-21T15:49:03Z,No
['GEM/2025/B/6789568'],Sailor RT 6222,[1],Ministry of Defence Department of Military Affairs,2025-10-23T14:27:46Z,2025-10-23T14:27:46Z,No
['GEM/2025/B/6789189'],V/UHF Hand Held Radio set - Cots,[10],Ministry of Defence Department of Military Affairs,2025-10-23T14:30:17Z,2025-10-23T14:30:17Z,No
['GEM/2025/B/6788530'],"Fire Retardant Coat,Fire Retardant Coat",[4000],Ministry of Steel Rashtriya Ispat Nigam Limited,2025-10-23T16:34:36Z,2025-10-23T16:34:36Z,No
['GEM/2025/B/6788328'],Table for textile printing lab works,[2],Ministry of Commerce and Industry Department for Promotion of Industry &amp; Internal Trade,2025-10-21T18:08:06Z,2025-10-21T18:08:06Z,No
['GEM/2025/B/6786732'],"Gloves for Divers,Swim Mask Silicon,Swim Fin Rubber,Under Water Torch Hand Held,Knife Swimmer light",[7],Ministry of Defence Department of Military Affairs,2025-10-23T14:12:14Z,2025-10-23T14:12:14Z,No
['GEM/2025/B/6785245'],"EMERY PAPER, WATER PROOF, GRIT 220, SIZE 230X280MM,EMERY PAPER, WATER PROOF, GRIT 320, SIZE 230X280",[8520],Ministry of Steel Rashtriya Ispat Nigam Limited,2025-10-21T09:51:53Z,2025-10-21T09:51:53Z,No
['GEM/2025/B/6784704'],Repair and Overhauling Service - REPAIR OF TROLLEY NITROGEN CHARGING; NA; Yes; Buyer Premises,[4],Ministry of Defence Department of Military Affairs,2025-10-23T17:16:32Z,2025-10-23T17:16:32Z,No
['GEM/2025/B/6782642'],Manpower Outsourcing Services - Minimum wage - Unskilled; High School; Others,[3],Ministry of Defence Department of Defence,2025-10-23T09:58:29Z,2025-10-23T09:58:29Z,No
['GEM/2025/B/6817650'],STICHED UNIFORM WITH CIPET LOGO,[182],Ministry of Chemicals and Fertilizers Department of Chemicals and Petrochemicals,2025-10-23T16:58:06Z,2025-10-23T16:58:06Z,No
['GEM/2025/B/6817385'],"3000008,3000010,3000011,3000013,3000015,3000016",[5430],Ministry of Steel Rashtriya Ispat Nigam Limited,2025-10-23T15:31:01Z,2025-10-23T15:31:01Z,No
['GEM/2025/B/6817156'],Annual Maintenance service-AIR CONDITIONER,[1],Ministry of Corporate Affairs NA,2025-10-23T15:20:32Z,2025-10-23T15:20:32Z,No
['GEM/2025/B/6816795'],"Custom Bid for Services - Cost of Minimum Wages for Manpower,Custom Bid for Services - Statutory Co",[8],Ministry of Railways Indian Railways,2025-10-23T15:30:43Z,2025-10-23T15:30:43Z,No
['GEM/2025/B/6816786'],Monthly Basis Cab & Taxi Hiring Services - MUV; 2500 km X 360 hours; Outstation 24*7,[12],Ministry of Railways Indian Railways,2025-10-23T14:33:44Z,2025-10-23T14:33:44Z,No
['GEM/2025/B/6815861'],"Custom Bid for Services - Outsourcing for Operations for 17 Seventeen Traction Sub Stations at GDR,",[3],Ministry of Railways Indian Railways,2025-10-23T16:37:46Z,2025-10-23T16:37:46Z,No
['GEM/2025/B/6815812'],Monthly Basis Cab & Taxi Hiring Services - MUV; 2500 km X 360 hours; Outstation 24*7,[2],Ministry of Railways Indian Railways,2025-10-23T11:22:44Z,2025-10-23T11:22:44Z,No
['GEM/2025/B/6814432'],"revolving chairs,revolving chair,revolvingchair,chairrevolving,chair revolving",[35],"Ministry of Ports, Shipping and Waterways NA",2025-10-23T10:54:30Z,2025-10-23T10:54:30Z,No
['GEM/2025/B/6813996'],Custom Bid for Services - Arrangement of Inspection Vehicle,[1],Ministry of Housing & Urban Affairs (MoHUA) Central Public Works Department,2025-10-22T15:39:54Z,2025-10-22T15:39:54Z,No
['GEM/2025/B/6813909'],"Smart TV- 65 Inch,Video Conferencing solution with required accessories,Distribution Switch 24 X 10",[555],Ministry of Civil Aviation Airports Authority of India (AAI),2025-10-22T17:12:18Z,2025-10-22T17:12:18Z,No
['GEM/2025/B/6813242'],PRE-COMPLIANCE EMI RECEIVER,[1],Ministry of Electronics and Information Technology Department of Electronics and Information Technology,2025-10-22T14:15:01Z,2025-10-22T14:15:01Z,No
['GEM/2025/B/6813157'],Custom Bid for Services - WELDING ACTIVITY BZA & COA FRT YARDS SCH I Provision of Semi-skilled Manp,[9],Ministry of Railways Indian Railways,2025-10-22T16:45:48Z,2025-10-22T16:45:48Z,No
['GEM/2025/B/6813069'],"Cables, Converters and Adapters",[50],Department of Space Department of Space,2025-10-23T16:14:43Z,2025-10-23T16:14:43Z,No
['GEM/2025/B/6813035'],Goods Transport Service – Per Trip based  Service - Machinery & Equipment; Closed Body LCV Truck;,[8],Department of Space Department of Space,2025-10-23T17:54:02Z,2025-10-23T17:54:02Z,No
['GEM/2025/B/6812811'],Manpower Outsourcing Services - Minimum wage - Skilled; Secondary School; Others,[4],Ministry of Defence Department of Military Affairs,2025-10-22T14:59:15Z,2025-10-22T14:59:15Z,No
['GEM/2025/B/6823398'],Custom Bid for Services - Deployment of Back hoe loader JCB for Civil miscellaneous works at TMPL,[1],PMO Department of Atomic Energy,2025-10-25T11:54:29Z,2025-10-25T11:54:29Z,No
['GEM/2025/B/6825015'],Custom Bid for Services - Providing the Services of Multi Tasking Staff (MTS) and Watchman,[1],Ministry of Housing & Urban Affairs (MoHUA) Central Public Works Department,2025-10-25T19:12:46Z,2025-10-25T19:12:46Z,No
['GEM/2025/B/6779571'],Procurement of Night Vision Goggles,[1],Ministry of Defence Department of Defence,2025-10-25T10:22:20Z,2025-10-25T10:22:20Z,No
['GEM/2025/B/6792391'],Storage Rack for Chemicals,[10],Department of Space Department of Space,2025-10-24T16:06:29Z,2025-10-24T16:06:29Z,No
['GEM/2025/B/6792254'],Steel Clothes Lockers (V3) confirming to IS 3314,[3],Department of Space Department of Space,2025-10-24T16:04:04Z,2025-10-24T16:04:04Z,No
['GEM/2025/B/6776574'],Automated blood component extractor,[1],Ministry of Health and Family Welfare Department of Health and Family Welfare,2025-10-24T12:05:24Z,2025-10-24T12:05:24Z,No
['GEM/2025/B/6731900'],"PAINT FINISHING HEAT RESISTING (537.8 TO 648.9D C) ALLUMINIUM - N8010-000443,EPOXY RED OXIDE PRIMER",[272400],Ministry of Defence Department of Military Affairs,2025-10-24T09:21:12Z,2025-10-24T09:21:12Z,No
['GEM/2025/B/6668463'],Event or Seminar or Workshop or Exhibition or Expo Management Service - National; Local Sightseeing,[1],Ministry of Defence Department of Military Affairs,2025-10-24T10:37:43Z,2025-10-24T10:37:43Z,No
['GEM/2025/B/6816789'],Next Gen Sequencing System,[1],Health Medical and Family Welfare Department Andhra Pradesh,2025-10-25T11:03:33Z,2025-10-25T11:03:33Z,No
['GEM/2025/B/6816080'],HANDHELD PARTICLE COUNTER,[3],Ministry of Defence Department of Defence Production,2025-10-24T13:52:35Z,2025-10-24T13:52:35Z,No
['GEM/2025/B/6815915'],"Custom Bid for Services - Provision of rendering Data Entry Operation services at DYD, SCMN, VSKP, ",[1],Ministry of Railways Indian Railways,2025-10-23T19:28:30Z,2025-10-23T19:28:30Z,No
['GEM/2025/B/6804711'],Custom Bid for Services - CONTRACT FOR SERVICE - PERIPHERAL SUPPORT SERVICES (SKILLED) AT HYDERABAD,[1],Ministry of Petroleum and Natural Gas GAIL India Limited,2025-10-24T16:11:03Z,2025-10-24T16:11:03Z,No
['GEM/2025/B/6804417'],Goods Transport Service – Per Trip based  Service - Postal Mails and Parcels; Closed Body LCV Tru,[730],Ministry of Communications Department of Posts,2025-10-24T16:48:12Z,2025-10-24T16:48:12Z,No
['GEM/2025/B/6799444'],5 kVA UPS,[4],Ministry of Steel Rashtriya Ispat Nigam Limited,2025-10-25T13:07:19Z,2025-10-25T13:07:19Z,No
['GEM/2025/B/6798875'],All in One PC (V2),[2],Ministry of Defence Department of Military Affairs,2025-10-24T13:48:39Z,2025-10-24T13:48:39Z,No
['GEM/2025/B/6812799'],Scanning and Digitisation Service (Version 2) - 300; As per Scope of Work,[1120000],Ministry of Defence Department of Military Affairs,2025-10-24T17:42:30Z,2025-10-24T17:42:30Z,No
['GEM/2025/B/6812510'],Event or Seminar or Workshop or Exhibition or Expo Management Service - National; OUTSOURCING OF SE,[1],Ministry of Defence Department of Military Affairs,2025-10-24T14:49:19Z,2025-10-24T14:49:19Z,No
['GEM/2025/B/6812508'],"Universal protection kit,Cheatle jar,Urobag with urometer,Throat pack-size-10m roll,Unisex urinal p",[1957],Ministry of Labour and Employment Employees State Insuarnce Corporation,2025-10-25T13:36:09Z,2025-10-25T13:36:09Z,No
['GEM/2025/B/6812485'],LED Luminaire for High Bay Lighting,[25],Department of Space Department of Space,2025-10-24T17:13:54Z,2025-10-24T17:13:54Z,No
['GEM/2025/B/6812320'],Event or Seminar or Workshop or Exhibition or Expo Management Service - National; OUTSOURCING OF SE,[1],Ministry of Defence Department of Military Affairs,2025-10-24T14:59:48Z,2025-10-24T14:59:48Z,No
['GEM/2025/B/6811419'],Sodium silicate for CO&CCP,[90000],Ministry of Steel Rashtriya Ispat Nigam Limited,2025-10-25T17:51:38Z,2025-10-25T17:51:38Z,No
['GEM/2025/B/6811271'],"Custom Bid for Services - Reception, Housekeeping, Catering and Canteen Services",[1],PMO Department of Atomic Energy,2025-10-24T10:33:27Z,2025-10-24T10:33:27Z,No
['GEM/2025/B/6810662'],Custom Bid for Services - Schedule A Hiring of four and half Ton two trucks for SSE Bridges Central,[2],Ministry of Railways Indian Railways,2025-10-24T17:45:32Z,2025-10-24T17:45:32Z,No
['GEM/2025/B/6805195'],"Live disk Analysis tool,Incident response kit,Forensic Laptop,Forensic work Station",[4],Home Department Andhra Pradesh,2025-10-24T13:35:02Z,2025-10-24T13:35:02Z,No
['GEM/2025/B/6763568'],Computer Monitor,[1],Ministry of Defence Department of Defence,2025-10-07T18:33:41Z,2025-10-07T18:33:41Z,No
['GEM/2025/B/6720090'],DIGITAL BEHIND THE EAR VESUVIO XTM XP P4 (SIGNIA),[6],Ministry of Defence Department of Military Affairs,2025-10-24T11:53:25Z,2025-10-24T11:53:25Z,No
['GEM/2025/B/6783070'],INDEGENOUS DRY GUNNING COMPOUND FOR COKE OVENS,[150],Ministry of Steel Rashtriya Ispat Nigam Limited,2025-10-24T12:47:02Z,2025-10-24T12:47:02Z,No
['GEM/2025/B/6783039'],"Mullite shape 31930M,Mullite shape 31941M,Mullite shape 31946M,Mullite shape 31983M,Mullite shape 3",[41710],Ministry of Steel Rashtriya Ispat Nigam Limited,2025-10-25T10:26:54Z,2025-10-25T10:26:54Z,No
['GEM/2025/B/6765140'],Endovenous Laser Treatment System,[1],Ministry of Health and Family Welfare Department of Health and Family Welfare,2025-10-24T11:42:22Z,2025-10-24T11:42:22Z,No
['GEM/2025/B/6776374'],Custom Bid for Services - PROVIDING LANDSCAPING AND ARBORICULTURE AT STF TOTAL PRICE,[1],Ministry of Defence Department of Military Affairs,2025-10-22T16:59:07Z,2025-10-22T16:59:07Z,No
['GEM/2025/B/6776105'],"Supply, Testing, Installation and Commissioning of HCL transfer pump along with accessories",[1],Ministry of Defence Department of Military Affairs,2025-10-21T12:20:31Z,2025-10-21T12:20:31Z,No
['GEM/2025/B/6769477'],"16 port NVR,PTZ Camera,IP66 Bullet Camera,10 TB surveillance HDD,49 inch LED smart TV with wall mou",[1091],Ministry of Defence Department of Military Affairs,2025-10-22T12:05:46Z,2025-10-22T12:05:46Z,No
['GEM/2025/B/6762809'],PROCUREMENT OF HYDRAULIC POWER HACKSAW MACHINE 14 INCH,[1],Ministry of Defence Department of Military Affairs,2025-10-21T12:19:08Z,2025-10-21T12:19:08Z,No
['GEM/2025/B/6760672'],PLC Based Control and Operating Panel,[1],PMO Department of Atomic Energy,2025-10-21T14:18:48Z,2025-10-21T14:18:48Z,No
['GEM/2025/B/6758978'],"TERM BLK, TERMINAL BLOCK, 2.5MM² , 600V",[2000],Ministry of Steel Rashtriya Ispat Nigam Limited,2025-10-23T16:36:17Z,2025-10-23T16:36:17Z,No
['GEM/2025/B/6758005'],Manpower Outsourcing Services - Minimum wage - Highly-Skilled; Graduate; Others,[8],Ministry of Defence Department of Military Affairs,2025-10-21T12:17:32Z,2025-10-21T12:17:32Z,No
['GEM/2025/B/6753325'],Warranty for 14 Nos of Extreme X460-G2 Switches,[1],Ministry of Steel Rashtriya Ispat Nigam Limited,2025-10-18T17:27:07Z,2025-10-18T17:27:07Z,No
['GEM/2025/B/6752714'],Digital Radiography System 1000mA with Wireless dual flat panel detection (Mid End),[1],Ministry of Health and Family Welfare Department of Health and Family Welfare,2025-10-23T12:36:58Z,2025-10-23T12:36:58Z,No
['GEM/2025/B/6748293'],Custom Bid for Services - Outsourcing of Services for Renovation/Refurbishment of Wardroom,[1],Ministry of Defence Department of Military Affairs,2025-10-23T00:09:25Z,2025-10-23T00:09:25Z,No
['GEM/2025/B/6743338'],"Portable Fire Extinguishers (V2) ISI Marked to IS 15683,Portable Fire Extinguishers (V2) ISI Marked",[900],Department of Space Department of Space,2025-10-21T13:38:12Z,2025-10-21T13:38:12Z,No
['GEM/2025/B/6725188'],"ANNUAL CONTRACT FOR SUPPLY OF KABULI CHANA 05 KGS,ANNUAL CONTRACT FOR SUPPLY OF KABULI CHANA 10 KGS",[87190],Ministry of Defence Department of Military Affairs,2025-10-21T15:11:43Z,2025-10-21T15:11:43Z,No
['GEM/2025/B/6820217'],Custom Bid for Services - Schedule A Hiring of Non-AC base model Multi utility vehicle with one ton,[2],Ministry of Railways Indian Railways,2025-10-24T17:54:01Z,2025-10-24T17:54:01Z,No
['GEM/2025/B/6821130'],Custom Bid for Services - Hiring of One (01) set of Torque Turn Services - Well Services RJY Asset,[1],Ministry of Petroleum and Natural Gas NA,2025-10-24T19:12:17Z,2025-10-24T19:12:17Z,No
['GEM/2025/B/6820988'],Custom Bid for Services - ----,[1],"Ministry of Ports, Shipping and Waterways Dredging Corporation of India Limited",2025-10-24T15:26:24Z,2025-10-24T15:26:24Z,No
['GEM/2025/B/6824701'],Insulation Tester,[1],PMO Department of Atomic Energy,2025-10-25T16:54:32Z,2025-10-25T16:54:32Z,No
['GEM/2025/B/6824478'],"Handling and Transport on Lumpsum Basis - Handling Service, Handling and Transport of foodgrains at",[1],Ministry of Consumer Affairs Food and Public Distribution Department of Food and Public Distribution,2025-10-25T15:44:31Z,2025-10-25T15:44:31Z,No
['GEM/2025/B/6819850'],"TITANIUM PROXIMAL FEMORAL NAILS ASSORTED SIZES,TITANIUM LOCKING COMPRESSOR PLATES ASSORTED SIZES,PE",[310],"Ministry of Ports, Shipping and Waterways NA",2025-10-24T18:49:34Z,2025-10-24T18:49:34Z,No
['GEM/2025/B/6822995'],"Manpower Outsourcing Services - Minimum wage - Unskilled; Not Required; Others,Manpower Outsourcing",[11],PMO Department of Atomic Energy,2025-10-25T10:23:50Z,2025-10-25T10:23:50Z,No
['GEM/2025/B/6822771'],Barytes for Chemical Industry and Oil-Well Drilling conforming to IS 2881,[2500],Ministry of Petroleum and Natural Gas OIL INDIA Limited,2025-10-25T23:55:08Z,2025-10-25T23:55:08Z,No
['GEM/2025/B/6822754'],"Custom Bid for Services - SUPPLY, INSTALLATION OF 6 NOS VHF SETS, 1 NO BASE STATION AND INTEGRATION",[1],Ministry of Petroleum and Natural Gas Bharat Petroleum Corporation Ltd,2025-10-25T22:09:30Z,2025-10-25T22:09:30Z,No
['GEM/2025/B/6822520'],Custom Bid for Services - Valuation of RINL-VSP Lands Located in Visakhapatnam,[1],Ministry of Steel Rashtriya Ispat Nigam Limited,2025-10-24T19:57:03Z,2025-10-24T19:57:03Z,No
['GEM/2025/B/6819136'],Switcher,[2],Department of Space Department of Space,2025-10-24T14:58:43Z,2025-10-24T14:58:43Z,No
['GEM/2025/B/6818774'],Leasing in of Commercial Properties - Office Space; Wet Lease (maintenance to be borne by lessor); ,[1],Ministry of Labour and Employment NA,2025-10-24T19:36:22Z,2025-10-24T19:36:22Z,No
['GEM/2025/B/6818768'],Leasing in of Commercial Properties - Office Space; Wet Lease (maintenance to be borne by lessor); ,[1],Ministry of Labour and Employment NA,2025-10-24T19:25:39Z,2025-10-24T19:25:39Z,No
['GEM/2025/B/6818759'],Leasing in of Commercial Properties - Office Space; Wet Lease (maintenance to be borne by lessor); ,[1],Ministry of Labour and Employment NA,2025-10-24T19:16:22Z,2025-10-24T19:16:22Z,No
['GEM/2025/B/6818753'],Leasing in of Commercial Properties - Office Space; Wet Lease (maintenance to be borne by lessor); ,[1],Ministry of Labour and Employment NA,2025-10-24T19:03:23Z,2025-10-24T19:03:23Z,No
['GEM/2025/B/6818742'],Leasing in of Commercial Properties - Office Space; Wet Lease (maintenance to be borne by lessor); ,[1],Ministry of Labour and Employment NA,2025-10-24T18:48:10Z,2025-10-24T18:48:10Z,No
['GEM/2025/B/6818725'],Leasing in of Commercial Properties - Office Space; Wet Lease (maintenance to be borne by lessor); ,[1],Ministry of Labour and Employment NA,2025-10-24T18:34:21Z,2025-10-24T18:34:21Z,No
['GEM/2025/B/6817669'],"COBALT BLUE GLASS FOR BF1 TUYERE,ROUND COBALT BLUE GLASS FOR BF 3 TUYERE",[1500],Ministry of Steel Rashtriya Ispat Nigam Limited,2025-10-25T17:41:04Z,2025-10-25T17:41:04Z,No
['GEM/2025/B/6817596'],HONEY COMB TABLE,[2],Ministry of Defence Department of Defence Production,2025-10-24T13:53:07Z,2025-10-24T13:53:07Z,No
['GEM/2025/B/6817568'],"INJ METHOTREXATE 50MG,TAB MISOPROSTOL 200MCG,TAB MISOPROSTOL 25MCG,URINE PREGNANCY KIT",[2730],Ministry of Defence Department of Military Affairs,2025-10-25T12:39:56Z,2025-10-25T12:39:56Z,No
['GEM/2025/B/6817512'],INDUSTRIAL VACCUM CLEANER 100 litres,[3],Ministry of Defence Department of Defence Production,2025-10-24T13:53:45Z,2025-10-24T13:53:45Z,No
['GEM/2025/B/6817361'],"DETERGENT SOAP 250GMS,250GMS DETERGENT SOAP,SOAP DETERGENT 250GMS,DETERGENT SOAP 250GMS BAR,DETERGE",[27520],"Ministry of Ports, Shipping and Waterways NA",2025-10-24T14:31:34Z,2025-10-24T14:31:34Z,No
['GEM/2025/B/6788527'],Wide - Vision Goggles for Eye - Protector as per IS 5983,[10000],Ministry of Steel Rashtriya Ispat Nigam Limited,2025-10-24T17:09:37Z,2025-10-24T17:09:37Z,No
['GEM/2025/B/6787210'],Custom Bid for Services - REPAIR OF GALLEY EQUIPMENT,[1],Ministry of Defence Department of Military Affairs,2025-10-24T15:58:34Z,2025-10-24T15:58:34Z,No
['GEM/2025/B/6784088'],Heavy Duty Storage Racks,[6],Department of Space Department of Space,2025-10-24T16:09:10Z,2025-10-24T16:09:10Z,No
['GEM/2025/B/6692770'],"TENOFOVIR 300MG+ LAMIVUDINE 300MG+ DOLUTEGRAVIR 50MG (FDC),TENOFOVIR 300MG+ LAMIVUDINE 300MG+ EFAVI",[7830],Ministry of Defence Department of Military Affairs,2025-10-24T11:34:08Z,2025-10-24T11:34:08Z,No
['GEM/2025/B/6688718'],"Title1,Title2,Title3,Title4,Title5",[12000],PMO Department of Atomic Energy,2025-10-25T16:03:40Z,2025-10-25T16:03:40Z,No
['GEM/2025/B/6688146'],Procurement of emergency backup battery,[1],Ministry of Defence Department of Defence,2025-10-24T09:33:47Z,2025-10-24T09:33:47Z,No
['GEM/2025/B/6323376'],Custom Bid for Services - Supply Installation and Commissioning of EMI EMC Test Facility as per MIL,[1],Ministry of Defence Department of Defence Research & Development,2025-06-09T16:30:36Z,2025-06-09T16:30:36Z,No
['GEM/2025/B/6797066'],CUSTOMIZED 15 SEATER EXECUTIVE CLASSROOM TABLE WITH SEATING ARRANGEMENTS ALONG EACH TABLE WITH ELEC,[3074],Ministry of Defence Department of Military Affairs,2025-10-23T09:42:18Z,2025-10-23T09:42:18Z,No
['GEM/2025/B/6796078'],"DRV, SPEED, VFD MODULE, 45KW/55KW,DRV, SPEED, VVVF, 3PH, 415V AC+ /-6% , 15KW",[6],Ministry of Steel Rashtriya Ispat Nigam Limited,2025-10-18T12:53:00Z,2025-10-18T12:53:00Z,No
['GEM/2025/B/6795673'],"3 Loading levels and 1000KGS UDL at 1st to 3rd levels, overall, dimensions 6880MMW X 3900MMH X 900 ",[19],Ministry of Defence Department of Military Affairs,2025-10-23T09:41:21Z,2025-10-23T09:41:21Z,No
['GEM/2025/B/6670743'],"3028981_ PIPE, CS, SEAMLESS, 300MM, OXY, BLOWING, LANCE",[200],Ministry of Steel Rashtriya Ispat Nigam Limited,2025-10-21T15:58:32Z,2025-10-21T15:58:32Z,No
['GEM/2025/B/6718487'],"LAPTOP (NEW SURFACE 7TH EDITION, SNAPDRAGON PROCESSOR, WIN 11 HOME, COPILOT+ 15"" LCD PIXEL SENSE, 1",[1],Ministry of Defence Department of Military Affairs,2025-10-23T09:46:32Z,2025-10-23T09:46:32Z,No
['GEM/2025/B/6661221'],"PSU WITH PART NO 61090026004,PSU WITH PART NO 61090026004,CP4 WITH PART NO 61090016008",[3],Ministry of Defence Department of Military Affairs,2025-10-21T16:47:28Z,2025-10-21T16:47:28Z,No
['GEM/2025/B/6639058'],AR/VR Application Development Including Hardware Installation - Augmented and Virtual reality,[1],Ministry of Defence Department of Military Affairs,2025-10-25T13:24:20Z,2025-10-25T13:24:20Z,No
['GEM/2025/B/6826732'],"Coconut Broom,Soft Brooms,Navtal 7 levers pad locks,Water hose pipe 30 Mtr 0 Point7 Inch,Bleaching ",[97],Ministry of Culture NA,2025-10-27T12:02:05Z,2025-10-27T12:02:05Z,No
['GEM/2025/B/6826587'],VRLA SMF BATTERY WITH BUY BACK FOR PR NO: 20037434,[30],Ministry of Steel Rashtriya Ispat Nigam Limited,2025-10-27T12:52:20Z,2025-10-27T12:52:20Z,No
['GEM/2025/B/6826366'],GIMBAL CONTROL HARDWARE,[1],Ministry of Defence Department of Defence Production,2025-10-27T10:39:47Z,2025-10-27T10:39:47Z,No
['GEM/2025/B/6826322'],Custom Bid for Services - SUPPLY / INSTALLATION / MAINTENANCE OF GSM SIM ENABLED SMART INTEGRATED F,[1],Ministry of Finance Department of Financial Services,2025-10-27T10:52:15Z,2025-10-27T10:52:15Z,No
['GEM/2025/B/6826315'],SCISSOR PLATFORM,[1],Ministry of Defence Department of Defence Production,2025-10-27T10:40:30Z,2025-10-27T10:40:30Z,No
['GEM/2025/B/6826144'],Event or Seminar or Workshop or Exhibition or Expo Management Service - National; OUTSOURCING OF SE,[1],Ministry of Defence Department of Military Affairs,2025-10-28T10:09:34Z,2025-10-28T10:09:34Z,No
['GEM/2025/B/6825250'],Custom Bid for Services - Manpower Hiring for Housekeeping & Administrative Services,[1],Ministry of Education Department of Higher Education,2025-10-26T10:22:17Z,2025-10-26T10:22:17Z,No
['GEM/2025/B/6771721'],Portable Video Scope Display Set,[1],Ministry of Health and Family Welfare Department of Health and Family Welfare,2025-10-27T13:09:01Z,2025-10-27T13:09:01Z,No
['GEM/2025/B/6801457'],"MOT, VVVF, BRAKE SQIM, 415VAC, 160L, 6P, 11kW",[1],Ministry of Steel Rashtriya Ispat Nigam Limited,2025-10-27T12:34:07Z,2025-10-27T12:34:07Z,No
['GEM/2025/B/6801456'],"CONDUIT, MET FLEX, GALV STL BRAIDED, 1/2in,CONDUIT, MET FLEX, GALV STL BRAIDED, 3/4in,CONDUIT, MET ",[320],Ministry of Steel Rashtriya Ispat Nigam Limited,2025-10-27T14:56:25Z,2025-10-27T14:56:25Z,No
['GEM/2025/B/6799337'],"BADGE BERET/PUGREE JUNIOUR SAILOR,BADGE BERET/PUGREE POS,BELT WHITE 100 CMS,BELT WHITE 120 CMS,BERE",[19521],Ministry of Defence Department of Military Affairs,2025-10-28T14:18:10Z,2025-10-28T14:18:10Z,No
['GEM/2025/B/6782475'],"2017725; ENCODER, INC, 10-30Vdc, 12 VDC, HTL, 1000PPR,2114747; ENCODER, INC, 10-30Vdc, 12 VDC, HTL",[40],Ministry of Steel Rashtriya Ispat Nigam Limited,2025-10-27T11:40:14Z,2025-10-27T11:40:14Z,No
['GEM/2025/B/6827925'],"Coconut Broom,Soft Brooms,Country Baskets,Jungle Knifes,Axes with Handle,Navtal 7 Lever Pad Locks,W",[44],Ministry of Culture NA,2025-10-27T16:38:40Z,2025-10-27T16:38:40Z,No
['GEM/2025/B/6827863'],"Coconut Broom,Soft Brooms,Paddle Brooms,Duster Cloth,Stick Brooms,Countyr Baskets,Plastic Buckets,P",[130],Ministry of Culture NA,2025-10-27T14:48:42Z,2025-10-27T14:48:42Z,No
['GEM/2025/B/6827809'],"Manpower Outsourcing Services - Minimum wage - Unskilled; Not Required; Others,Manpower Outsourcing",[41],PMO Department of Atomic Energy,2025-10-27T15:10:14Z,2025-10-27T15:10:14Z,No
['GEM/2025/B/6827789'],Pest and Animal Control Service - Maintenance Contract; 1 month; General Pests/Insects Control,[35089],PMO Department of Atomic Energy,2025-10-27T16:05:45Z,2025-10-27T16:05:45Z,No
['GEM/2025/B/6827753'],"Coconut Broom,Soft Brooms,Paddle Brooms,Duster Cloth,Stick Brooms,Jungle Knifes,Axes with Handle,Sp",[69],Ministry of Culture NA,2025-10-27T14:33:06Z,2025-10-27T14:33:06Z,No
['GEM/2025/B/6827566'],"Coconut Broom,Soft Brooms,Paddle Brooms,Stick Brooms,Country Baskets,Spade with Handle,Crow Bar,Nav",[50],Ministry of Culture NA,2025-10-27T14:09:44Z,2025-10-27T14:09:44Z,No
['GEM/2025/B/6827467'],"Coconut Broom,Soft Brooms,Paddle Brooms,Duster Cloth,Stick Brooms,Country Baskets,Round up for tree",[214],Ministry of Culture NA,2025-10-27T13:36:44Z,2025-10-27T13:36:44Z,No
['GEM/2025/B/6827399'],Stationary Valve Regulated Lead Acid Batteries (V2) as per IS 15549,[25],Ministry of Steel Rashtriya Ispat Nigam Limited,2025-10-27T14:31:06Z,2025-10-27T14:31:06Z,No
['GEM/2025/B/6827383'],"Coconut Broom,Soft Brooms,Paddle Brooms,Stick Brooms,Country Baskets,Plastic Buckets,Plastic Mugs,J",[146],Ministry of Culture NA,2025-10-27T13:20:52Z,2025-10-27T13:20:52Z,No
['GEM/2025/B/6827279'],"Coconut Broom,Soft Brooms,Paddle Brooms,Duster Cloth,Stick Brooms,Country Baskets,Jungle Knifes,Sci",[198],Ministry of Culture NA,2025-10-27T13:08:18Z,2025-10-27T13:08:18Z,No
['GEM/2025/B/6805658'],Custom Bid for Services - 200145040 Conducting Third Party (External) Safety Audit for the FY 2025 ,[1],Ministry of Power NA,2025-10-18T11:28:04Z,2025-10-18T11:28:04Z,No
['GEM/2025/B/6863448'],"AIR TO LP LINE SDV-1,AIR TO HP LINE SDV-2,MANDATORY SPARES FOR SDV-1&2,COMMISSIONING SPARES FOR SDV",[4],Ministry of Heavy Industries and Public Enterprises Department of Heavy Industry,2025-11-07T08:53:50Z,2025-11-07T08:53:50Z,No
['GEM/2025/B/6843306'],"Custom Bid for Services - AMC OF CAESAR-II SOFTWARE-3YRS,Custom Bid for Services - AMC OF PVELITE S",[2],Ministry of Petroleum and Natural Gas NA,2025-11-07T08:53:02Z,2025-11-07T08:53:02Z,No
['GEM/2025/B/6863497'],VARIOUS TYPES OF EXCAVATION WORKS AT BHAVANARAYANA SWAMY TEMPL,[1],Ministry of Culture NA,2025-11-07T09:17:06Z,2025-11-07T09:17:06Z,No
['GEM/2025/B/6849441'],Custom Bid for Services - HIRING OF MOBILE CRANE SERVICES 14TON & 40TON,[1],Ministry of Defence Department of Military Affairs,2025-11-07T09:15:47Z,2025-11-07T09:15:47Z,No
['GEM/2025/B/6863579'],"CS BLIND FL 25NBX150RATING SA105 RF,CS BLIND FL 50NBX150RATING SA105 RF,4INCHFL WN RF125AA 150RATIN",[1472],Ministry of Heavy Industries and Public Enterprises Department of Heavy Industry,2025-11-07T09:40:22Z,2025-11-07T09:40:22Z,No
['GEM/2025/B/6863572'],Manpower Outsourcing Services - Minimum wage - Unskilled; Not Required; Others,[16],PMO Department of Atomic Energy,2025-11-07T09:39:04Z,2025-11-07T09:39:04Z,No
['GEM/2025/B/6858256'],"Coconut Broom,Soft Brooms,Jungle knifes,Axes with handle,Spades with Handle,Sickles,Crowbars,Charge",[459],Ministry of Culture NA,2025-11-05T13:58:53Z,2025-11-05T13:58:53Z,No
['GEM/2025/B/6858207'],"Coconut Broom,Soft Brooms,Axes with handle,Jungle Knifes,Spades with Handle,Sickles,Crowbars,Charge",[74],Ministry of Culture NA,2025-11-05T13:45:31Z,2025-11-05T13:45:31Z,No
['GEM/2025/B/6801001'],"Schedule 1 _ Item_10_M0518100500_100262275,Schedule 2 _ Item_20_M0519560301_100262275,Schedule 3 _ ",[5100],Ministry of Power NA,2025-10-31T15:11:37Z,2025-10-31T15:11:37Z,No
['GEM/2025/B/6857882'],"PRINTING OF REFIT CELL BOOK,PRINTING OF TRAVEL FORM REGISTER,PRINTING OF COIN LIST RECONCILATION RE",[31],Ministry of Defence Department of Military Affairs,2025-11-05T14:23:15Z,2025-11-05T14:23:15Z,No
['GEM/2025/B/6853418'],Manpower Outsourcing Services - Minimum wage - Skilled; Graduate; Admin,[10],Ministry of Defence Department of Military Affairs,2025-11-04T18:26:55Z,2025-11-04T18:26:55Z,No
['GEM/2025/B/6790218'],Custom Bid for Services - ----,[1],Ministry of Petroleum and Natural Gas NA,2025-10-15T12:59:58Z,2025-10-15T12:59:58Z,No
['GEM/2025/B/6844619'],Procurement of LIgneous Customised Dining Chairs for ENC(O) Mess,[350],Ministry of Defence Department of Military Affairs,2025-11-04T18:55:02Z,2025-11-04T18:55:02Z,No
['GEM/2025/B/6846662'],PROCUREMENT OF WOODEN HEAD BY TABLE BY USING 18 MM MARINE WATER PROOF PLY WOOD WITH TEAK WOOD SUPPO,[148],Ministry of Defence Department of Military Affairs,2025-11-04T19:00:49Z,2025-11-04T19:00:49Z,No
['GEM/2025/B/6845127'],PROVISIONING AND UPGRADATION OF LIGNEOUS VERTICAL FIXED RACKS,[30],Ministry of Defence Department of Military Affairs,2025-11-04T19:06:12Z,2025-11-04T19:06:12Z,No
['GEM/2025/B/6816409'],"INDIAN GAUR.,Four Person Tent,Two Person Tent,FRESH WATER CROCODILE,PEACOCK,CHOSINGHA,RABBIT",[14],Environment Forests Science and Technology Department Andhra Pradesh,2025-10-24T12:53:24Z,2025-10-24T12:53:24Z,No
['GEM/2025/B/6852104'],BOLTS RATE CONTRACT FOR NPCB 2025-27,[30000],Ministry of Petroleum and Natural Gas NA,2025-11-03T18:30:03Z,2025-11-03T18:30:03Z,No
['GEM/2025/B/6852318'],"Manpower Outsourcing Services - Minimum wage - Highly-Skilled; Graduate; Finance/Accounts,Manpower ",[4],Ministry of Youth Affairs and Sports Department of Sports,2025-11-03T19:07:02Z,2025-11-03T19:07:02Z,No
['GEM/2025/B/6852028'],"SUPPLY OF 1 TR HI WALL SPLIT INVERTER TYPE AC,SUPPLY OF 2 TR CEILING MOUNTED SPLIT AC,SUPPLY INSTAL",[3384],Ministry of Finance Department of Financial Services,2025-11-03T19:10:31Z,2025-11-03T19:10:31Z,No
['GEM/2025/B/6843287'],Acetylene Pressure Regulator as per IS 6901,[14],Ministry of Railways Indian Railways,2025-11-03T19:35:39Z,2025-11-03T19:35:39Z,No
['GEM/2025/B/6838366'],"Ladder, Fire, Extension, 7.5m (Defence)",[1],Ministry of Defence Department of Military Affairs,2025-11-03T19:18:41Z,2025-11-03T19:18:41Z,No
['GEM/2025/B/6848887'],Custom Bid for Services - REPAIR AND SERVICEABILITY CHECKS OF HEAVY-DUTY INDUSTRIAL WASHING MACHINE,[1],Ministry of Defence Department of Military Affairs,2025-11-03T20:28:34Z,2025-11-03T20:28:34Z,No
['GEM/2025/B/6848861'],"Mettalic Putty,Pantry Goose Neck,Araidite Composite,Split Pin,Nails,Cutting grinding buffing wheels",[771],Ministry of Defence Department of Military Affairs,2025-11-03T20:26:39Z,2025-11-03T20:26:39Z,No
['GEM/2025/B/6854267'],AMC / CMC of Fire Extinguishers - Storage; Dry Powder Fire Extinguisher,[54],Ministry of Consumer Affairs Food and Public Distribution Department of Food and Public Distribution,2025-11-04T12:33:37Z,2025-11-04T12:33:37Z,No
['GEM/2025/B/6844464'],Security Manpower Service (Version 2.0) - Office/Commercial/Institutions/ Residential; Unarmed Secu,[3],Ministry of Education Department of School Education and Literacy,2025-10-31T16:46:36Z,2025-10-31T16:46:36Z,No
['GEM/2025/B/6851792'],"Super M 1000H ME Grade Fenders of 1.50 M long,Fenders of Super M 1000H ME Grade of 1.50M long,M 100",[48],"Ministry of Ports, Shipping and Waterways NA",2025-11-04T12:17:55Z,2025-11-04T12:17:55Z,No
['GEM/2025/B/6818128'],Custom Bid for Services - Engaging Contract Workmen for BEL Machilipatnam(MC) Unit,[1],Ministry of Defence Department of Defence Production,2025-10-27T10:50:51Z,2025-10-27T10:50:51Z,No
['GEM/2025/B/6817518'],"PARTICULATE RESPIRATOR MASK,PIPETTE TIP FOR VARIABLE PIPETTE,PIPETTE TIP FOR VARIABLE PIPETTE,NITRI",[689],Ministry of Defence Department of Military Affairs,2025-10-27T11:04:23Z,2025-10-27T11:04:23Z,No
['GEM/2025/B/6817215'],4.7mtr General purpose Inflatable Craft (GPIC) without OBM,[1],Ministry of Defence Department of Military Affairs,2025-10-28T16:49:30Z,2025-10-28T16:49:30Z,No
['GEM/2025/B/6816800'],Manpower Outsourcing Services - Minimum wage - Unskilled; Not Required; Others,[6],Ministry of Mines NA,2025-10-27T13:56:59Z,2025-10-27T13:56:59Z,No
['GEM/2025/B/6813750'],"Klystron Test Bench,Gunn Oscillator Frequency Response Characteristics Bench Setup,Reflex Klystron ",[19],Ministry of Education Department of Higher Education,2025-10-27T16:49:33Z,2025-10-27T16:49:33Z,No
['GEM/2025/B/6807600'],Repair and Overhauling Service - THREE FIELD SERVICE REPRESENTATIVE  FSR  AGB REPAIRS FOR 05 DAYS O,[1],Ministry of Defence Department of Military Affairs,2025-10-27T11:08:07Z,2025-10-27T11:08:07Z,No
['GEM/2025/B/6807449'],Repair and Overhauling Service - UPGRADATION OF IPMS BY INSTALLATION OF GROUND FAULT DETECTION AND ,[1],Ministry of Defence Department of Military Affairs,2025-10-27T10:52:34Z,2025-10-27T10:52:34Z,No
['GEM/2025/B/6806565'],Repair and Overhauling Service - REPLACEMENT OF GRM MOUNTS  IN SHIP; ANY OTHER SUITABLE BRAND; No; ,[1],Ministry of Defence Department of Military Affairs,2025-10-27T11:00:50Z,2025-10-27T11:00:50Z,No
['GEM/2025/B/6757469'],"ROLLER TABLE MOTOR, SCIM, 415V AC, B5 MOUNT, 5.5KW,ROLLER TABLE MOTOR, SCIM, 415V AC, B5 MOUNT, 2.2",[3],Ministry of Steel Rashtriya Ispat Nigam Limited,2025-10-27T12:11:09Z,2025-10-27T12:11:09Z,No
['GEM/2025/B/6755979'],72.5 kV VT (1- Phase) Ratio: 33kv/? 3 & 0.11/? 3v with Terminal connectors for Single ACSR Moos,[6],Ministry of Power POWER GRID Corporation OF INDIA Limited,2025-10-27T15:23:02Z,2025-10-27T15:23:02Z,No
['GEM/2025/B/6280251'],Toner Cartridges / Ink Cartridges / Consumables for Printers,[10],Ministry of Steel Rashtriya Ispat Nigam Limited,2025-05-27T17:06:59Z,2025-05-27T17:06:59Z,No
['GEM/2025/B/6851313'],Deep Freezer with Compressor. Capacity 425 Ltr,[1],Ministry of Defence Department of Defence,2025-11-03T16:07:55Z,2025-11-03T16:07:55Z,No
['GEM/2025/B/6812262'],"BIOMETRIC ACCESS CONTROL SYSTEM WITH SINGLE DOOR EM LOCK, LU BRACKET AND PUSH BUTTON,PROCUREMENT AN",[3],Ministry of Defence Department of Military Affairs,2025-11-03T16:00:25Z,2025-11-03T16:00:25Z,No
['GEM/2025/B/6850083'],Monthly Basis Cab & Taxi Hiring Services - Premium SUV; 2000 km x 320 hours; Local 24*7,[1],Ministry of Finance Department of Revenue,2025-11-03T12:54:21Z,2025-11-03T12:54:21Z,No
['GEM/2025/B/6791900'],Customized AMC/CMC for Pre-owned Products - RIM Seal Systems; As per tender; Annual Maintenance Con,[1],Ministry of Petroleum and Natural Gas NA,2025-10-17T13:53:59Z,2025-10-17T13:53:59Z,No
['GEM/2025/B/6715173'],"Custom Bid for Services - Hiring of Services for Venue Preparation, Provision of Refreshment and Pr",[1],Ministry of Defence Department of Military Affairs,2025-11-03T12:47:50Z,2025-11-03T12:47:50Z,No
['GEM/2025/B/6850511'],Repair and Overhauling Service - JOB WORK ORDER FOR REPAIR OF VEH TATA YODHA BA NO 23C 112125E; JOB,[1],Ministry of Defence Department of Military Affairs,2025-11-03T13:18:10Z,2025-11-03T13:18:10Z,No
['GEM/2025/B/6849823'],All in One PC (V2),[69],Ministry of Railways Indian Railways,2025-11-03T13:17:15Z,2025-11-03T13:17:15Z,No
['GEM/2025/B/6827083'],"Vehicle Hiring Service - Per Vehicle-Day basis - Sedan; 2020, 2021, 2022, 2023, 2024, 2025; Local; ",[110],Ministry of Defence Department of Military Affairs,2025-11-03T13:28:33Z,2025-11-03T13:28:33Z,No
['GEM/2025/B/6782752'],"INTEL XEON SERVER 2 CPU, RACK OPTIMIZED",[2],Ministry of Steel Rashtriya Ispat Nigam Limited,2025-10-14T16:43:19Z,2025-10-14T16:43:19Z,No
['GEM/2025/B/6838121'],Surface Resistivity Meter (V2),[1],Ministry of Jal Shakti Department of Water Resources River Development and Ganga Rejuvenation,2025-10-30T10:15:35Z,2025-10-30T10:15:35Z,No
['GEM/2025/B/6827671'],Stationary Valve Regulated Lead Acid Batteries (V2) as per IS 15549,[10],Ministry of Defence Department of Defence Research & Development,2025-10-30T10:54:26Z,2025-10-30T10:54:26Z,No
['GEM/2025/B/6838424'],Custom Bid for Services - ENGAGEMENT OF SERVICE PROVIDER FOR PRESERVATION OF FOOD GRAINS AT MD VIZA,[1],Ministry of Consumer Affairs Food and Public Distribution Department of Food and Public Distribution,2025-10-30T11:05:16Z,2025-10-30T11:05:16Z,No
['GEM/2025/B/6838086'],"Supply of portable igniter for CDU-3,Supply of portable igniter for FCCU-2,Supply of portable ignit",[6],Ministry of Petroleum and Natural Gas NA,2025-10-30T11:01:26Z,2025-10-30T11:01:26Z,No
['GEM/2025/B/6832874'],Mobile Storage Compactors,[2],Ministry of Petroleum and Natural Gas NA,2025-10-30T11:03:22Z,2025-10-30T11:03:22Z,No
['GEM/2025/B/6829613'],"NORMAL SALINE,DNS,RL,CALSHINE 60K SACHET,TAB COMBIFLAM,ECG PAPER,VACCINE TYPBAR 2.5ML,ND NOSIKIND 0",[5999],Ministry of Defence Department of Military Affairs,2025-10-30T12:18:57Z,2025-10-30T12:18:57Z,No
['GEM/2025/B/6817101'],"SELF ADHESIVE SYNTH STICKER, 35 MM",[1200000],Ministry of Steel Rashtriya Ispat Nigam Limited,2025-10-30T12:27:44Z,2025-10-30T12:27:44Z,No
['GEM/2025/B/6801751'],"M12 X 50MM SS COUNTERSUNK BOLT,M12 X 145MM SS COUNTERSUNK BOLT,M12 X 60MM SS COUNTERSUNK BOLT,M12 X",[1500],Ministry of Steel Rashtriya Ispat Nigam Limited,2025-10-30T12:18:00Z,2025-10-30T12:18:00Z,No
['GEM/2025/B/6817227'],"LABEL FOR BAR END, 35MM",[2000000],Ministry of Steel Rashtriya Ispat Nigam Limited,2025-10-30T12:31:51Z,2025-10-30T12:31:51Z,No
['GEM/2025/B/6836412'],Monthly Basis Cab & Taxi Hiring Services - SUV; 2000 km x 320 hours; Local 24*7,[1],Ministry of Railways Indian Railways,2025-10-30T11:54:05Z,2025-10-30T11:54:05Z,No
['GEM/2025/B/6837920'],DOL starter,[7],Ministry of Railways Indian Railways,2025-11-03T16:51:44Z,2025-11-03T16:51:44Z,No
['GEM/2025/B/6820820'],Gasket sealing Compound,[105],Ministry of Railways Indian Railways,2025-11-03T16:48:49Z,2025-11-03T16:48:49Z,No
['GEM/2025/B/6817727'],Thimbles For Wire Ropes-IS:2315,[50],Ministry of Railways Indian Railways,2025-10-24T15:25:49Z,2025-10-24T15:25:49Z,No
['GEM/2025/B/6797558'],Plotter Printers (V2),[1],Ministry of Railways Indian Railways,2025-10-16T18:14:12Z,2025-10-16T18:14:12Z,No
['GEM/2025/B/6701227'],CARBON MONOXIDE GAS 99.97 PERCENT PURE IN 47L CAPACITY RETURNABLE CYLINDERS,[12],Ministry of Steel Rashtriya Ispat Nigam Limited,2025-10-17T17:03:45Z,2025-10-17T17:03:45Z,No
['GEM/2025/B/6638191'],"Parker O Ring Neoprene 70 part no.2-277 of size 291.69 x 3.53 mm,Parker O Ring Neoprene 70 part no.",[3240],Ministry of Defence Department of Military Affairs,2025-10-13T16:18:40Z,2025-10-13T16:18:40Z,No
['GEM/2025/B/6715418'],"Automatic Core Biopsy Gun with Coaxial needle 18Gx16cm,Automatic Core Biopsy Gun with Coaxial needl",[60],Ministry of Defence Department of Military Affairs,2025-10-14T11:55:16Z,2025-10-14T11:55:16Z,No
['GEM/2025/B/6812188'],Event or Seminar or Workshop or Exhibition or Expo Management Service - National; OUTSOURCING OF SE,[1],Ministry of Defence Department of Military Affairs,2025-11-04T09:26:24Z,2025-11-04T09:26:24Z,No
['GEM/2025/B/6829214'],SAMSUNG GALAXY SMART PHONE S25 ULTRA 5G(12/512GB),[2],Ministry of Labour and Employment NA,2025-11-03T18:26:16Z,2025-11-03T18:26:16Z,No
['GEM/2025/B/6852176'],"Monthly Basis Cab & Taxi Hiring Services - Premium Sedan; 2000 km x 320 hours; Local 24*7,Monthly B",[9],Ministry of Finance Department of Revenue,2025-11-03T18:01:49Z,2025-11-03T18:01:49Z,No
['GEM/2025/B/6700531'],Thin Client Computers (V2),[75],Ministry of Railways Indian Railways,2025-11-06T10:32:07Z,2025-11-06T10:32:07Z,No
['GEM/2025/B/6794009'],Smart Card Operated Ticket Vending Machine (ATVM) (Indian Railways),[10],Ministry of Railways Indian Railways,2025-11-06T10:57:56Z,2025-11-06T10:57:56Z,No
['GEM/2025/B/6847797'],Repair and Overhauling Service - AUGMENTATION OF VENTILATION IN AMR COMPARTMENT ALONG WITH FITMENT ,[1],Ministry of Defence Department of Military Affairs,2025-11-06T11:58:46Z,2025-11-06T11:58:46Z,No
['GEM/2025/B/6758530'],"MS Electrodes Welding Dia 4MM - N3439-000226,MS Electrode For Welding Dia 3.15MM - N3439-000277,MS ",[180915],Ministry of Defence Department of Military Affairs,2025-11-06T11:53:18Z,2025-11-06T11:53:18Z,No
['GEM/2025/B/6859678'],Custom Bid for Services - Eddy Current Array Testing of Wheels of LHB Coaches at Coaching Depot Tir,[1],Ministry of Railways Indian Railways,2025-11-06T12:16:54Z,2025-11-06T12:16:54Z,No
['GEM/2025/B/6859444'],"Monthly Basis Cab & Taxi Hiring Services - SUV; 3000 KM PER MONTH,CUMULATIVE 36000 KM PER YEAR; Out",[1],Ministry of Railways Indian Railways,2025-11-06T12:19:01Z,2025-11-06T12:19:01Z,No
['GEM/2025/B/6855303'],Server and Monitor,[1],PMO Department of space,2025-11-06T12:19:17Z,2025-11-06T12:19:17Z,No
['GEM/2025/B/6711693'],"EA972B-9490(AUTOMATIC HYDROSTATIC RELEASE UNIT),EA9729B-2846(EPIRB GLOBAL FIX IPRO 406 MHZ)",[17],Ministry of Defence Department of Military Affairs,2025-11-06T09:37:43Z,2025-11-06T09:37:43Z,No
['GEM/2025/B/6859512'],XLPE Cable for Working Voltages up to and Including 1.1 KV as per IS 7098 (Part 1),[1000],Ministry of Railways Indian Railways,2025-11-06T10:13:57Z,2025-11-06T10:13:57Z,No
['GEM/2025/B/6859413'],Custom Bid for Services - Service contract for Field Quality Control (FQC) Engineer services for M/,[1],Ministry of Heavy Industries and Public Enterprises Department of Heavy Industry,2025-11-06T09:59:51Z,2025-11-06T09:59:51Z,No
['GEM/2025/B/6852176'],"Monthly Basis Cab & Taxi Hiring Services - Premium Sedan; 2000 km x 320 hours; Local 24*7,Monthly B",[9],Ministry of Finance Department of Revenue,2025-11-03T18:01:49Z,2025-11-03T18:01:49Z,No
['GEM/2025/B/6806693'],"Aft bush collars 70/85,MoD CET-65E(P) Collars",[275],Ministry of Defence Department of Military Affairs,2025-11-03T18:10:14Z,2025-11-03T18:10:14Z,No
['GEM/2025/B/6702232'],"SITC of relays for SS-40 as per Annexure,SITC of relays for SS-61 as per Annexure,SITC of relays fo",[4],Ministry of Petroleum and Natural Gas NA,2025-09-19T14:27:19Z,2025-09-19T14:27:19Z,No
['GEM/2025/B/6769188'],"Biphasic Defibrillator with External pacing,12 lead portable ECG machine,portable ABG machine,Multi",[54],Ministry of Defence Department of Military Affairs,2025-11-01T09:57:26Z,2025-11-01T09:57:26Z,No
['GEM/2025/B/6853108'],"WINDBOX ASSEMBLY FOR UNIT I OF NSPCL BILAI PROJECT SO 8122,ACCESSORIES FOR UNIT I OF NSPCL BHILAI P",[15],Ministry of Heavy Industries and Public Enterprises Department of Heavy Industry,2025-11-04T09:55:27Z,2025-11-04T09:55:27Z,No
['GEM/2025/B/6851791'],"PILOT GAS SELF ACTUATED PRESS. CONT VALV,MADANTORY SPARES",[3],Ministry of Heavy Industries and Public Enterprises Department of Heavy Industry,2025-11-04T09:48:27Z,2025-11-04T09:48:27Z,No
['GEM/2025/B/6853015'],DM WATER PLANT,[1],Ministry of Heavy Industries and Public Enterprises Department of Heavy Industry,2025-11-04T10:25:26Z,2025-11-04T10:25:26Z,No
['GEM/2025/B/6839578'],"6"" MASS FLOW METER,INSTALLATION AND COMM ASSISTANCE",[7],Ministry of Petroleum and Natural Gas NA,2025-11-04T10:21:56Z,2025-11-04T10:21:56Z,No
['GEM/2025/B/6797272'],"STRAP for STM, LC, blue, 31.75 MM X 0.89 MM",[400],Ministry of Steel Rashtriya Ispat Nigam Limited,2025-10-30T15:10:19Z,2025-10-30T15:10:19Z,No
['GEM/2025/B/6851313'],Deep Freezer with Compressor. Capacity 425 Ltr,[1],Ministry of Defence Department of Defence,2025-11-03T16:07:55Z,2025-11-03T16:07:55Z,No
['GEM/2025/B/6851776'],"SLF PLUS N12 BACK TYRE BSIII,TUBE BACK TYRE BSIII,SLF N8 FRONT TYRE BSIII and BSIV,TUBE FRONT TYRE ",[20],Ministry of Heavy Industries and Public Enterprises Department of Heavy Industry,2025-11-04T10:49:14Z,2025-11-04T10:49:14Z,No
['GEM/2025/B/6849291'],PROCUREMENT OF 10 METAL SLEEPER SHEETS FOR INLIVING/TY DUTY SAILORS,[10],Ministry of Defence Department of Military Affairs,2025-11-04T10:57:53Z,2025-11-04T10:57:53Z,No
['GEM/2025/B/6845924'],Repair and Overhauling Service - MANUFACTURING AND SUPPLY OF BRUSHED STAINLESS STEEL STORAGE ARRANG,[1],Ministry of Defence Department of Military Affairs,2025-11-04T10:46:04Z,2025-11-04T10:46:04Z,No
['GEM/2025/B/6853605'],LENS KIMWIPES,[1000],Ministry of Defence Department of Defence Production,2025-11-04T11:08:48Z,2025-11-04T11:08:48Z,No
['GEM/2025/B/6853370'],CEF-1 card (141-PCA000165-E) of TEJAS TJ1400,[2],Ministry of Power NA,2025-11-04T11:06:40Z,2025-11-04T11:06:40Z,No
['GEM/2025/B/6853253'],"ELMNT TMP THRMCPL 300MM,ELMNT TMP THRMCPL 350MM,ELMNT TMP THRMCPL 450MM,ELMNT TMP THRMCPL 600MM,ELM",[2370],Ministry of Petroleum and Natural Gas NA,2025-11-04T11:08:47Z,2025-11-04T11:08:47Z,No
['GEM/2025/B/6787308'],"PR_ 100265242_ M2714950211_ PORTA CABIN, MILD STEEL_ Item-10_ Schedule-1",[4],Ministry of Power NA,2025-11-04T11:21:07Z,2025-11-04T11:21:07Z,No
['GEM/2025/B/6769188'],"Biphasic Defibrillator with External pacing,12 lead portable ECG machine,portable ABG machine,Multi",[54],Ministry of Defence Department of Military Affairs,2025-11-01T09:57:26Z,2025-11-01T09:57:26Z,No
['GEM/2025/B/6853108'],"WINDBOX ASSEMBLY FOR UNIT I OF NSPCL BILAI PROJECT SO 8122,ACCESSORIES FOR UNIT I OF NSPCL BHILAI P",[15],Ministry of Heavy Industries and Public Enterprises Department of Heavy Industry,2025-11-04T09:55:27Z,2025-11-04T09:55:27Z,No
['GEM/2025/B/6851791'],"PILOT GAS SELF ACTUATED PRESS. CONT VALV,MADANTORY SPARES",[3],Ministry of Heavy Industries and Public Enterprises Department of Heavy Industry,2025-11-04T09:48:27Z,2025-11-04T09:48:27Z,No
['GEM/2025/B/6827083'],"Vehicle Hiring Service - Per Vehicle-Day basis - Sedan; 2020, 2021, 2022, 2023, 2024, 2025; Local; ",[110],Ministry of Defence Department of Military Affairs,2025-11-03T13:28:33Z,2025-11-03T13:28:33Z,No
['GEM/2025/B/6782752'],"INTEL XEON SERVER 2 CPU, RACK OPTIMIZED",[2],Ministry of Steel Rashtriya Ispat Nigam Limited,2025-10-14T16:43:19Z,2025-10-14T16:43:19Z,No
['GEM/2025/B/6791527'],"Manpower Outsourcing Services - Minimum wage - Skilled; Graduate; Admin,Manpower Outsourcing Servic",[3],Ministry of Defence Department of Military Affairs,2025-11-03T13:44:12Z,2025-11-03T13:44:12Z,No
['GEM/2025/B/6741182'],"LOT 1,LOT 2,LOT 3,LOT 4,LOT 5",[5],"Ministry of Ports, Shipping and Waterways NA",2025-09-30T17:40:14Z,2025-09-30T17:40:14Z,No
['GEM/2025/B/6280251'],Toner Cartridges / Ink Cartridges / Consumables for Printers,[10],Ministry of Steel Rashtriya Ispat Nigam Limited,2025-05-27T17:06:59Z,2025-05-27T17:06:59Z,No
['GEM/2025/B/6851334'],"Portbale Tool kit,Heavy Duty Electric saw,Drill Machine Hammer Type,Tool kit complete,Torque wrench",[10],Ministry of Defence Department of Defence,2025-11-03T15:44:04Z,2025-11-03T15:44:04Z,No
['GEM/2025/B/6851190'],33 KV 1Cx630 Sq.mm Cable GIS Nexans Euromold make termination kit 1st run 1set for 3 cable RYB phas,[8],Ministry of Heavy Industries and Public Enterprises Department of Heavy Industry,2025-11-03T15:34:39Z,2025-11-03T15:34:39Z,No
['GEM/2025/B/6850324'],Military marine version 10x50 magnificationMake shall be Steiner andmodel shall be M1050 including ,[10],Ministry of Defence Department of Defence Production,2025-11-03T15:38:25Z,2025-11-03T15:38:25Z,No
['GEM/2025/B/6841144'],Custom Bid for Services - ECDIS Display rebooting frequently and unable to upload latest ENC editio,[1],Ministry of Defence Department of Defence,2025-11-03T15:41:58Z,2025-11-03T15:41:58Z,No
['GEM/2025/B/6763202'],"Installation, Integration and Commission of the OFC Based Telephone Network (01 Job),Establishment ",[2],Ministry of Defence Department of Defence Research & Development,2025-11-03T15:40:57Z,2025-11-03T15:40:57Z,No
['GEM/2025/B/6819786'],Standardized Self Locking Single Use Plastic Seals (Pull Tight Seal),[2500000],Ministry of Communications Department of Posts,2025-11-04T15:09:10Z,2025-11-04T15:09:10Z,No
['GEM/2025/B/6772758'],Manpower Outsourcing Services - Minimum wage - Skilled; ITI; Others,[3],Ministry of Defence Department of Military Affairs,2025-11-04T15:08:12Z,2025-11-04T15:08:12Z,No
['GEM/2025/B/6855589'],"Centre Table with 12mm glass top,Dining Table with 12mm glass top",[5],Ministry of Defence Department of Defence,2025-11-04T15:38:52Z,2025-11-04T15:38:52Z,No
['GEM/2025/B/6853202'],"Office Stationery1,Office Stationery2,Office Stationery3,Office Stationery4,Office Stationery5,Offi",[7906],"Ministry of Ports, Shipping and Waterways Dredging Corporation of India Limited",2025-11-04T15:31:13Z,2025-11-04T15:31:13Z,No
['GEM/2025/B/6851796'],STIRUPP HINGE SA216 GR. WCA,[200],Ministry of Heavy Industries and Public Enterprises Department of Heavy Industry,2025-11-04T15:30:06Z,2025-11-04T15:30:06Z,No
['GEM/2025/B/6835885'],"Custom Bid for Services - Fixed monthly 2000 KL,Custom Bid for Services - 2000 to 5000 KL,Custom Bi",[5],Ministry of Petroleum and Natural Gas NA,2025-10-30T14:21:01Z,2025-10-30T14:21:01Z,No
['GEM/2025/B/6819539'],"CONTROL,ML FML, SOCKETS,C1B47917083400,TRIP COIL 110 220V DC, C1B41211176223,CLOSE COIL 110 220V DC",[54],Ministry of Petroleum and Natural Gas NA,2025-10-24T15:27:08Z,2025-10-24T15:27:08Z,No
['GEM/2025/B/6854114'],Custom Bid for Services - UPGRADATION OF EXISTING INFRASTRUCTURE OF UPS ROOM,[1],Ministry of Defence Department of Military Affairs,2025-11-04T15:28:01Z,2025-11-04T15:28:01Z,No
['GEM/2025/B/6805788'],"Polyester Webbing Slings,Polyester Webbing Slings,Polyester Webbing Slings",[56],Ministry of Steel Rashtriya Ispat Nigam Limited,2025-11-04T15:17:44Z,2025-11-04T15:17:44Z,No
['GEM/2025/B/6716245'],Custom Bid for Services - Deployment/engagement of unskilled Labour for Tree cutting works/ Planned,[1],Ministry of Power POWER GRID Corporation OF INDIA Limited,2025-10-06T13:41:11Z,2025-10-06T13:41:11Z,No
['GEM/2025/B/6782728'],2.5 kw vfd MOTOR,[44],Ministry of Steel Rashtriya Ispat Nigam Limited,2025-10-27T11:04:42Z,2025-10-27T11:04:42Z,No
['GEM/2025/B/6782719'],"MOT, SCIM, 415 V, 315L, 2P, 180KW,MOT, SQIM, 415V, 100 L, 4P, 2.2KW,MOT, SCI, 415VAC, 180L, 6P, 930",[4],Ministry of Steel Rashtriya Ispat Nigam Limited,2025-10-27T10:44:34Z,2025-10-27T10:44:34Z,No
['GEM/2025/B/6782679'],"7.5 KW, 132M, 4P, SCIM,15KW, 160L, 4P SCI MOTOR,90KW, VF280M04, 4P SCI MOTOR",[8],Ministry of Steel Rashtriya Ispat Nigam Limited,2025-10-27T11:19:58Z,2025-10-27T11:19:58Z,No
['GEM/2025/B/6782565'],"CBL, UAR, 1100V, CU, SI RBR, 1 C, 185MM²",[300],Ministry of Steel Rashtriya Ispat Nigam Limited,2025-10-27T15:09:08Z,2025-10-27T15:09:08Z,No
['GEM/2025/B/6782531'],"2114727; ENCODER, 10-30Vdc, 12 VDC, HTL, 1024 PPR",[18],Ministry of Steel Rashtriya Ispat Nigam Limited,2025-10-27T12:25:20Z,2025-10-27T12:25:20Z,No
['GEM/2025/B/6760791'],"BRUSH CLOTH,BRUSH SHOE POLISHING",[10400],Ministry of Defence Department of Military Affairs,2025-10-28T14:28:59Z,2025-10-28T14:28:59Z,No
['GEM/2025/B/6760596'],"Manpower Outsourcing Services - Minimum wage - Semi-skilled; ITI; Others,Manpower Outsourcing Servi",[12],Ministry of Defence Department of Military Affairs,2025-10-27T14:44:02Z,2025-10-27T14:44:02Z,No
['GEM/2025/B/6760510'],"Manpower Outsourcing Services - Minimum wage - Semi-skilled; ITI; Others,Manpower Outsourcing Servi",[12],Ministry of Defence Department of Military Affairs,2025-10-27T15:53:23Z,2025-10-27T15:53:23Z,No
['GEM/2025/B/6760403'],"Manpower Outsourcing Services - Minimum wage - Semi-skilled; ITI; Others,Manpower Outsourcing Servi",[13],Ministry of Defence Department of Military Affairs,2025-10-27T15:58:19Z,2025-10-27T15:58:19Z,No
['GEM/2025/B/6822058'],Hardner HV 9534 + Araldite Resin 5 KG (Hardner K 9),[20],Department of Space Department of Space,2025-10-27T17:47:38Z,2025-10-27T17:47:38Z,No
['GEM/2025/B/6727399'],Ear Plugs as per IS 9167,[4000],Ministry of Railways Indian Railways,2025-10-31T10:07:53Z,2025-10-31T10:07:53Z,No
['GEM/2025/B/6845061'],VIRGIN ABS RAW MATERIAL (BLACK),[30000],Ministry of Chemicals and Fertilizers Department of Chemicals and Petrochemicals,2025-10-31T17:51:17Z,2025-10-31T17:51:17Z,No
['GEM/2025/B/6844211'],"Specialized Loss Circulation Material (LCM) – Preventive,Specialized Loss Circulation Material (L",[77500],Ministry of Petroleum and Natural Gas OIL INDIA Limited,2025-10-31T17:46:56Z,2025-10-31T17:46:56Z,No
['GEM/2025/B/6698826'],"XL68009,XL91054,DE4413030100,DE4 4413050300,DE443100,DE 4431 50,XL94003 XL94002,DD901777 5,DE 4635 ",[35],Ministry of Defence Department of Military Affairs,2025-10-14T11:42:59Z,2025-10-14T11:42:59Z,No
['GEM/2025/B/6817559'],"PROCUREMENT OF SHUT DOWN VALVE 150# 2"" BALL VALVE,PROCUREMENT OF SHUT DOWN VALVE 300# 1"" BALL VALVE",[11],Ministry of Petroleum and Natural Gas NA,2025-10-31T18:16:25Z,2025-10-31T18:16:25Z,No
['GEM/2025/B/6767173'],SF6 gas leakage arresting from 02Nos of hole type spacer joints in Angul-2 Line Reactor Bay (Outdoo,[2],Ministry of Power POWER GRID Corporation OF INDIA Limited,2025-10-31T18:27:40Z,2025-10-31T18:27:40Z,No
['GEM/2025/B/6836726'],Security Manpower Service (Version 2.0) - Office/Commercial/Institutions/ Residential; Unarmed Secu,[4],Ministry of Finance Department of Revenue,2025-10-31T18:32:53Z,2025-10-31T18:32:53Z,No
['GEM/2025/B/6805129'],Anti-termite treatment of Cable trenches on Half-yearly basis at Vemagiri GIS Substation,[8],Ministry of Power POWER GRID Corporation OF INDIA Limited,2025-10-31T19:20:26Z,2025-10-31T19:20:26Z,No
['GEM/2025/B/6711693'],"EA972B-9490(AUTOMATIC HYDROSTATIC RELEASE UNIT),EA9729B-2846(EPIRB GLOBAL FIX IPRO 406 MHZ)",[17],Ministry of Defence Department of Military Affairs,2025-11-06T09:37:43Z,2025-11-06T09:37:43Z,No
['GEM/2025/B/6859413'],Custom Bid for Services - Service contract for Field Quality Control (FQC) Engineer services for M/,[1],Ministry of Heavy Industries and Public Enterprises Department of Heavy Industry,2025-11-06T09:59:51Z,2025-11-06T09:59:51Z,No
['GEM/2025/B/6815777'],"Adult CPR training mannequin with feedback,Infant CPR training mannequin with feedback,Pediatric CP",[23],Ministry of Health and Family Welfare Department of Health and Family Welfare,2025-11-06T09:56:07Z,2025-11-06T09:56:07Z,No
['GEM/2025/B/6743949'],SMART CLASSROOM FACILITY-SCHOOL,[84],Ministry of Defence Department of Defence Production,2025-09-30T16:11:46Z,2025-09-30T16:11:46Z,No
['GEM/2025/B/6859512'],XLPE Cable for Working Voltages up to and Including 1.1 KV as per IS 7098 (Part 1),[1000],Ministry of Railways Indian Railways,2025-11-06T10:13:57Z,2025-11-06T10:13:57Z,No
['GEM/2025/B/6732554'],"EA3450B-SRPM2313B(SWITCH ROTARY 25 AMP, 3PLOE 2 WAY ON OFF),EA3450B-PA73405(ROTARY SWITCH 40A TP 41",[68],Ministry of Defence Department of Military Affairs,2025-11-06T10:12:47Z,2025-11-06T10:12:47Z,No
['GEM/2025/B/6856615'],Custom Bid for Services - PESO NOC DRAWING PREPERATION,[1],Ministry of Petroleum and Natural Gas NA,2025-11-04T17:48:59Z,2025-11-04T17:48:59Z,No
['GEM/2025/B/6805132'],Event or Seminar or Workshop or Exhibition or Expo Management Service - National; TOUR AND SIGHTSEE,[1],Ministry of Defence Department of Military Affairs,2025-10-26T09:38:19Z,2025-10-26T09:38:19Z,No
['GEM/2025/B/6856721'],Comfort seating sofa swastik model,[4],Ministry of Civil Aviation Airports Authority of India (AAI),2025-11-04T18:05:27Z,2025-11-04T18:05:27Z,No
['GEM/2025/B/6805346'],Event or Seminar or Workshop or Exhibition or Expo Management Service - National; TOUR AND SIGHTSEE,[1],Ministry of Defence Department of Military Affairs,2025-10-26T10:21:32Z,2025-10-26T10:21:32Z,No
['GEM/2025/B/6853418'],Manpower Outsourcing Services - Minimum wage - Skilled; Graduate; Admin,[10],Ministry of Defence Department of Military Affairs,2025-11-04T18:26:55Z,2025-11-04T18:26:55Z,No
['GEM/2025/B/6790218'],Custom Bid for Services - ----,[1],Ministry of Petroleum and Natural Gas NA,2025-10-15T12:59:58Z,2025-10-15T12:59:58Z,No
['GEM/2025/B/6844619'],Procurement of LIgneous Customised Dining Chairs for ENC(O) Mess,[350],Ministry of Defence Department of Military Affairs,2025-11-04T18:55:02Z,2025-11-04T18:55:02Z,No
['GEM/2025/B/6846662'],PROCUREMENT OF WOODEN HEAD BY TABLE BY USING 18 MM MARINE WATER PROOF PLY WOOD WITH TEAK WOOD SUPPO,[148],Ministry of Defence Department of Military Affairs,2025-11-04T19:00:49Z,2025-11-04T19:00:49Z,No
['GEM/2025/B/6845127'],PROVISIONING AND UPGRADATION OF LIGNEOUS VERTICAL FIXED RACKS,[30],Ministry of Defence Department of Military Affairs,2025-11-04T19:06:12Z,2025-11-04T19:06:12Z,No
['GEM/2025/B/6816409'],"INDIAN GAUR.,Four Person Tent,Two Person Tent,FRESH WATER CROCODILE,PEACOCK,CHOSINGHA,RABBIT",[14],Environment Forests Science and Technology Department Andhra Pradesh,2025-10-24T12:53:24Z,2025-10-24T12:53:24Z,No
['GEM/2025/B/6849305'],Custom Bid for Services - REFURBISHMENT OF ACOUSTICS AND AESTHETICS IMPROVEMENT OF RAJPUT HALL AT E,[1],Ministry of Defence Department of Military Affairs,2025-11-04T20:09:31Z,2025-11-04T20:09:31Z,No
['GEM/2025/B/6804411'],"SUPPLY and INSTAL OF WEIGH BRIDGE 80 TON,CAMC OF 2 NO OF WEIGH BRIDGES 1ST YEAR,CAMC OF 2 NO OF WEI",[7],Ministry of Petroleum and Natural Gas NA,2025-10-17T16:41:48Z,2025-10-17T16:41:48Z,No
['GEM/2025/B/6688124'],EF6023D-MG5436 (MAGNETRON),[3],Ministry of Defence Department of Military Affairs,2025-11-05T10:18:53Z,2025-11-05T10:18:53Z,No
['GEM/2025/B/6857563'],Safes (V3) ISI Marked to IS 550,[1],Ministry of Finance Department of Financial Services,2025-11-05T10:55:39Z,2025-11-05T10:55:39Z,No
['GEM/2025/B/6855167'],"KIT, FLUID END, D15K52GHFEH, PMP, WNR PMP,KIT, DPHRGM, D15D52GXXXX, PMP, W NR PMP,KIT, VLV, D15V52G",[4],Ministry of Petroleum and Natural Gas NA,2025-11-05T10:50:52Z,2025-11-05T10:50:52Z,No
['GEM/2025/B/6850016'],Event or Seminar or Workshop or Exhibition or Expo Management Service - National; OUTSOURCING OF SE,[1],Ministry of Defence Department of Military Affairs,2025-11-05T10:59:43Z,2025-11-05T10:59:43Z,No
['GEM/2025/B/6820820'],Gasket sealing Compound,[105],Ministry of Railways Indian Railways,2025-11-03T16:48:49Z,2025-11-03T16:48:49Z,No
['GEM/2025/B/6849966'],Manpower Outsourcing Services - Minimum wage - Unskilled; Middle School; Others,[1],Ministry of Finance Department of Financial Services,2025-11-03T16:37:14Z,2025-11-03T16:37:14Z,No
['GEM/2025/B/6848825'],"Pilot Gas (COG) Flow control Valve,COMMISSIONING SPARES",[4],Ministry of Heavy Industries and Public Enterprises Department of Heavy Industry,2025-11-02T15:31:31Z,2025-11-02T15:31:31Z,No
['GEM/2025/B/6797382'],End Point Protection Software / Appliances (V3),[142],Ministry of Defence Department of Military Affairs,2025-11-03T16:31:46Z,2025-11-03T16:31:46Z,No
['GEM/2025/B/6741182'],"LOT 1,LOT 2,LOT 3,LOT 4,LOT 5",[5],"Ministry of Ports, Shipping and Waterways NA",2025-09-30T17:40:14Z,2025-09-30T17:40:14Z,No
['GEM/2025/B/6280251'],Toner Cartridges / Ink Cartridges / Consumables for Printers,[10],Ministry of Steel Rashtriya Ispat Nigam Limited,2025-05-27T17:06:59Z,2025-05-27T17:06:59Z,No
['GEM/2025/B/6851334'],"Portbale Tool kit,Heavy Duty Electric saw,Drill Machine Hammer Type,Tool kit complete,Torque wrench",[10],Ministry of Defence Department of Defence,2025-11-03T15:44:04Z,2025-11-03T15:44:04Z,No
['GEM/2025/B/6851190'],33 KV 1Cx630 Sq.mm Cable GIS Nexans Euromold make termination kit 1st run 1set for 3 cable RYB phas,[8],Ministry of Heavy Industries and Public Enterprises Department of Heavy Industry,2025-11-03T15:34:39Z,2025-11-03T15:34:39Z,No
['GEM/2025/B/6850324'],Military marine version 10x50 magnificationMake shall be Steiner andmodel shall be M1050 including ,[10],Ministry of Defence Department of Defence Production,2025-11-03T15:38:25Z,2025-11-03T15:38:25Z,No
['GEM/2025/B/6841144'],Custom Bid for Services - ECDIS Display rebooting frequently and unable to upload latest ENC editio,[1],Ministry of Defence Department of Defence,2025-11-03T15:41:58Z,2025-11-03T15:41:58Z,No
['GEM/2025/B/6859095'],XLPE Cable for Working Voltages up to and Including 1.1 KV as per IS 7098 (Part 1),[3500],Ministry of Railways Indian Railways,2025-11-05T20:12:20Z,2025-11-05T20:12:20Z,No
['GEM/2025/B/6859103'],XLPE Cable for Working Voltages up to and Including 1.1 KV as per IS 7098 (Part 1),[1200],Ministry of Railways Indian Railways,2025-11-05T20:19:20Z,2025-11-05T20:19:20Z,No
['GEM/2025/B/6859109'],XLPE Cable for Working Voltages up to and Including 1.1 KV as per IS 7098 (Part 1),[1500],Ministry of Railways Indian Railways,2025-11-05T20:30:28Z,2025-11-05T20:30:28Z,No
['GEM/2025/B/6859121'],XLPE Cable for Working Voltages up to and Including 1.1 KV as per IS 7098 (Part 1),[700],Ministry of Railways Indian Railways,2025-11-05T20:48:50Z,2025-11-05T20:48:50Z,No
['GEM/2025/B/6859107'],"VZ7500999046_4inch_C150_FL_HW_A216GRWCB_GLOBE VALVE_1,VZ7500999046_4inch_C150_FL_HW_A216GRWCB_GLOBE",[330],Ministry of Heavy Industries and Public Enterprises Department of Heavy Industry,2025-11-05T20:49:07Z,2025-11-05T20:49:07Z,No
['GEM/2025/B/6824551'],"Item No 10,Item No 20,Item No 30,Item No 40,Item No 50,Item No 60,Item No 70,Item No 80,Item No 90,",[54],Ministry of Petroleum and Natural Gas NA,2025-10-25T16:44:38Z,2025-10-25T16:44:38Z,No
['GEM/2025/B/6821110'],"ROUND MELAMINE PLATE,TABLE WATER GLASS STAND,CRUET SET,SS TEA CONTAINER CAPACITY 10 LTR,HOT AND COL",[173],Ministry of Defence Department of Military Affairs,2025-10-25T15:52:32Z,2025-10-25T15:52:32Z,No
['GEM/2025/B/6794927'],Automated Peritoneal Dialysis (APD) Machine,[5],Ministry of Health and Family Welfare Department of Health and Family Welfare,2025-10-15T17:13:55Z,2025-10-15T17:13:55Z,No
['GEM/2025/B/6782277'],"ANALYZER, GAS_ Schedule 1_ Item_ 10_ M9476250003_ 100262400",[14],Ministry of Power NA,2025-10-23T09:12:17Z,2025-10-23T09:12:17Z,No
['GEM/2025/B/6778952'],"PR 100257597 00010 M5101906013 U-SEALING RING, MACHINED, 01050109000/5,PR 100257597 00020 M51019060",[3],Ministry of Power NA,2025-10-15T19:19:51Z,2025-10-15T19:19:51Z,No
['GEM/2025/B/6658071'],All in One PC (V2),[20],Ministry of Labour and Employment NA,2025-09-29T10:36:43Z,2025-09-29T10:36:43Z,No
['GEM/2025/B/6859103'],XLPE Cable for Working Voltages up to and Including 1.1 KV as per IS 7098 (Part 1),[1200],Ministry of Railways Indian Railways,2025-11-05T20:19:20Z,2025-11-05T20:19:20Z,No
['GEM/2025/B/6859095'],XLPE Cable for Working Voltages up to and Including 1.1 KV as per IS 7098 (Part 1),[3500],Ministry of Railways Indian Railways,2025-11-05T20:12:20Z,2025-11-05T20:12:20Z,No
['GEM/2025/B/6859121'],XLPE Cable for Working Voltages up to and Including 1.1 KV as per IS 7098 (Part 1),[700],Ministry of Railways Indian Railways,2025-11-05T20:48:50Z,2025-11-05T20:48:50Z,No
['GEM/2025/B/6859107'],"VZ7500999046_4inch_C150_FL_HW_A216GRWCB_GLOBE VALVE_1,VZ7500999046_4inch_C150_FL_HW_A216GRWCB_GLOBE",[330],Ministry of Heavy Industries and Public Enterprises Department of Heavy Industry,2025-11-05T20:49:07Z,2025-11-05T20:49:07Z,No
['GEM/2025/B/6859109'],XLPE Cable for Working Voltages up to and Including 1.1 KV as per IS 7098 (Part 1),[1500],Ministry of Railways Indian Railways,2025-11-05T20:30:28Z,2025-11-05T20:30:28Z,No
['GEM/2025/B/6824551'],"Item No 10,Item No 20,Item No 30,Item No 40,Item No 50,Item No 60,Item No 70,Item No 80,Item No 90,",[54],Ministry of Petroleum and Natural Gas NA,2025-10-25T16:44:38Z,2025-10-25T16:44:38Z,No
['GEM/2025/B/6821110'],"ROUND MELAMINE PLATE,TABLE WATER GLASS STAND,CRUET SET,SS TEA CONTAINER CAPACITY 10 LTR,HOT AND COL",[173],Ministry of Defence Department of Military Affairs,2025-10-25T15:52:32Z,2025-10-25T15:52:32Z,No
['GEM/2025/B/6794927'],Automated Peritoneal Dialysis (APD) Machine,[5],Ministry of Health and Family Welfare Department of Health and Family Welfare,2025-10-15T17:13:55Z,2025-10-15T17:13:55Z,No
['GEM/2025/B/6782277'],"ANALYZER, GAS_ Schedule 1_ Item_ 10_ M9476250003_ 100262400",[14],Ministry of Power NA,2025-10-23T09:12:17Z,2025-10-23T09:12:17Z,No
['GEM/2025/B/6695413'],"DIGITAL BTE PROGRAMMABLE HEARING AID VESUVIO XTM XP P4 SIGNIA,DIGITAL BTE PROGRAMMABLE HEARING AID ",[76],Ministry of Defence Department of Military Affairs,2025-10-06T10:11:18Z,2025-10-06T10:11:18Z,No
['GEM/2025/B/6847657'],Custom Bid for Services - SUPERVISION SERVICES FOR INSTALLATION AND COMMISSIONING OF DISSOLVED AIR ,[1],Ministry of Petroleum and Natural Gas NA,2025-11-01T15:43:23Z,2025-11-01T15:43:23Z,No
['GEM/2025/B/6785309'],Shaft as per Drawing,[1],Ministry of Petroleum and Natural Gas INDIAN OIL CORPORATION LIMITED,2025-10-14T10:51:16Z,2025-10-14T10:51:16Z,No
['GEM/2025/B/6841498'],Bus Hiring Service - Short Term - Local; 40-42; A.C. Deluxe (ACX); 80,[5],Ministry of Petroleum and Natural Gas NA,2025-11-01T12:34:39Z,2025-11-01T12:34:39Z,No
['GEM/2025/B/6707228'],AUTOMATIC DRY AND WET WASTE SEGREGATION MACHINE WITH COMPLETE STANDARD FITTINGS,[1],Ministry of Defence Department of Military Affairs,2025-11-01T12:40:46Z,2025-11-01T12:40:46Z,No
['GEM/2025/B/6723540'],"Manpower Outsourcing Services - Minimum wage - Highly-Skilled; Graduate; Admin,Manpower Outsourcing",[5],Ministry of Railways Railways Public Sector Undertakings,2025-09-27T12:34:48Z,2025-09-27T12:34:48Z,No
['GEM/2025/B/6823668'],"DIGITAL BTE PROGRAMMBALE HEARING AID VESUVIO XTM XP P4 (SIGNIA),DIGITAL BTE PROGRAMMABLE HEARING AI",[76],Ministry of Defence Department of Military Affairs,2025-11-01T13:04:09Z,2025-11-01T13:04:09Z,No
['GEM/2025/B/6846147'],"Testing, servicing and calibration work of Mechanical equipment at Chittoor Terminal",[1],Ministry of Petroleum and Natural Gas INDIAN OIL CORPORATION LIMITED,2025-11-01T13:50:43Z,2025-11-01T13:50:43Z,No
['GEM/2025/B/6720421'],OUTSOURCING REFRESHMENTS FOR 04 DAYS FOR SPORTING ACTIVITY (MORNING AND EVENING SESSION),[1],Ministry of Defence Department of Military Affairs,2025-11-01T13:51:32Z,2025-11-01T13:51:32Z,No
['GEM/2025/B/6846713'],"25 mm dia EN25 Solid Rod,40 mm dia EN31 Solid Rod",[122],Ministry of Heavy Industries and Public Enterprises Department of Heavy Industry,2025-11-01T14:05:04Z,2025-11-01T14:05:04Z,No
['GEM/2025/B/6857655'],Fabrication and installation of aluminum window and door,[1],Ministry of Defence Department of Defence,2025-11-05T11:23:17Z,2025-11-05T11:23:17Z,No
['GEM/2025/B/6837103'],"1 70 PPM Scanners,2 70 PPM Scanners,3 70 PPM Scanners,4 70 PPM Scanners,5 70 PPM Scanners",[10],Ministry of Law and Justice Department of Justice,2025-10-29T18:18:30Z,2025-10-29T18:18:30Z,No
['GEM/2025/B/6807506'],Repair and Overhauling Service - RATE CONTRACT FOR INSTALLATION AND MAINTENANCE OF TEMPORATY LIGHTI,[1],Ministry of Defence Department of Military Affairs,2025-10-27T11:18:58Z,2025-10-27T11:18:58Z,No
['GEM/2025/B/6837792'],Mandatory spares for ELcetric Heater,[1],Ministry of Heavy Industries and Public Enterprises Department of Heavy Industry,2025-11-05T08:32:35Z,2025-11-05T08:32:35Z,No
['GEM/2025/B/6775661'],LED TV 55 INCHES,[2],Ministry of Defence Department of Defence Production,2025-10-10T14:39:48Z,2025-10-10T14:39:48Z,No
['GEM/2025/B/6856180'],"Custom Bid for Services - Reconditioning Of Rotors Of Main Air Blower,Custom Bid for Services - Rec",[3],Ministry of Petroleum and Natural Gas NA,2025-11-05T09:52:05Z,2025-11-05T09:52:05Z,No
['GEM/2025/B/6796826'],Empty cases of charge demolition 10LBs,[339],Ministry of Defence Department of Military Affairs,2025-11-05T10:12:29Z,2025-11-05T10:12:29Z,No
['GEM/2025/B/6652726'],START MOTOR SOFT STARTER 600v 370amps for PUMP OF CH-3,[3],Ministry of Steel Rashtriya Ispat Nigam Limited,2025-11-05T10:14:42Z,2025-11-05T10:14:42Z,No
['GEM/2025/B/6804411'],"SUPPLY and INSTAL OF WEIGH BRIDGE 80 TON,CAMC OF 2 NO OF WEIGH BRIDGES 1ST YEAR,CAMC OF 2 NO OF WEI",[7],Ministry of Petroleum and Natural Gas NA,2025-10-17T16:41:48Z,2025-10-17T16:41:48Z,No
['GEM/2025/B/6688124'],EF6023D-MG5436 (MAGNETRON),[3],Ministry of Defence Department of Military Affairs,2025-11-05T10:18:53Z,2025-11-05T10:18:53Z,No
['GEM/2025/B/6838643'],Entry and Mid Level Desktop Computer,[650],Ministry of Communications Department of Telecommunications (DOT),2025-11-06T10:52:06Z,2025-11-06T10:52:06Z,No
['GEM/2025/B/6794009'],Smart Card Operated Ticket Vending Machine (ATVM) (Indian Railways),[10],Ministry of Railways Indian Railways,2025-11-06T10:57:56Z,2025-11-06T10:57:56Z,No
['GEM/2025/B/6857922'],LED Luminaire (Recessed Luminaire) (V3) Conforming to IS 10322 (Part 5/Section 2),[330],Ministry of Railways Indian Railways,2025-11-06T11:06:24Z,2025-11-06T11:06:24Z,No
['GEM/2025/B/6857777'],LED Luminaire for Floodlight (V2) Conforming to IS 10322 (Part 5/Section 5),[150],Ministry of Railways Indian Railways,2025-11-06T11:05:08Z,2025-11-06T11:05:08Z,No
['GEM/2025/B/6846188'],"Cisco Meraki Enterprise License and Support Non POE Access Switch LIC MS120 24 3Years,Cisco Meraki ",[373],Ministry of Education Department of Higher Education,2025-11-06T11:00:12Z,2025-11-06T11:00:12Z,No
['GEM/2025/B/6839596'],Garbage Bags,[8000],Ministry of Railways Indian Railways,2025-11-06T11:07:47Z,2025-11-06T11:07:47Z,No
['GEM/2025/B/6839259'],"Toilet Soap, Liquid (V3) Conforming to IS 4199",[4800],Ministry of Railways Indian Railways,2025-11-06T11:11:51Z,2025-11-06T11:11:51Z,No
['GEM/2025/B/6796561'],computer kiosk,[20],Ministry of Railways Indian Railways,2025-11-06T11:02:00Z,2025-11-06T11:02:00Z,No
['GEM/2025/B/6787963'],Virtual Reality Based Vestibular Rehabilitation Module,[1],Ministry of Health and Family Welfare Department of Health and Family Welfare,2025-10-27T16:03:41Z,2025-10-27T16:03:41Z,No
['GEM/2025/B/6787250'],"CBL, AR, 1100V, AL, PVC, 4C, 50MM²",[5000],Ministry of Steel Rashtriya Ispat Nigam Limited,2025-10-27T15:20:36Z,2025-10-27T15:20:36Z,No
['GEM/2025/B/6697845'],Climatic Chamber,[1],Ministry of Education Department of Higher Education,2025-10-15T10:38:46Z,2025-10-15T10:38:46Z,No
['GEM/2025/B/6690976'],"CAT 6 UTP cable,Capping and casing,Conduit pipes,Dual face plate with mount box,CAT 6 RJ 45 keyston",[4106],Ministry of Defence Department of Military Affairs,2025-11-06T14:58:47Z,2025-11-06T14:58:47Z,No
['GEM/2025/B/6861530'],Manpower Outsourcing Services - Minimum wage - Semi-skilled; ITI; Others,[3],Ministry of Defence Department of Military Affairs,2025-11-06T15:29:14Z,2025-11-06T15:29:14Z,No
['GEM/2025/B/6846116'],"1KW Search Lights as per TTS including P&F, freight, Insurance and GST,On Board Spares for 1 year o",[3],Ministry of Defence Department of Defence Production,2025-11-01T10:28:38Z,2025-11-01T10:28:38Z,No
['GEM/2025/B/6853497'],"PORTA CABIN, MILD STEEL, 20’ X 10’ X 8½ ’",[5],Ministry of Power NA,2025-11-06T15:11:12Z,2025-11-06T15:11:12Z,No
['GEM/2025/B/6787963'],Virtual Reality Based Vestibular Rehabilitation Module,[1],Ministry of Health and Family Welfare Department of Health and Family Welfare,2025-10-27T16:03:41Z,2025-10-27T16:03:41Z,No
['GEM/2025/B/6787250'],"CBL, AR, 1100V, AL, PVC, 4C, 50MM²",[5000],Ministry of Steel Rashtriya Ispat Nigam Limited,2025-10-27T15:20:36Z,2025-10-27T15:20:36Z,No
['GEM/2025/B/6695241'],Manpower Outsourcing Services - Minimum wage - Semi-skilled; Secondary School; Others,[1],Ministry of Defence Department of Defence Production,2025-10-29T10:31:11Z,2025-10-29T10:31:11Z,No
['GEM/2025/B/6829161'],"Coconut Broom,Soft Brooms,Paddle Brooms,Duster Cloth,Stick Brooms,Countyr Baskets,Plastic Buckets,P",[108],Ministry of Culture NA,2025-10-28T11:22:19Z,2025-10-28T11:22:19Z,No
['GEM/2025/B/6829113'],"Cleaning and levelling of transformer yard,Providing Transformer fencing,danger boards,FIRE Bucket,",[708],"Ministry of Ports, Shipping and Waterways NA",2025-10-28T15:48:27Z,2025-10-28T15:48:27Z,No
['GEM/2025/B/6828092'],"Buffer Solution pH 4.0,Buffer Solution pH 7.0,Buffer Solution pH 9.18,TBC Kit,SRB Kits,Chloroform,G",[23028],Ministry of Petroleum and Natural Gas NA,2025-10-29T17:56:59Z,2025-10-29T17:56:59Z,No
['GEM/2025/B/6837145'],Glyphosate 41% SL (Soluble Liquid) (IPA Salt),[150],Ministry of Railways Indian Railways,2025-10-29T18:15:04Z,2025-10-29T18:15:04Z,No
['GEM/2025/B/6836807'],Facility Management Services - LumpSum Based - Commercial; OPEARTION OF GUEST HOUSE; Cost of consum,[1],Ministry of Petroleum and Natural Gas INDIAN OIL CORPORATION LIMITED,2025-10-29T17:59:34Z,2025-10-29T17:59:34Z,No
['GEM/2025/B/6636828'],Hiring of Consultants - Per Person Per Month Based - Technology Consultants; IT Project Management;,[14],School Education Department Andhra Pradesh,2025-09-19T12:54:42Z,2025-09-19T12:54:42Z,No
['GEM/2025/B/6836446'],Monthly Basis Cab & Taxi Hiring Services - Hatchback; 1500 km per month and 18000 cumulative km per,[1],Ministry of Railways Indian Railways,2025-10-29T16:33:24Z,2025-10-29T16:33:24Z,No
['GEM/2025/B/6836326'],Monthly Basis Cab & Taxi Hiring Services - Hatchback; 1500 km per month and 18000 cumulative km per,[1],Ministry of Railways Indian Railways,2025-10-29T16:36:41Z,2025-10-29T16:36:41Z,No
['GEM/2025/B/6831808'],"Custom Bid for Services - Effluent Sample,Custom Bid for Services - CT Blowdown Sample,Custom Bid f",[4],Ministry of Petroleum and Natural Gas NA,2025-10-29T16:30:20Z,2025-10-29T16:30:20Z,No
['GEM/2025/B/6826480'],SUPPLY OF SPARES FOR VAPOUR ABSORPTION MACHINE (VAM) FOR AC SYSTEM,[1],Ministry of Heavy Industries and Public Enterprises Department of Heavy Industry,2025-10-29T16:39:34Z,2025-10-29T16:39:34Z,No
['GEM/2025/B/6836416'],Safes (V3) ISI Marked to IS 550,[15],Ministry of Finance BANKING SECTOR,2025-10-29T16:49:40Z,2025-10-29T16:49:40Z,No
['GEM/2025/B/6834001'],Supply and Installation of Goniometer,[1],Ministry of Education Department of Higher Education,2025-10-29T16:53:44Z,2025-10-29T16:53:44Z,No
['GEM/2025/B/6769210'],EMG NCV EP Machine,[1],Ministry of Health and Family Welfare Department of Health and Family Welfare,2025-10-29T12:11:18Z,2025-10-29T12:11:18Z,No
['GEM/2025/B/6820544'],Surgical Rubber Gloves (V2),[15000],Department of Space Department of Space,2025-10-27T14:13:02Z,2025-10-27T14:13:02Z,No
['GEM/2025/B/6819528'],Respiratory Filter - Full Face Masks,[40],Department of Space Department of Space,2025-10-27T16:46:51Z,2025-10-27T16:46:51Z,No
['GEM/2025/B/6818304'],Custom Bid for Services - Comprehensive Annual Maintenance contract of  M/s Medha  make 180KVA stat,[1],Ministry of Railways Indian Railways,2025-10-27T10:06:19Z,2025-10-27T10:06:19Z,No
['GEM/2025/B/6818245'],Custom Bid for Services - Comprehensive Annual Maintenance contract of  M/s Medha make Microprocess,[1],Ministry of Railways Indian Railways,2025-10-27T10:02:32Z,2025-10-27T10:02:32Z,No
['GEM/2025/B/6818128'],Custom Bid for Services - Engaging Contract Workmen for BEL Machilipatnam(MC) Unit,[1],Ministry of Defence Department of Defence Production,2025-10-27T10:50:51Z,2025-10-27T10:50:51Z,No
['GEM/2025/B/6817518'],"PARTICULATE RESPIRATOR MASK,PIPETTE TIP FOR VARIABLE PIPETTE,PIPETTE TIP FOR VARIABLE PIPETTE,NITRI",[689],Ministry of Defence Department of Military Affairs,2025-10-27T11:04:23Z,2025-10-27T11:04:23Z,No
['GEM/2025/B/6817215'],4.7mtr General purpose Inflatable Craft (GPIC) without OBM,[1],Ministry of Defence Department of Military Affairs,2025-10-28T16:49:30Z,2025-10-28T16:49:30Z,No
['GEM/2025/B/6816800'],Manpower Outsourcing Services - Minimum wage - Unskilled; Not Required; Others,[6],Ministry of Mines NA,2025-10-27T13:56:59Z,2025-10-27T13:56:59Z,No
['GEM/2025/B/6813750'],"Klystron Test Bench,Gunn Oscillator Frequency Response Characteristics Bench Setup,Reflex Klystron ",[19],Ministry of Education Department of Higher Education,2025-10-27T16:49:33Z,2025-10-27T16:49:33Z,No
['GEM/2025/B/6835737'],"10 HEAD HYDROTESTING MACHINE S and I,5 HEAD CLOSED LOOP DEGASSING S and I,INTERNAL CLEANING M C S a",[322],Ministry of Petroleum and Natural Gas NA,2025-10-29T14:36:09Z,2025-10-29T14:36:09Z,No
['GEM/2025/B/6835834'],Tractors (V1),[1],Agriculture and Co-operation Department Andhra Pradesh,2025-10-29T15:12:21Z,2025-10-29T15:12:21Z,No
['GEM/2025/B/6820846'],PROCUREMENT OF DAVIS VP2 CABLED ISS-6322C SENSOR SUIT OF AUTOMATIC WEATHER STATION FOR SSS(V),[1],Ministry of Defence Department of Military Affairs,2025-10-29T15:12:53Z,2025-10-29T15:12:53Z,No
['GEM/2025/B/6820830'],Repair and Overhauling Service - OVERHAULING AND PROVING OF SOQC VALVES SYSTEM ONBOARD - IN SHIP; A,[1],Ministry of Defence Department of Military Affairs,2025-10-29T15:09:34Z,2025-10-29T15:09:34Z,No
['GEM/2025/B/6817786'],"Professional Large Format Display (V2),Professional Large Format Display (V2),Professional Large Fo",[19],Department of Space Department of Space,2025-10-29T15:06:47Z,2025-10-29T15:06:47Z,No
['GEM/2025/B/6813063'],"Cloth Bedpan Covering,Sheets Hospital,Towel Bleeched Large,Saree with White with blue border,Saree ",[93],Ministry of Defence Department of Defence,2025-10-29T15:09:49Z,2025-10-29T15:09:49Z,No
['GEM/2025/B/6770220'],Custom Bid for Services - DEPLOYMENT OF ONE VEHICLE CAR ETIOS OR MARUTI DZIRE OR EQUIVALENT OR HIGH,[1],Ministry of Power NA,2025-10-29T15:09:58Z,2025-10-29T15:09:58Z,No
['GEM/2025/B/6834924'],"Toner Cartridges / Ink Cartridges / Consumables for Printers,Toner Cartridges / Ink Cartridges / Co",[20],Ministry of Railways Indian Railways,2025-10-29T14:46:17Z,2025-10-29T14:46:17Z,No
['GEM/2025/B/6714343'],"Manpower Outsourcing Services - Minimum wage - Skilled; Graduate; Admin,Manpower Outsourcing Servic",[9],Ministry of Defence Department of Military Affairs,2025-10-29T15:05:39Z,2025-10-29T15:05:39Z,No
['GEM/2025/B/6631392'],"Cleaning, Sanitation and Disinfection Service - Outcome Based - Office/Commercial/Institutions/Resi",[60018],Ministry of Defence Department of Military Affairs,2025-10-29T15:17:17Z,2025-10-29T15:17:17Z,No
['GEM/2025/B/6686255'],PERSONAL SMART DEVICE/ LAPTOP,[2],Ministry of Defence Department of Military Affairs,2025-10-29T09:57:23Z,2025-10-29T09:57:23Z,No
['GEM/2025/B/6634621'],HRC Fuse as per IS 13703,[75],Ministry of Steel Rashtriya Ispat Nigam Limited,2025-10-07T16:50:42Z,2025-10-07T16:50:42Z,No
['GEM/2025/B/6827689'],Omni-path Active Optical Cable,[2],PMO Department of space,2025-10-29T10:16:11Z,2025-10-29T10:16:11Z,No
['GEM/2025/B/6828220'],"36 Inch 300LBS WNRF Flange,24 Inch 300LBS WNRF Flange,36 Inch 300LBS Blind Flange,36 Inch 300LBS SP",[20],Ministry of Petroleum and Natural Gas NA,2025-10-29T12:22:06Z,2025-10-29T12:22:06Z,No
['GEM/2025/B/6828009'],Plateena Neo Rope,[2000],Ministry of Defence Department of Defence Research & Development,2025-10-30T10:42:32Z,2025-10-30T10:42:32Z,No
['GEM/2025/B/6838121'],Surface Resistivity Meter (V2),[1],Ministry of Jal Shakti Department of Water Resources River Development and Ganga Rejuvenation,2025-10-30T10:15:35Z,2025-10-30T10:15:35Z,No
['GEM/2025/B/6827671'],Stationary Valve Regulated Lead Acid Batteries (V2) as per IS 15549,[10],Ministry of Defence Department of Defence Research & Development,2025-10-30T10:54:26Z,2025-10-30T10:54:26Z,No
['GEM/2025/B/6838424'],Custom Bid for Services - ENGAGEMENT OF SERVICE PROVIDER FOR PRESERVATION OF FOOD GRAINS AT MD VIZA,[1],Ministry of Consumer Affairs Food and Public Distribution Department of Food and Public Distribution,2025-10-30T11:05:16Z,2025-10-30T11:05:16Z,No
['GEM/2025/B/6838086'],"Supply of portable igniter for CDU-3,Supply of portable igniter for FCCU-2,Supply of portable ignit",[6],Ministry of Petroleum and Natural Gas NA,2025-10-30T11:01:26Z,2025-10-30T11:01:26Z,No
['GEM/2025/B/6832874'],Mobile Storage Compactors,[2],Ministry of Petroleum and Natural Gas NA,2025-10-30T11:03:22Z,2025-10-30T11:03:22Z,No
['GEM/2025/B/6828220'],"36 Inch 300LBS WNRF Flange,24 Inch 300LBS WNRF Flange,36 Inch 300LBS Blind Flange,36 Inch 300LBS SP",[20],Ministry of Petroleum and Natural Gas NA,2025-10-29T12:22:06Z,2025-10-29T12:22:06Z,No
['GEM/2025/B/6828009'],Plateena Neo Rope,[2000],Ministry of Defence Department of Defence Research & Development,2025-10-30T10:42:32Z,2025-10-30T10:42:32Z,No
['GEM/2025/B/6838121'],Surface Resistivity Meter (V2),[1],Ministry of Jal Shakti Department of Water Resources River Development and Ganga Rejuvenation,2025-10-30T10:15:35Z,2025-10-30T10:15:35Z,No
['GEM/2025/B/6827671'],Stationary Valve Regulated Lead Acid Batteries (V2) as per IS 15549,[10],Ministry of Defence Department of Defence Research & Development,2025-10-30T10:54:26Z,2025-10-30T10:54:26Z,No
['GEM/2025/B/6838424'],Custom Bid for Services - ENGAGEMENT OF SERVICE PROVIDER FOR PRESERVATION OF FOOD GRAINS AT MD VIZA,[1],Ministry of Consumer Affairs Food and Public Distribution Department of Food and Public Distribution,2025-10-30T11:05:16Z,2025-10-30T11:05:16Z,No
['GEM/2025/B/6838086'],"Supply of portable igniter for CDU-3,Supply of portable igniter for FCCU-2,Supply of portable ignit",[6],Ministry of Petroleum and Natural Gas NA,2025-10-30T11:01:26Z,2025-10-30T11:01:26Z,No
['GEM/2025/B/6832874'],Mobile Storage Compactors,[2],Ministry of Petroleum and Natural Gas NA,2025-10-30T11:03:22Z,2025-10-30T11:03:22Z,No
['GEM/2025/B/6829613'],"NORMAL SALINE,DNS,RL,CALSHINE 60K SACHET,TAB COMBIFLAM,ECG PAPER,VACCINE TYPBAR 2.5ML,ND NOSIKIND 0",[5999],Ministry of Defence Department of Military Affairs,2025-10-30T12:18:57Z,2025-10-30T12:18:57Z,No
['GEM/2025/B/6817101'],"SELF ADHESIVE SYNTH STICKER, 35 MM",[1200000],Ministry of Steel Rashtriya Ispat Nigam Limited,2025-10-30T12:27:44Z,2025-10-30T12:27:44Z,No
['GEM/2025/B/6801751'],"M12 X 50MM SS COUNTERSUNK BOLT,M12 X 145MM SS COUNTERSUNK BOLT,M12 X 60MM SS COUNTERSUNK BOLT,M12 X",[1500],Ministry of Steel Rashtriya Ispat Nigam Limited,2025-10-30T12:18:00Z,2025-10-30T12:18:00Z,No
['GEM/2025/B/6812942'],"SPRING TYPE DIE, HELICAL COMPRESSION MATERIAL 51CrV4 MATERIAL SPEC AS PER DRG 10275178,helical spri",[218],Ministry of Steel Rashtriya Ispat Nigam Limited,2025-11-03T11:22:33Z,2025-11-03T11:22:33Z,No
['GEM/2025/B/6782595'],"LINE PIPE 18"" Dia, X-65, 9.53 mm thick 3LPP API5L PSL2,LINE PIPE 18"" Dia, X-65, 9.53 mm bare pipes ",[1500],Ministry of Petroleum and Natural Gas NA,2025-10-13T13:49:40Z,2025-10-13T13:49:40Z,No
['GEM/2025/B/6688215'],"Repair, Maintenance, and Installation of Plant/ Systems/Equipments (Version 2) - ONBOARD INS JALASH",[1],Ministry of Defence Department of Military Affairs,2025-11-03T11:18:13Z,2025-11-03T11:18:13Z,No
['GEM/2025/B/6687079'],Manpower Outsourcing Services - Minimum wage - Semi-skilled; Secondary School; Others,[5],Ministry of Defence Department of Military Affairs,2025-11-03T10:31:41Z,2025-11-03T10:31:41Z,No
['GEM/2025/B/6849420'],"PROCUREMENT AND INSTALLATION OF SS VERTICIAL 628LTR CAPACITY DOUBLE DOOR CHILLER, INS SATAVAHANA",[2],Ministry of Defence Department of Military Affairs,2025-11-03T10:37:18Z,2025-11-03T10:37:18Z,No
['GEM/2025/B/6830898'],"METALLIC SIGNAGE BOARD"" SUBMARINE SCHOOL TRAINING UNTO PERFECTION""",[1],Ministry of Defence Department of Military Affairs,2025-11-03T10:57:22Z,2025-11-03T10:57:22Z,No
['GEM/2025/B/6830862'],AUGMENTATION AND SETTING UP OF INCIDENT AND SAFETY ANALYSIS (ISAC) CELL OF SUBMARINE SCHOOL AS PER ,[1],Ministry of Defence Department of Military Affairs,2025-11-03T10:56:41Z,2025-11-03T10:56:41Z,No
['GEM/2025/B/6828399'],Supply of Gas Detectors IR Type complete set for HPCL Vizag Project,[1],Ministry of Heavy Industries and Public Enterprises Department of Heavy Industry,2025-10-27T16:16:46Z,2025-10-27T16:16:46Z,No
['GEM/2025/B/6811103'],"Microwave Ovens For Household And Similar Purposes As Per Is 11676 (V2),Television (TV) (V2)",[74],Ministry of Health and Family Welfare Department of Health and Family Welfare,2025-11-03T10:52:18Z,2025-11-03T10:52:18Z,No
['GEM/2025/B/6842918'],"152307200001,152399200048,152307200003,150101201397,152307500003,152307500002",[92],Ministry of Petroleum and Natural Gas NA,2025-11-03T11:02:04Z,2025-11-03T11:02:04Z,No
['GEM/2025/B/6760510'],"Manpower Outsourcing Services - Minimum wage - Semi-skilled; ITI; Others,Manpower Outsourcing Servi",[12],Ministry of Defence Department of Military Affairs,2025-10-27T15:53:23Z,2025-10-27T15:53:23Z,No
['GEM/2025/B/6760403'],"Manpower Outsourcing Services - Minimum wage - Semi-skilled; ITI; Others,Manpower Outsourcing Servi",[13],Ministry of Defence Department of Military Affairs,2025-10-27T15:58:19Z,2025-10-27T15:58:19Z,No
['GEM/2025/B/6822058'],Hardner HV 9534 + Araldite Resin 5 KG (Hardner K 9),[20],Department of Space Department of Space,2025-10-27T17:47:38Z,2025-10-27T17:47:38Z,No
['GEM/2025/B/6822018'],Steel Clothes Lockers (V3) confirming to IS 3314,[6],Department of Space Department of Space,2025-10-27T17:46:21Z,2025-10-27T17:46:21Z,No
['GEM/2025/B/6821950'],Pallet Truck (V2),[4],Department of Space Department of Space,2025-10-27T17:43:50Z,2025-10-27T17:43:50Z,No
['GEM/2025/B/6827134'],"Coconut Broom,Soft Brooms,Paddle Brooms,Duster Cloth,Stick Brooms,Country Baskets,Axes with Handle,",[79],Ministry of Culture NA,2025-10-27T12:44:55Z,2025-10-27T12:44:55Z,No
['GEM/2025/B/6826961'],"Coconut Broom,Soft Brooms,Paddle Brooms,Stick Brooms,Country Baskets,Jungle Knifes,Navatal 7 levers",[51],Ministry of Culture NA,2025-10-27T12:20:33Z,2025-10-27T12:20:33Z,No
['GEM/2025/B/6762331'],"SOCKS WHITE SIZE S,SOCKS WHITE SIZE M,SOCKS WHITE SIZE L,STOCKING BLACK SIZE S (23CM),STOCKING BLAC",[13200],Ministry of Defence Department of Military Affairs,2025-10-28T14:26:34Z,2025-10-28T14:26:34Z,No
['GEM/2025/B/6672239'],ANNUAL CONTRACT FOR SUPPLY OF BREAD WHITE SLICED & WRAPPED (WITH PERFORATED CORRUGATED FOUR PLY CAR,[481652],Ministry of Defence Department of Military Affairs,2025-10-28T11:45:28Z,2025-10-28T11:45:28Z,No
['GEM/2025/B/6670344'],Customized AMC/CMC for Pre-owned Products - As per Scope of Work; As per Scope of Work; Annual Main,[1],Ministry of Defence Department of Military Affairs,2025-10-27T14:18:15Z,2025-10-27T14:18:15Z,No
['GEM/2025/B/6667696'],DIGITAL BASED COMPUTED X - RAY MACHINE WITH ACCESSORIES,[1],Ministry of Defence Department of Military Affairs,2025-10-28T12:52:06Z,2025-10-28T12:52:06Z,No
['GEM/2025/B/6656630'],Security Manpower Service (Version 2.0) - Office/Commercial/Institutions/ Residential; Unarmed Secu,[4],Ministry of Defence Department of Military Affairs,2025-10-28T15:18:51Z,2025-10-28T15:18:51Z,No
['GEM/2025/B/6641380'],STAINLESS STEEL PLATE GRADE310S; SIZE: 1250X6000X16MM MATERIAL NO: 3008874,[36],Ministry of Steel Rashtriya Ispat Nigam Limited,2025-10-27T15:55:59Z,2025-10-27T15:55:59Z,No
['GEM/2025/B/6841185'],Monthly Basis Cab & Taxi Hiring Services - Sedan; 1500 km x 320 hours; Local 24*7,[1],PMO Department of Atomic Energy,2025-10-30T17:38:43Z,2025-10-30T17:38:43Z,No
['GEM/2025/B/6746355'],Custom Bid for Services - PROVISIONING OF SYNTHETIC VOLLEYBALL COURT AT NAUSENA BAUGH,[1],Ministry of Defence Department of Military Affairs,2025-10-30T17:34:37Z,2025-10-30T17:34:37Z,No
['GEM/2025/B/6841550'],"1 - 151820100000 - PIPE OD 33.4 x 3.38 - SA106GRB - as per unpriced bid,2 - 151821280001 - PIPE OD ",[8145],Ministry of Heavy Industries and Public Enterprises Department of Heavy Industry,2025-10-30T18:20:39Z,2025-10-30T18:20:39Z,No
['GEM/2025/B/6841170'],Security Manpower Service (Version 2.0) - Office/Commercial/Institutions/ Residential; Unarmed Secu,[3],Ministry of Textiles NA,2025-10-30T17:04:45Z,2025-10-30T17:04:45Z,No
['GEM/2025/B/6841102'],INTRINSICALLY SAFE MOBILE PHONE,[2],Ministry of Petroleum and Natural Gas NA,2025-10-30T17:01:16Z,2025-10-30T17:01:16Z,No
['GEM/2025/B/6785804'],Terminal Connectors for 765kV LA,[4],Ministry of Power POWER GRID Corporation OF INDIA Limited,2025-10-30T17:04:28Z,2025-10-30T17:04:28Z,No
['GEM/2025/B/6723128'],Multifunction Machine MFM (V2),[41],Ministry of Railways Indian Railways,2025-10-30T17:09:57Z,2025-10-30T17:09:57Z,No
['GEM/2025/B/6837902'],Lightning Arrestor,[2],Ministry of Heavy Industries and Public Enterprises Department of Heavy Industry,2025-10-30T09:39:12Z,2025-10-30T09:39:12Z,No
['GEM/2025/B/6837973'],Rotary Torque and Power Measuring Equipment,[1],Ministry of Agriculture and Farmers Welfare Department of Agriculture Cooperation and Farmers Welfare,2025-10-30T09:50:51Z,2025-10-30T09:50:51Z,No
['GEM/2025/B/6836032'],Safe Deposit Locker Cabinets (V2) as per IS 5244,[1],Ministry of Finance BANKING SECTOR,2025-10-29T15:41:12Z,2025-10-29T15:41:12Z,No
['GEM/2025/B/6651397'],"EA6003D-A1-000023(BULB 230V/65W),EA6003D-A1-000021(BULB 24V 40W),EA6003D-A1-0000001(LAMP HOLDER P28",[1626],Ministry of Defence Department of Military Affairs,2025-10-08T10:49:43Z,2025-10-08T10:49:43Z,No
['GEM/2025/B/6831699'],"LG ASSEMBLY,NCO BOILER,CC1000,IBR,LG ASSEMBLY,16LG304AB,CC980,IBR,LG ASSEMBLY,14LG5703,CC1750,NON I",[11],Ministry of Petroleum and Natural Gas NA,2025-10-29T16:13:05Z,2025-10-29T16:13:05Z,No
['GEM/2025/B/6828552'],polyurethane athletic Track sub base material and installation,[1],Home Department Andhra Pradesh,2025-10-29T16:12:33Z,2025-10-29T16:12:33Z,No
['GEM/2025/B/6818475'],"Toner Cartridges / Ink Cartridges / Consumables for Printers,Toner Cartridges / Ink Cartridges / Co",[2249],Department of Space Department of Space,2025-10-29T16:11:53Z,2025-10-29T16:11:53Z,No
['GEM/2025/B/6836077'],Toner Cartridges / Ink Cartridges / Consumables for Printers,[30],Ministry of Railways Indian Railways,2025-10-29T15:45:43Z,2025-10-29T15:45:43Z,No
['GEM/2025/B/6836073'],"Glucometer,Laryngoscope Set with Blade Size-3,Nebulizers - Ultrasonic,Paediatric BP Cuff for Neonat",[185],Ministry of Health and Family Welfare Department of Health and Family Welfare,2025-10-29T15:51:20Z,2025-10-29T15:51:20Z,No
['GEM/2025/B/6830659'],10 - M2035990322 - 100265402,[34],Ministry of Power NA,2025-10-29T15:58:07Z,2025-10-29T15:58:07Z,No
['GEM/2025/B/6651397'],"EA6003D-A1-000023(BULB 230V/65W),EA6003D-A1-000021(BULB 24V 40W),EA6003D-A1-0000001(LAMP HOLDER P28",[1626],Ministry of Defence Department of Military Affairs,2025-10-08T10:49:43Z,2025-10-08T10:49:43Z,No
['GEM/2025/B/6831699'],"LG ASSEMBLY,NCO BOILER,CC1000,IBR,LG ASSEMBLY,16LG304AB,CC980,IBR,LG ASSEMBLY,14LG5703,CC1750,NON I",[11],Ministry of Petroleum and Natural Gas NA,2025-10-29T16:13:05Z,2025-10-29T16:13:05Z,No
['GEM/2025/B/6828552'],polyurethane athletic Track sub base material and installation,[1],Home Department Andhra Pradesh,2025-10-29T16:12:33Z,2025-10-29T16:12:33Z,No
['GEM/2025/B/6818475'],"Toner Cartridges / Ink Cartridges / Consumables for Printers,Toner Cartridges / Ink Cartridges / Co",[2249],Department of Space Department of Space,2025-10-29T16:11:53Z,2025-10-29T16:11:53Z,No
['GEM/2025/B/6836077'],Toner Cartridges / Ink Cartridges / Consumables for Printers,[30],Ministry of Railways Indian Railways,2025-10-29T15:45:43Z,2025-10-29T15:45:43Z,No
['GEM/2025/B/6836073'],"Glucometer,Laryngoscope Set with Blade Size-3,Nebulizers - Ultrasonic,Paediatric BP Cuff for Neonat",[185],Ministry of Health and Family Welfare Department of Health and Family Welfare,2025-10-29T15:51:20Z,2025-10-29T15:51:20Z,No
['GEM/2025/B/6830659'],10 - M2035990322 - 100265402,[34],Ministry of Power NA,2025-10-29T15:58:07Z,2025-10-29T15:58:07Z,No
['GEM/2025/B/6660684'],Custom Bid for Services - OVERHAULING AND REPAIRS OF OXIDISER CONTAINERS FOR OXIDISER FUEL,[1],Ministry of Defence Department of Military Affairs,2025-10-29T15:54:39Z,2025-10-29T15:54:39Z,No
['GEM/2025/B/6836479'],Custom Bid for Services - Repair of Missile Ground Support Equipment,[1],Ministry of Defence Department of Military Affairs,2025-10-29T16:29:09Z,2025-10-29T16:29:09Z,No
['GEM/2025/B/6836456'],Reciprocating Air Compressors - Electric Motor Driven,[3],Ministry of Defence Department of Military Affairs,2025-10-29T16:23:04Z,2025-10-29T16:23:04Z,No
['GEM/2025/B/6820846'],PROCUREMENT OF DAVIS VP2 CABLED ISS-6322C SENSOR SUIT OF AUTOMATIC WEATHER STATION FOR SSS(V),[1],Ministry of Defence Department of Military Affairs,2025-10-29T15:12:53Z,2025-10-29T15:12:53Z,No
['GEM/2025/B/6820830'],Repair and Overhauling Service - OVERHAULING AND PROVING OF SOQC VALVES SYSTEM ONBOARD - IN SHIP; A,[1],Ministry of Defence Department of Military Affairs,2025-10-29T15:09:34Z,2025-10-29T15:09:34Z,No
['GEM/2025/B/6817786'],"Professional Large Format Display (V2),Professional Large Format Display (V2),Professional Large Fo",[19],Department of Space Department of Space,2025-10-29T15:06:47Z,2025-10-29T15:06:47Z,No
['GEM/2025/B/6813063'],"Cloth Bedpan Covering,Sheets Hospital,Towel Bleeched Large,Saree with White with blue border,Saree ",[93],Ministry of Defence Department of Defence,2025-10-29T15:09:49Z,2025-10-29T15:09:49Z,No
['GEM/2025/B/6770220'],Custom Bid for Services - DEPLOYMENT OF ONE VEHICLE CAR ETIOS OR MARUTI DZIRE OR EQUIVALENT OR HIGH,[1],Ministry of Power NA,2025-10-29T15:09:58Z,2025-10-29T15:09:58Z,No
['GEM/2025/B/6834924'],"Toner Cartridges / Ink Cartridges / Consumables for Printers,Toner Cartridges / Ink Cartridges / Co",[20],Ministry of Railways Indian Railways,2025-10-29T14:46:17Z,2025-10-29T14:46:17Z,No
['GEM/2025/B/6714343'],"Manpower Outsourcing Services - Minimum wage - Skilled; Graduate; Admin,Manpower Outsourcing Servic",[9],Ministry of Defence Department of Military Affairs,2025-10-29T15:05:39Z,2025-10-29T15:05:39Z,No
['GEM/2025/B/6631392'],"Cleaning, Sanitation and Disinfection Service - Outcome Based - Office/Commercial/Institutions/Resi",[60018],Ministry of Defence Department of Military Affairs,2025-10-29T15:17:17Z,2025-10-29T15:17:17Z,No
['GEM/2025/B/6811494'],"WIRE ROPE, Steel, UNGALV, 8X31WS, 32mm(LHO),WIRE ROPE, Steel, UNGALV, 8X31WS, 32mm(RHO)",[6120],Ministry of Steel Rashtriya Ispat Nigam Limited,2025-10-29T15:17:22Z,2025-10-29T15:17:22Z,No
['GEM/2025/B/6844239'],Custom Bid for Services - Hiring of Operation and Maintenance Services for One (01) Departmental Tr,[1],Ministry of Petroleum and Natural Gas NA,2025-10-31T16:16:58Z,2025-10-31T16:16:58Z,No
['GEM/2025/B/6716370'],Outdoor Sitting & Structure Setup,[1],Ministry of Defence Department of Military Affairs,2025-10-31T16:29:32Z,2025-10-31T16:29:32Z,No
['GEM/2025/B/6702268'],CUSTOMISED TENSILE MEMBRANE SHED,[1],Ministry of Defence Department of Military Affairs,2025-10-31T16:21:17Z,2025-10-31T16:21:17Z,No
['GEM/2025/B/6712369'],"Manpower Outsourcing Services - Minimum wage - Skilled; High School; Others,Manpower Outsourcing Se",[3],Ministry of Defence Department of Military Affairs,2025-10-31T16:48:23Z,2025-10-31T16:48:23Z,No
['GEM/2025/B/6836841'],"Custom Bid for Services - AR Scanning & RVI,Custom Bid for Services - Mob Demob Charges per visit,C",[3],Ministry of Petroleum and Natural Gas NA,2025-10-31T16:41:02Z,2025-10-31T16:41:02Z,No
['GEM/2025/B/6733255'],REFURBISHMENT OF RESCUE CLUB,[1],Ministry of Defence Department of Military Affairs,2025-10-31T16:32:35Z,2025-10-31T16:32:35Z,No
['GEM/2025/B/6715668'],REFRUBISHMENT OF ATC OPERATION ROOM AND OFFICE SPACE TRAINING ROOM AND MAIN ENTRANCE,[1],Ministry of Defence Department of Military Affairs,2025-10-31T16:31:45Z,2025-10-31T16:31:45Z,No
['GEM/2025/B/6844951'],"iPad Pro 13"" (Wi-Fi+ Cellular)",[1],Ministry of Petroleum and Natural Gas NA,2025-10-31T17:02:41Z,2025-10-31T17:02:41Z,No
['GEM/2025/B/6844364'],"1 - 156050250000 - Pipe IS 1239 60.8 X 4.5 - as per unpriced bid,2 - 159382040000 - ERW PIPE DIA 50",[2796],Ministry of Heavy Industries and Public Enterprises Department of Heavy Industry,2025-10-31T15:34:45Z,2025-10-31T15:34:45Z,No
['GEM/2025/B/6843099'],Custom Bid for Services - ONE TIME REPAIRS/ REPLACEMENT OF ELECTRICAL MAIN/ DIST DBs/ PANELS NEAR L,[1],Ministry of Defence Department of Military Affairs,2025-10-31T15:36:21Z,2025-10-31T15:36:21Z,No
['GEM/2025/B/6836232'],Custom Bid for Services - Hiring of Services for Calibration of Instruments/ Equipment of Surface C,[1],Ministry of Petroleum and Natural Gas NA,2025-10-31T15:35:13Z,2025-10-31T15:35:13Z,No
['GEM/2025/B/6760403'],"Manpower Outsourcing Services - Minimum wage - Semi-skilled; ITI; Others,Manpower Outsourcing Servi",[13],Ministry of Defence Department of Military Affairs,2025-10-27T15:58:19Z,2025-10-27T15:58:19Z,No
['GEM/2025/B/6822058'],Hardner HV 9534 + Araldite Resin 5 KG (Hardner K 9),[20],Department of Space Department of Space,2025-10-27T17:47:38Z,2025-10-27T17:47:38Z,No
['GEM/2025/B/6822018'],Steel Clothes Lockers (V3) confirming to IS 3314,[6],Department of Space Department of Space,2025-10-27T17:46:21Z,2025-10-27T17:46:21Z,No
['GEM/2025/B/6821950'],Pallet Truck (V2),[4],Department of Space Department of Space,2025-10-27T17:43:50Z,2025-10-27T17:43:50Z,No
['GEM/2025/B/6827134'],"Coconut Broom,Soft Brooms,Paddle Brooms,Duster Cloth,Stick Brooms,Country Baskets,Axes with Handle,",[79],Ministry of Culture NA,2025-10-27T12:44:55Z,2025-10-27T12:44:55Z,No
['GEM/2025/B/6826961'],"Coconut Broom,Soft Brooms,Paddle Brooms,Stick Brooms,Country Baskets,Jungle Knifes,Navatal 7 levers",[51],Ministry of Culture NA,2025-10-27T12:20:33Z,2025-10-27T12:20:33Z,No
['GEM/2025/B/6762331'],"SOCKS WHITE SIZE S,SOCKS WHITE SIZE M,SOCKS WHITE SIZE L,STOCKING BLACK SIZE S (23CM),STOCKING BLAC",[13200],Ministry of Defence Department of Military Affairs,2025-10-28T14:26:34Z,2025-10-28T14:26:34Z,No
['GEM/2025/B/6672239'],ANNUAL CONTRACT FOR SUPPLY OF BREAD WHITE SLICED & WRAPPED (WITH PERFORATED CORRUGATED FOUR PLY CAR,[481652],Ministry of Defence Department of Military Affairs,2025-10-28T11:45:28Z,2025-10-28T11:45:28Z,No
['GEM/2025/B/6670344'],Customized AMC/CMC for Pre-owned Products - As per Scope of Work; As per Scope of Work; Annual Main,[1],Ministry of Defence Department of Military Affairs,2025-10-27T14:18:15Z,2025-10-27T14:18:15Z,No
['GEM/2025/B/6667696'],DIGITAL BASED COMPUTED X - RAY MACHINE WITH ACCESSORIES,[1],Ministry of Defence Department of Military Affairs,2025-10-28T12:52:06Z,2025-10-28T12:52:06Z,No
['GEM/2025/B/6656630'],Security Manpower Service (Version 2.0) - Office/Commercial/Institutions/ Residential; Unarmed Secu,[4],Ministry of Defence Department of Military Affairs,2025-10-28T15:18:51Z,2025-10-28T15:18:51Z,No
['GEM/2025/B/6641380'],STAINLESS STEEL PLATE GRADE310S; SIZE: 1250X6000X16MM MATERIAL NO: 3008874,[36],Ministry of Steel Rashtriya Ispat Nigam Limited,2025-10-27T15:55:59Z,2025-10-27T15:55:59Z,No
['GEM/2025/B/6841185'],Monthly Basis Cab & Taxi Hiring Services - Sedan; 1500 km x 320 hours; Local 24*7,[1],PMO Department of Atomic Energy,2025-10-30T17:38:43Z,2025-10-30T17:38:43Z,No
['GEM/2025/B/6746355'],Custom Bid for Services - PROVISIONING OF SYNTHETIC VOLLEYBALL COURT AT NAUSENA BAUGH,[1],Ministry of Defence Department of Military Affairs,2025-10-30T17:34:37Z,2025-10-30T17:34:37Z,No
['GEM/2025/B/6841550'],"1 - 151820100000 - PIPE OD 33.4 x 3.38 - SA106GRB - as per unpriced bid,2 - 151821280001 - PIPE OD ",[8145],Ministry of Heavy Industries and Public Enterprises Department of Heavy Industry,2025-10-30T18:20:39Z,2025-10-30T18:20:39Z,No
['GEM/2025/B/6841170'],Security Manpower Service (Version 2.0) - Office/Commercial/Institutions/ Residential; Unarmed Secu,[3],Ministry of Textiles NA,2025-10-30T17:04:45Z,2025-10-30T17:04:45Z,No
['GEM/2025/B/6841102'],INTRINSICALLY SAFE MOBILE PHONE,[2],Ministry of Petroleum and Natural Gas NA,2025-10-30T17:01:16Z,2025-10-30T17:01:16Z,No
['GEM/2025/B/6785804'],Terminal Connectors for 765kV LA,[4],Ministry of Power POWER GRID Corporation OF INDIA Limited,2025-10-30T17:04:28Z,2025-10-30T17:04:28Z,No
['GEM/2025/B/6723128'],Multifunction Machine MFM (V2),[41],Ministry of Railways Indian Railways,2025-10-30T17:09:57Z,2025-10-30T17:09:57Z,No
['GEM/2025/B/6824902'],Alumino - Ferric (V2) Conforming to IS 299,[96000],Ministry of Steel Rashtriya Ispat Nigam Limited,2025-10-30T17:24:22Z,2025-10-30T17:24:22Z,No
['GEM/2025/B/6843201'],Resuscitation Kit,[14],Ministry of Defence Department of Military Affairs,2025-10-31T12:18:14Z,2025-10-31T12:18:14Z,No
['GEM/2025/B/6824758'],WOODEN COIR BRUSH,[19500],Ministry of Steel Rashtriya Ispat Nigam Limited,2025-10-31T12:24:08Z,2025-10-31T12:24:08Z,No
['GEM/2025/B/6843387'],LED Diving Torch Light (Diving Instruments or Accessories),[11],Ministry of Defence Department of Military Affairs,2025-10-31T12:26:22Z,2025-10-31T12:26:22Z,No
['GEM/2025/B/6843437'],File/Folder (V3),[710],Ministry of Defence Department of Military Affairs,2025-10-31T12:34:56Z,2025-10-31T12:34:56Z,No
['GEM/2025/B/6841018'],Hiring of Custom House Agent - Lumpsum Based - Export; E-TENDER FOR APPOINTMENT OF CUSTOMS HOUSE CL,[1],Ministry of Steel Rashtriya Ispat Nigam Limited,2025-10-31T12:30:27Z,2025-10-31T12:30:27Z,No
['GEM/2025/B/6843476'],"10,20,30,40,50,60",[6],Ministry of Petroleum and Natural Gas NA,2025-10-31T14:44:56Z,2025-10-31T14:44:56Z,No
['GEM/2025/B/6843390'],"10,20,30,40,50,60,70,80",[16],Ministry of Petroleum and Natural Gas NA,2025-10-31T14:42:20Z,2025-10-31T14:42:20Z,No
['GEM/2025/B/6806135'],Event or Seminar or Workshop or Exhibition or Expo Management Service - National; AS PER SCOPE OF W,[1],Ministry of Defence Department of Military Affairs,2025-10-31T14:44:21Z,2025-10-31T14:44:21Z,No
['GEM/2025/B/6800847'],"CAMC OF DIESEL MONITORING SYSTEM SIMULATOR AT SUBMARINE SCHOOL, INS SCHOOL FOR A PERIOD OF 03 YEARS",[1],Ministry of Defence Department of Military Affairs,2025-10-31T11:38:54Z,2025-10-31T11:38:54Z,No
['GEM/2025/B/6843537'],"AIR FILTER ELEMENT, PART NO. 39903281,OIL FILTER ELEMENT, PART NO. 39911615",[8],Ministry of Petroleum and Natural Gas NA,2025-10-31T14:52:02Z,2025-10-31T14:52:02Z,No
['GEM/2025/B/6838745'],Tool bag,[150],Ministry of Railways Indian Railways,2025-11-01T11:00:55Z,2025-11-01T11:00:55Z,No
['GEM/2025/B/6813957'],T - Shirt (V2),[68129],School Education Department Andhra Pradesh,2025-10-22T15:23:24Z,2025-10-22T15:23:24Z,No
['GEM/2025/B/6704165'],Surgical Operating ENT Microscope,[1],Ministry of Railways Indian Railways,2025-11-01T11:06:35Z,2025-11-01T11:06:35Z,No
['GEM/2025/B/6828833'],Radar Speed Display Board (V2),[2],Ministry of Defence Department of Military Affairs,2025-11-01T11:20:37Z,2025-11-01T11:20:37Z,No
['GEM/2025/B/6659331'],LED BASED BUNK LIGHT (FLUSH MOUNTED),[165],Ministry of Defence Department of Military Affairs,2025-10-31T22:04:54Z,2025-10-31T22:04:54Z,No
['GEM/2025/B/6658270'],DDuU Repeater,[3],Ministry of Defence Department of Military Affairs,2025-10-04T14:41:45Z,2025-10-04T14:41:45Z,No
['GEM/2025/B/6818743'],Rubber Bellow for Reduction Gear Lub Oil System,[20],Ministry of Defence Department of Defence,2025-11-01T08:49:46Z,2025-11-01T08:49:46Z,No
['GEM/2025/B/6723510'],Custom Bid for Services - REPAIR OF UPS POWER MODULE AND RUGGEDIZED DC UPS POWER UNIT,[1],Ministry of Defence Department of Military Affairs,2025-11-01T09:22:50Z,2025-11-01T09:22:50Z,No
['GEM/2025/B/6804869'],RICE HUSK,[1000],Ministry of Steel Rashtriya Ispat Nigam Limited,2025-10-22T10:10:07Z,2025-10-22T10:10:07Z,No
['GEM/2025/B/6833030'],PROCUREMENT OF SART (SEARCH AMD RESUCE RADAR TRANSPONDER) PATHFINDER III,[13],Ministry of Defence Department of Military Affairs,2025-10-31T14:20:26Z,2025-10-31T14:20:26Z,No
['GEM/2025/B/6858342'],"PRINTING OF ERA WORK BOOK,PRINTING OF NIGHT ROUND BOOK,PRINTING OF INVITATION CARD,PRINTING OF RECO",[215],Ministry of Defence Department of Military Affairs,2025-11-05T14:32:22Z,2025-11-05T14:32:22Z,No
['GEM/2025/B/6845358'],"24V, 62.5A (1.5kw) , Rectifier+ converter with integral DCDB, SMPS Based, Floor Mounted,42 AH, 4 Bl",[3],Ministry of Defence Department of Defence,2025-11-05T14:38:36Z,2025-11-05T14:38:36Z,No
['GEM/2025/B/6798242'],"ABOVE DECKS UNIT ASSEMBLY WITH PART NO 71090007008/2007-3000-00,PCU CONTROL PANEL WITH PART NO 6109",[7],Ministry of Defence Department of Military Affairs,2025-11-05T14:37:35Z,2025-11-05T14:37:35Z,No
['GEM/2025/B/6858353'],"FLNG.BLIND, 300, 0.75 INCH,FLNG.SW, 300 ,1.5 INCH XS,FLNG.WN , 150, NACE 3.0 INCH STD,FLNG.WN, 300,",[99],Ministry of Petroleum and Natural Gas NA,2025-11-05T14:54:48Z,2025-11-05T14:54:48Z,No
['GEM/2025/B/6850936'],ROTARY ENCODER INCREMENTAL,[4],Ministry of Steel Rashtriya Ispat Nigam Limited,2025-11-05T14:45:54Z,2025-11-05T14:45:54Z,No
['GEM/2025/B/6846677'],5.5KW PERMANENT MAGNET SYNCHRONOUS MOTOR,[2],Ministry of Steel Rashtriya Ispat Nigam Limited,2025-11-05T14:56:22Z,2025-11-05T14:56:22Z,No
['GEM/2025/B/6858424'],Hiring of Helicopter Service - Charter; With AC; Standard,[1],Ministry of Petroleum and Natural Gas OIL INDIA Limited,2025-11-05T15:10:44Z,2025-11-05T15:10:44Z,No
['GEM/2025/B/6850937'],3.7KW VFD MOTOR,[10],Ministry of Steel Rashtriya Ispat Nigam Limited,2025-11-05T15:04:42Z,2025-11-05T15:04:42Z,No
['GEM/2025/B/6846674'],"1 MOT, SCIM, 415 V AC, 100L, 4P, 2.2KW,2 MOT, SCIM, 112M, 4P, 3.7kW,3 MOT, SQIM, 415Vac, 180ML, 4P,",[11],Ministry of Steel Rashtriya Ispat Nigam Limited,2025-11-05T15:12:56Z,2025-11-05T15:12:56Z,No
['GEM/2025/B/6850929'],"55 KW SLIP RING INDUCTION MOTOR,15KW, 8P SLIP RING INDUCTION MOTOR,15KW, 6P SLIP RING INDUCTION MOT",[4],Ministry of Steel Rashtriya Ispat Nigam Limited,2025-11-05T15:21:39Z,2025-11-05T15:21:39Z,No
['GEM/2025/B/6843099'],Custom Bid for Services - ONE TIME REPAIRS/ REPLACEMENT OF ELECTRICAL MAIN/ DIST DBs/ PANELS NEAR L,[1],Ministry of Defence Department of Military Affairs,2025-10-31T15:36:21Z,2025-10-31T15:36:21Z,No
['GEM/2025/B/6836232'],Custom Bid for Services - Hiring of Services for Calibration of Instruments/ Equipment of Surface C,[1],Ministry of Petroleum and Natural Gas NA,2025-10-31T15:35:13Z,2025-10-31T15:35:13Z,No
['GEM/2025/B/6834848'],"CB X with mechanical latching up to 6.6kv, 400Amps for HWC Vacuum Contactor",[2],PMO Department of Atomic Energy,2025-10-31T15:44:44Z,2025-10-31T15:44:44Z,No
['GEM/2025/B/6843380'],Custom Bid for Services - OVERHAULING WORKS IN OFFSITE AREA DURING THE OVERHAUL WORKS IN COOLING TO,[1],Ministry of Power NA,2025-10-31T15:22:57Z,2025-10-31T15:22:57Z,No
['GEM/2025/B/6810156'],Security Manpower Service (Version 2.0) - Office/Commercial/Institutions/ Residential; Armed Securi,[8],Ministry of External Affairs NA,2025-10-31T15:21:55Z,2025-10-31T15:21:55Z,No
['GEM/2025/B/6807981'],Repair and Overhauling Service - RRC FOR SOUND POWER TELEPHONE (SPT) FITTED ONBOARD ENC SHIPS; RRC ,[1],Ministry of Defence Department of Military Affairs,2025-10-31T15:18:17Z,2025-10-31T15:18:17Z,No
['GEM/2025/B/6845115'],Cordless screw driver,[2],Department of Space Department of Space,2025-10-31T17:30:29Z,2025-10-31T17:30:29Z,No
['GEM/2025/B/6837099'],"Computer,Printers,laptop,GPS,Documentation,Queen Type Teak Wood Cot,Matress- Queen Size-4,Bed Sheet",[334],Environment Forests Science and Technology Department Andhra Pradesh,2025-10-31T17:33:09Z,2025-10-31T17:33:09Z,No
['GEM/2025/B/6845186'],"Heating Coils (Make-Kanthal),Heating Element Holder Alumina Tube,Ceramic Grooved brick for Furnace",[26],PMO Department of Atomic Energy,2025-10-31T17:26:11Z,2025-10-31T17:26:11Z,No
['GEM/2025/B/6845159'],General Purpose Battery Chargers,[2],Department of Space Department of Space,2025-10-31T17:25:14Z,2025-10-31T17:25:14Z,No
['GEM/2025/B/6858068'],"Sumo SRV Testing,Torque Wrench Testing Cali,High Mast Winch Rope Testing,Scissor Lift Testing Calib",[598],Ministry of Petroleum and Natural Gas NA,2025-11-05T12:53:51Z,2025-11-05T12:53:51Z,No
['GEM/2025/B/6857828'],Custom Bid for Services - Sch A - Open area - Housekeeping activity on outcome basis for a period o,[5],Ministry of Railways Indian Railways,2025-11-05T12:47:08Z,2025-11-05T12:47:08Z,No
['GEM/2025/B/6858061'],"International Logistics Service- Container based - Export; CIF | Cost, Insurance and Freight; Refer",[1],Ministry of Mines Materials,2025-11-05T13:12:24Z,2025-11-05T13:12:24Z,No
['GEM/2025/B/6858175'],"Coconut Broom,Soft Brooms,Jungle knifes,Axes with handle,Spades with Handle,Sickles,Crowbars,Charge",[162],Ministry of Culture NA,2025-11-05T13:24:39Z,2025-11-05T13:24:39Z,No
['GEM/2025/B/6849090'],HP PUMP SEAL KIT,[29],Ministry of Defence Department of Defence,2025-11-05T15:47:03Z,2025-11-05T15:47:03Z,No
['GEM/2025/B/6682800'],Repair of drilling Machine,[1],Ministry of Defence Department of Defence,2025-11-05T15:46:17Z,2025-11-05T15:46:17Z,No
['GEM/2025/B/6858570'],"Warehousing Service - Per MT Basis - Food grain storage, COVERED WAREHOUSE IN PARVATHIPURAM MANYAM ",[1],Ministry of Consumer Affairs Food and Public Distribution Department of Food and Public Distribution,2025-11-05T16:03:37Z,2025-11-05T16:03:37Z,No
['GEM/2025/B/6804059'],Manpower Outsourcing Services - Minimum wage - Skilled; Graduate; Admin,[9],Ministry of Defence Department of Military Affairs,2025-11-05T16:12:13Z,2025-11-05T16:12:13Z,No
['GEM/2025/B/6858650'],"Warehousing Service - Per MT Basis - Food grain storage, COVERED WAREHOUSE IN VIZIANAGARAM AREA NEA",[1],Ministry of Consumer Affairs Food and Public Distribution Department of Food and Public Distribution,2025-11-05T16:26:01Z,2025-11-05T16:26:01Z,No
['GEM/2025/B/6857335'],ULTRASONIC FLAW DETECTOR,[1],Ministry of Heavy Industries and Public Enterprises Department of Heavy Industry,2025-11-05T16:29:37Z,2025-11-05T16:29:37Z,No
['GEM/2025/B/6846081'],"PLATE PACK INCLUDING BOLTINGS,PLATE PACK INCLUDING BOLTINGS,N-STADARAD HUB-SHAFT DIA: 65 MM-DRIVE,N",[6],Ministry of Petroleum and Natural Gas NA,2025-11-01T10:51:14Z,2025-11-01T10:51:14Z,No
['GEM/2025/B/6834685'],"MOT, SQIM, 415 VAC, 132SM, 4P, 7.5KW,MOT, SQIM, 415 V, 400 ML, 6P, 250 KW,MOT, SCI, 415V, 80, 6P, 9",[58],Ministry of Steel Rashtriya Ispat Nigam Limited,2025-11-01T10:49:56Z,2025-11-01T10:49:56Z,No
['GEM/2025/B/6814033'],LED Batten,[250],Ministry of Railways Indian Railways,2025-11-01T10:56:41Z,2025-11-01T10:56:41Z,No
['GEM/2025/B/6838745'],Tool bag,[150],Ministry of Railways Indian Railways,2025-11-01T11:00:55Z,2025-11-01T11:00:55Z,No
['GEM/2025/B/6813957'],T - Shirt (V2),[68129],School Education Department Andhra Pradesh,2025-10-22T15:23:24Z,2025-10-22T15:23:24Z,No
['GEM/2025/B/6704165'],Surgical Operating ENT Microscope,[1],Ministry of Railways Indian Railways,2025-11-01T11:06:35Z,2025-11-01T11:06:35Z,No
['GEM/2025/B/6828833'],Radar Speed Display Board (V2),[2],Ministry of Defence Department of Military Affairs,2025-11-01T11:20:37Z,2025-11-01T11:20:37Z,No
['GEM/2025/B/6842452'],Water Quality Meters / Analyzers,[6],Ministry of Defence Department of Military Affairs,2025-10-31T10:27:27Z,2025-10-31T10:27:27Z,No
['GEM/2025/B/6822980'],CLIPS FOR ATTACHING TAGS,[4100000],Ministry of Steel Rashtriya Ispat Nigam Limited,2025-10-31T10:41:02Z,2025-10-31T10:41:02Z,No
['GEM/2025/B/6716582'],"SPR, DISC, 50 CRV 4, DIN 2093, 25.4X50X3MM,SPR, DISC, 50 CR V4, 20.4X40X2MM",[340],Ministry of Steel Rashtriya Ispat Nigam Limited,2025-10-31T10:31:42Z,2025-10-31T10:31:42Z,No
['GEM/2025/B/6801883'],"Ligh weight Man Portable Back pack,Torch water proof,4 D cells Torch,Search light portable,Light We",[28],Ministry of Defence Department of Defence,2025-10-21T14:34:04Z,2025-10-21T14:34:04Z,No
['GEM/2025/B/6793416'],"990670088997,991104100171,991104100268,991104100365,991104100462",[260],Ministry of Defence Department of Defence Production,2025-10-15T14:08:36Z,2025-10-15T14:08:36Z,No
['GEM/2025/B/6791528'],MOTORISED VALUE (VA204 BDC-C),[2],Ministry of Defence Department of Defence Production,2025-10-15T10:03:33Z,2025-10-15T10:03:33Z,No
['GEM/2025/B/6758459'],BCR ABL should be able to detect anddifferentiate Major minor and Micro quantitative assay with end,[144],Ministry of Health and Family Welfare Department of Health and Family Welfare,2025-10-11T12:31:29Z,2025-10-11T12:31:29Z,No
['GEM/2025/B/6744264'],Flexible Video Bronchoscope (V2),[2],Ministry of Health and Family Welfare Department of Health and Family Welfare,2025-10-17T11:03:32Z,2025-10-17T11:03:32Z,No
['GEM/2025/B/6695413'],"DIGITAL BTE PROGRAMMABLE HEARING AID VESUVIO XTM XP P4 SIGNIA,DIGITAL BTE PROGRAMMABLE HEARING AID ",[76],Ministry of Defence Department of Military Affairs,2025-10-06T10:11:18Z,2025-10-06T10:11:18Z,No
['GEM/2025/B/6847626'],"CARBON BRUSH BRASS HOLDER LARGE (Details as per buyer specification document),CARBON BRUSH BRASS HO",[134],Ministry of Heavy Industries and Public Enterprises Department of Heavy Industry,2025-11-01T15:45:25Z,2025-11-01T15:45:25Z,No
['GEM/2025/B/6829824'],"DRV, SPEED, VFD MODULE, 3 PH, 415V, 315 KW HD",[2],Ministry of Steel Rashtriya Ispat Nigam Limited,2025-11-01T16:22:30Z,2025-11-01T16:22:30Z,No
['GEM/2025/B/6847818'],PAINTING OF MESH FENCING AND PRE FABRICATED CONTAINERAT DHANAVULAPADU YSR KADAPA DIST,[1],Ministry of Culture NA,2025-11-01T16:23:57Z,2025-11-01T16:23:57Z,No
['GEM/2025/B/6847975'],SUPPLY AND INSTALLATION OF ADVANCED LIGHTNING PROTECTION SYSTEM AT NANDALUR YSR KADAPA,[1],Ministry of Culture NA,2025-11-01T16:59:19Z,2025-11-01T16:59:19Z,No
['GEM/2025/B/6658270'],DDuU Repeater,[3],Ministry of Defence Department of Military Affairs,2025-10-04T14:41:45Z,2025-10-04T14:41:45Z,No
['GEM/2025/B/6818743'],Rubber Bellow for Reduction Gear Lub Oil System,[20],Ministry of Defence Department of Defence,2025-11-01T08:49:46Z,2025-11-01T08:49:46Z,No
['GEM/2025/B/6723510'],Custom Bid for Services - REPAIR OF UPS POWER MODULE AND RUGGEDIZED DC UPS POWER UNIT,[1],Ministry of Defence Department of Military Affairs,2025-11-01T09:22:50Z,2025-11-01T09:22:50Z,No
['GEM/2025/B/6804869'],RICE HUSK,[1000],Ministry of Steel Rashtriya Ispat Nigam Limited,2025-10-22T10:10:07Z,2025-10-22T10:10:07Z,No
['GEM/2025/B/6712369'],"Manpower Outsourcing Services - Minimum wage - Skilled; High School; Others,Manpower Outsourcing Se",[3],Ministry of Defence Department of Military Affairs,2025-10-31T16:48:23Z,2025-10-31T16:48:23Z,No
['GEM/2025/B/6844951'],"iPad Pro 13"" (Wi-Fi+ Cellular)",[1],Ministry of Petroleum and Natural Gas NA,2025-10-31T17:02:41Z,2025-10-31T17:02:41Z,No
['GEM/2025/B/6845115'],Cordless screw driver,[2],Department of Space Department of Space,2025-10-31T17:30:29Z,2025-10-31T17:30:29Z,No
['GEM/2025/B/6837099'],"Computer,Printers,laptop,GPS,Documentation,Queen Type Teak Wood Cot,Matress- Queen Size-4,Bed Sheet",[334],Environment Forests Science and Technology Department Andhra Pradesh,2025-10-31T17:33:09Z,2025-10-31T17:33:09Z,No
['GEM/2025/B/6845186'],"Heating Coils (Make-Kanthal),Heating Element Holder Alumina Tube,Ceramic Grooved brick for Furnace",[26],PMO Department of Atomic Energy,2025-10-31T17:26:11Z,2025-10-31T17:26:11Z,No
['GEM/2025/B/6845159'],General Purpose Battery Chargers,[2],Department of Space Department of Space,2025-10-31T17:25:14Z,2025-10-31T17:25:14Z,No
['GEM/2025/B/6854936'],Manpower Outsourcing Services - Minimum wage - Unskilled; Not Required; Others,[3],Ministry of Agriculture and Farmers Welfare Department of Agricultural Research and Education (DARE),2025-11-04T14:02:59Z,2025-11-04T14:02:59Z,No
['GEM/2025/B/6800121'],: Procurement of Spares for Haulotte Make Boom Lift at 765/400kV Vemagiri SS,[7],Ministry of Power POWER GRID Corporation OF INDIA Limited,2025-11-04T14:04:01Z,2025-11-04T14:04:01Z,No
['GEM/2025/B/6849370'],"3802602, TUNDISH TOTAL REFRACTORY MGMT",[2500],Ministry of Steel Rashtriya Ispat Nigam Limited,2025-11-04T14:37:59Z,2025-11-04T14:37:59Z,No
['GEM/2025/B/6711176'],"DISC SPRING 140X72X8,DISC SPRING 125X61X8",[175],Ministry of Steel Rashtriya Ispat Nigam Limited,2025-11-04T14:42:26Z,2025-11-04T14:42:26Z,No
['GEM/2025/B/6842088'],"RAW WATER PRESSURE SENSOR MAX 12 BAR,PLUG IN BOARD (MPU-23)",[2],Ministry of Defence Department of Defence,2025-10-31T09:29:55Z,2025-10-31T09:29:55Z,No
['GEM/2025/B/6842292'],Security Manpower Service (Version 2.0) - Office/Commercial/Institutions/ Residential; Unarmed Secu,[3],Ministry of Textiles NA,2025-10-31T09:32:52Z,2025-10-31T09:32:52Z,No
['GEM/2025/B/6842396'],Axial Magnetic Field Probe and Data Acquisition and Storage,[1],PMO Department of Atomic Energy,2025-10-31T09:59:38Z,2025-10-31T09:59:38Z,No
['GEM/2025/B/6841375'],"Table Dinning,Locker Metal,Chair PVC,PVC Chair,Dinning Table",[300],Ministry of Defence Department of Military Affairs,2025-10-31T09:46:40Z,2025-10-31T09:46:40Z,No
['GEM/2025/B/6840665'],"Mitsubishi air conditioner heavy duty 1.6 Tr,Inverter,Ceiling Fan,Exhaust Fan,Anti-skid PVC rubber ",[1626],Ministry of Culture NA,2025-10-30T16:48:20Z,2025-10-30T16:48:20Z,No
['GEM/2025/B/6816559'],Ratchet Type Torque Wrench,[5],Ministry of Railways Indian Railways,2025-10-30T16:47:05Z,2025-10-30T16:47:05Z,No
['GEM/2025/B/6779784'],Hemodialysis Machine with SLED and HDF,[2],Ministry of Health and Family Welfare Department of Health and Family Welfare,2025-10-15T17:01:46Z,2025-10-15T17:01:46Z,No
['GEM/2025/B/6779647'],Hemodialysis Machine,[15],Ministry of Health and Family Welfare Department of Health and Family Welfare,2025-10-15T17:04:00Z,2025-10-15T17:04:00Z,No
['GEM/2025/B/6736341'],Twin Lobe Roots Blower,[2],Ministry of Mines Materials,2025-09-27T15:20:25Z,2025-09-27T15:20:25Z,No
['GEM/2025/B/6838779'],Custom Bid for Services - Painting and NDT of Fire water tank,[1],Ministry of Petroleum and Natural Gas NA,2025-10-30T11:38:44Z,2025-10-30T11:38:44Z,No
['GEM/2025/B/6838709'],"pH buffer 7,Methamidophos,1-Aminohydantoin 13C3 2,4,5 13C3 AHD-C13,Endosulfan Sulfate,Sulfamethizol",[35],Ministry of Commerce and Industry Department of Commerce,2025-10-30T11:44:39Z,2025-10-30T11:44:39Z,No
['GEM/2025/B/6837027'],Electric Traction Lifts,[1],Ministry of Communications Department of Telecommunications (DOT),2025-10-30T11:18:39Z,2025-10-30T11:18:39Z,No
['GEM/2025/B/6810963'],"PIPE, CS, API-5A, Gr-J55, SMLS, 9.52mm, 80mm,SEAMLESS PIPE, SA106GR. B, OD88.9X11.13MM,SEAMLESS TUB",[700],Ministry of Steel Rashtriya Ispat Nigam Limited,2025-10-30T11:18:03Z,2025-10-30T11:18:03Z,No
['GEM/2025/B/6810849'],"TUBESSSMLS2MM12MM3000154,SSSEAMLESSPIPEOD2193023605,SSPIPE483X7143024947,SSPIPE603X87A313024950,PIP",[5125],Ministry of Steel Rashtriya Ispat Nigam Limited,2025-10-30T11:16:10Z,2025-10-30T11:16:10Z,No
['GEM/2025/B/6830071'],"ZIRCON MOULD WASH, ALCOHOL BASED,ZIRCON MOULD WASH, ALCOHOL BASED, Za,THINNER, MOULD, 25/50kg,MAGNA",[4500],Ministry of Steel Rashtriya Ispat Nigam Limited,2025-10-30T12:57:13Z,2025-10-30T12:57:13Z,No
['GEM/2025/B/6829022'],"CAMERA: IP, 4MP, 8-32MM, 4.3-50MM, 2592X1520,Installation Charges",[16],Ministry of Power NA,2025-10-30T12:51:42Z,2025-10-30T12:51:42Z,No
['GEM/2025/B/6822980'],CLIPS FOR ATTACHING TAGS,[4100000],Ministry of Steel Rashtriya Ispat Nigam Limited,2025-10-31T10:41:02Z,2025-10-31T10:41:02Z,No
['GEM/2025/B/6716582'],"SPR, DISC, 50 CRV 4, DIN 2093, 25.4X50X3MM,SPR, DISC, 50 CR V4, 20.4X40X2MM",[340],Ministry of Steel Rashtriya Ispat Nigam Limited,2025-10-31T10:31:42Z,2025-10-31T10:31:42Z,No
['GEM/2025/B/6842597'],"Hiring Of Agency For ISO Certification Service - ISO 9001 - Quality Management System (QMS), ISO 14",[1],Ministry of Civil Aviation Airports Authority of India (AAI),2025-10-31T10:48:09Z,2025-10-31T10:48:09Z,No
['GEM/2025/B/6842751'],"Multifunction Machine MFM (V2),Layer 2 Access Switch (V2)",[4],Ministry of Defence Department of Military Affairs,2025-10-31T11:07:36Z,2025-10-31T11:07:36Z,No
['GEM/2025/B/6840022'],Indigenous Manageable Layer 2 Networking Switches 24 Port,[1],Ministry of Defence Department of Military Affairs,2025-10-31T11:12:16Z,2025-10-31T11:12:16Z,No
['GEM/2025/B/6838089'],"Pressure Switch (HP) Part No. KP-5,PRESSURE SWITCH (LP) PART NO. KP-1,AMMETER PART NO. 0-250A RISHA",[8],Ministry of Defence Department of Defence,2025-10-31T11:34:10Z,2025-10-31T11:34:10Z,No
['GEM/2025/B/6826759'],Monthly Basis Cab & Taxi Hiring Services - SUV; 2000 KM PER MONTH AND 24000 CUMMULATIVE KM PER YEAR,[1],Ministry of Railways Indian Railways,2025-10-31T11:24:15Z,2025-10-31T11:24:15Z,No
['GEM/2025/B/6734864'],"Supply of 765kV Discharge Rods suitable for ACSR conductor for Subststion set as per TS,Supply of 7",[32],Ministry of Power POWER GRID Corporation OF INDIA Limited,2025-10-06T11:36:56Z,2025-10-06T11:36:56Z,No
['GEM/2025/B/6692769'],PROCUREMENT OF PERSONAL DEVICE/LAPTOP AS PER SPECS,[1],Ministry of Defence Department of Military Affairs,2025-10-31T11:28:21Z,2025-10-31T11:28:21Z,No
['GEM/2025/B/6841498'],Bus Hiring Service - Short Term - Local; 40-42; A.C. Deluxe (ACX); 80,[5],Ministry of Petroleum and Natural Gas NA,2025-11-01T12:34:39Z,2025-11-01T12:34:39Z,No
['GEM/2025/B/6849307'],Shoe Cover Dispenser (V2),[25],Ministry of Health and Family Welfare Department of Health and Family Welfare,2025-11-04T15:45:22Z,2025-11-04T15:45:22Z,No
['GEM/2025/B/6828126'],Custom Bid for Services - SC for O&M of VRCFP Substations,[1],Ministry of Petroleum and Natural Gas NA,2025-11-04T11:19:12Z,2025-11-04T11:19:12Z,No
['GEM/2025/B/6855486'],Monthly Basis Cab & Taxi Hiring Services - Sedan; 2500 km x 320 hours; Local,[1],Ministry of Petroleum and Natural Gas Balmer Lawrie and Company Limited,2025-11-04T16:01:20Z,2025-11-04T16:01:20Z,No
['GEM/2025/B/6715418'],"Automatic Core Biopsy Gun with Coaxial needle 18Gx16cm,Automatic Core Biopsy Gun with Coaxial needl",[60],Ministry of Defence Department of Military Affairs,2025-10-14T11:55:16Z,2025-10-14T11:55:16Z,No
['GEM/2025/B/6812188'],Event or Seminar or Workshop or Exhibition or Expo Management Service - National; OUTSOURCING OF SE,[1],Ministry of Defence Department of Military Affairs,2025-11-04T09:26:24Z,2025-11-04T09:26:24Z,No
['GEM/2025/B/6852437'],Television (TV) (V2),[1],Ministry of Housing & Urban Affairs (MoHUA) HUDCO,2025-11-03T18:34:06Z,2025-11-03T18:34:06Z,No
['GEM/2025/B/6852390'],Custom Bid for Services - Outsourcing of Welding and gas cutting works during Examination of Rakes ,[1],Ministry of Railways Indian Railways,2025-11-03T18:34:04Z,2025-11-03T18:34:04Z,No
['GEM/2025/B/6852104'],BOLTS RATE CONTRACT FOR NPCB 2025-27,[30000],Ministry of Petroleum and Natural Gas NA,2025-11-03T18:30:03Z,2025-11-03T18:30:03Z,No
['GEM/2025/B/6843287'],Acetylene Pressure Regulator as per IS 6901,[14],Ministry of Railways Indian Railways,2025-11-03T19:35:39Z,2025-11-03T19:35:39Z,No
['GEM/2025/B/6838366'],"Ladder, Fire, Extension, 7.5m (Defence)",[1],Ministry of Defence Department of Military Affairs,2025-11-03T19:18:41Z,2025-11-03T19:18:41Z,No
['GEM/2025/B/6842426'],Hand Held Brush Cutter (V2),[1],Ministry of Defence Department of Military Affairs,2025-10-31T10:06:21Z,2025-10-31T10:06:21Z,No
['GEM/2025/B/6842387'],GASKETS,[150000],Ministry of Petroleum and Natural Gas NA,2025-10-31T10:03:37Z,2025-10-31T10:03:37Z,No
['GEM/2025/B/6836973'],"System with MSO H&S 2024 with 3 years warranty including 65"" smart display",[22],Health Medical and Family Welfare Department Andhra Pradesh,2025-10-31T10:01:09Z,2025-10-31T10:01:09Z,No
['GEM/2025/B/6761191'],Plastic Crates for Fruits and Vegetable (V2) conforming to IS 15532,[100],Ministry of Railways Indian Railways,2025-10-31T10:10:58Z,2025-10-31T10:10:58Z,No
['GEM/2025/B/6756853'],Nibbler,[2],Ministry of Railways Indian Railways,2025-10-31T10:02:46Z,2025-10-31T10:02:46Z,No
['GEM/2025/B/6727399'],Ear Plugs as per IS 9167,[4000],Ministry of Railways Indian Railways,2025-10-31T10:07:53Z,2025-10-31T10:07:53Z,No
['GEM/2025/B/6848092'],"SUPPLY, INSTALLATION AND FIXING OF VARIOUS DIMENSIONS MS GRILL DOORS AT VAIDHYANADHA SWAMY TEMPLE, ",[1],Ministry of Culture NA,2025-11-01T17:33:02Z,2025-11-01T17:33:02Z,No
['GEM/2025/B/6848155'],"SUPPLY, INSTALLATION AND FIXING OF MS PREFABRICATED CONTAINER AT VONTIMITTA, YSR KADAPA",[1],Ministry of Culture NA,2025-11-01T17:52:26Z,2025-11-01T17:52:26Z,No
['GEM/2025/B/6848132'],"SUPPLY AND INSTALLATION OF ADVANCED LIGHTNING SYSTEM AT VISWANATHASWAMY TEMPLE, SIVALAPALLI, YSR KA",[1],Ministry of Culture NA,2025-11-01T17:45:49Z,2025-11-01T17:45:49Z,No
['GEM/2025/B/6843380'],Custom Bid for Services - OVERHAULING WORKS IN OFFSITE AREA DURING THE OVERHAUL WORKS IN COOLING TO,[1],Ministry of Power NA,2025-10-31T15:22:57Z,2025-10-31T15:22:57Z,No
['GEM/2025/B/6813660'],Woodward Genset Control Package (Details as per Buyer specification documents),[1],Ministry of Heavy Industries and Public Enterprises Department of Heavy Industry,2025-10-22T14:21:46Z,2025-10-22T14:21:46Z,No
['GEM/2025/B/6848775'],"VZ9700001830_3PHASE FLAME PROOF WELDING RECEPTACLES,VZ9700001849_3PIN 240V_15A CONVENIENCE SOCKETS,",[47],Ministry of Heavy Industries and Public Enterprises Department of Heavy Industry,2025-11-02T14:02:08Z,2025-11-02T14:02:08Z,No
['GEM/2025/B/6848730'],"1 - 591540320000 - Pin Dia12 L495 SA276CondA Sol Anne TY310 - un priced bid,2 - 591540420000 - Pin ",[4700],Ministry of Heavy Industries and Public Enterprises Department of Heavy Industry,2025-11-02T14:08:44Z,2025-11-02T14:08:44Z,No
['GEM/2025/B/6848817'],"Coke Oven Gas Igniter With IFM Detail As Per Buyer Specification Document,Coke Oven Gas Igniter Wit",[24],Ministry of Heavy Industries and Public Enterprises Department of Heavy Industry,2025-11-02T15:06:58Z,2025-11-02T15:06:58Z,No
['GEM/2025/B/6682223'],4 ZONE 1 COMMON ZONE ICR 415 WT/3PH/50HZ,[1],Ministry of Defence Department of Military Affairs,2025-11-02T16:38:29Z,2025-11-02T16:38:29Z,No
['GEM/2025/B/6846347'],"Differential Pressure Gauge Patt. No. EM3312B-WB-117-01-EST-529-04,Differential Pressure Gauge Patt",[4],Ministry of Defence Department of Defence,2025-11-02T22:14:02Z,2025-11-02T22:14:02Z,No
['GEM/2025/B/6855486'],Monthly Basis Cab & Taxi Hiring Services - Sedan; 2500 km x 320 hours; Local,[1],Ministry of Petroleum and Natural Gas Balmer Lawrie and Company Limited,2025-11-04T16:01:20Z,2025-11-04T16:01:20Z,No
['GEM/2025/B/6856059'],Manpower Outsourcing Services - Minimum wage - Skilled; High School; Others,[1],Ministry of Textiles NA,2025-11-04T16:52:46Z,2025-11-04T16:52:46Z,No
['GEM/2025/B/6856023'],"Printed Stationery 1,Printed Stationery 2,Printed Stationery 3,Printed Stationery 4,Printed Station",[13370],"Ministry of Ports, Shipping and Waterways Dredging Corporation of India Limited",2025-11-04T16:46:58Z,2025-11-04T16:46:58Z,No
['GEM/2025/B/6838609'],Monthly Basis Cab & Taxi Hiring Services - Sedan; 2500 km x 320 hours; Local,[1],Ministry of Petroleum and Natural Gas Balmer Lawrie and Company Limited,2025-11-04T16:51:22Z,2025-11-04T16:51:22Z,No
['GEM/2025/B/6848078'],"DRILLING OF BOREWELL, LIGHTNING PROTECTION SYSTEM, RO, SUPPLY & INSTALLATION OF GRILL DOORS AT SIVA",[1],Ministry of Culture NA,2025-11-01T17:27:43Z,2025-11-01T17:27:43Z,No
['GEM/2025/B/6848092'],"SUPPLY, INSTALLATION AND FIXING OF VARIOUS DIMENSIONS MS GRILL DOORS AT VAIDHYANADHA SWAMY TEMPLE, ",[1],Ministry of Culture NA,2025-11-01T17:33:02Z,2025-11-01T17:33:02Z,No
['GEM/2025/B/6848155'],"SUPPLY, INSTALLATION AND FIXING OF MS PREFABRICATED CONTAINER AT VONTIMITTA, YSR KADAPA",[1],Ministry of Culture NA,2025-11-01T17:52:26Z,2025-11-01T17:52:26Z,No
['GEM/2025/B/6848132'],"SUPPLY AND INSTALLATION OF ADVANCED LIGHTNING SYSTEM AT VISWANATHASWAMY TEMPLE, SIVALAPALLI, YSR KA",[1],Ministry of Culture NA,2025-11-01T17:45:49Z,2025-11-01T17:45:49Z,No
['GEM/2025/B/6780825'],"VZ9700001067_BMS PLC SYSTEM along with accessories_Unit1,VZ9700001067_BMS PLC SYSTEM along with acc",[6],Ministry of Heavy Industries and Public Enterprises Department of Heavy Industry,2025-10-11T18:19:40Z,2025-10-11T18:19:40Z,No
['GEM/2025/B/6754113'],Air end block/ Screw compressor block for E-160 model ELGI make screw compressor without motor & co,[1],PMO Department of Atomic Energy,2025-10-04T17:04:58Z,2025-10-04T17:04:58Z,No
['GEM/2025/B/6813013'],"Drone or Unmanned Aerial Vehicle with Customized Payload (Defence Forces - Navy, Army and Air Force",[1],Ministry of Defence Department of Military Affairs,2025-11-03T11:23:11Z,2025-11-03T11:23:11Z,No
['GEM/2025/B/6812942'],"SPRING TYPE DIE, HELICAL COMPRESSION MATERIAL 51CrV4 MATERIAL SPEC AS PER DRG 10275178,helical spri",[218],Ministry of Steel Rashtriya Ispat Nigam Limited,2025-11-03T11:22:33Z,2025-11-03T11:22:33Z,No
['GEM/2025/B/6782595'],"LINE PIPE 18"" Dia, X-65, 9.53 mm thick 3LPP API5L PSL2,LINE PIPE 18"" Dia, X-65, 9.53 mm bare pipes ",[1500],Ministry of Petroleum and Natural Gas NA,2025-10-13T13:49:40Z,2025-10-13T13:49:40Z,No
['GEM/2025/B/6688215'],"Repair, Maintenance, and Installation of Plant/ Systems/Equipments (Version 2) - ONBOARD INS JALASH",[1],Ministry of Defence Department of Military Affairs,2025-11-03T11:18:13Z,2025-11-03T11:18:13Z,No
['GEM/2025/B/6782595'],"LINE PIPE 18"" Dia, X-65, 9.53 mm thick 3LPP API5L PSL2,LINE PIPE 18"" Dia, X-65, 9.53 mm bare pipes ",[1500],Ministry of Petroleum and Natural Gas NA,2025-10-13T13:49:40Z,2025-10-13T13:49:40Z,No
['GEM/2025/B/6688215'],"Repair, Maintenance, and Installation of Plant/ Systems/Equipments (Version 2) - ONBOARD INS JALASH",[1],Ministry of Defence Department of Military Affairs,2025-11-03T11:18:13Z,2025-11-03T11:18:13Z,No
['GEM/2025/B/6854675'],"Coconut Broom,Soft Brooms,Duster Cloth,Stick Brooms,Country baskets,Plastic Mugs,Jungle knifes,Scis",[62],Ministry of Culture NA,2025-11-04T13:11:34Z,2025-11-04T13:11:34Z,No
['GEM/2025/B/6854764'],"Coconut Broom,Soft Brooms,Paddle Brooms,Duster Cloth,Stick Brooms,Country baskets,Plastic Buckets,P",[49],Ministry of Culture NA,2025-11-04T13:24:07Z,2025-11-04T13:24:07Z,No
['GEM/2025/B/6854754'],Plain Copier Paper (V3) ISI Marked to IS 14490,[115],Ministry of Defence Department of Military Affairs,2025-11-04T13:20:14Z,2025-11-04T13:20:14Z,No
['GEM/2025/B/6561716'],"COMMAND CHAIR ( N0421-R020438),CHAIR EXECUTIVE ( N0421-R020446),CHAIR ARM TUBULAR HIDE ( N0421-0003",[1255],Ministry of Defence Department of Military Affairs,2025-10-07T17:42:40Z,2025-10-07T17:42:40Z,No
['GEM/2025/B/6854936'],Manpower Outsourcing Services - Minimum wage - Unskilled; Not Required; Others,[3],Ministry of Agriculture and Farmers Welfare Department of Agricultural Research and Education (DARE),2025-11-04T14:02:59Z,2025-11-04T14:02:59Z,No
['GEM/2025/B/6800121'],: Procurement of Spares for Haulotte Make Boom Lift at 765/400kV Vemagiri SS,[7],Ministry of Power POWER GRID Corporation OF INDIA Limited,2025-11-04T14:04:01Z,2025-11-04T14:04:01Z,No
['GEM/2025/B/6849370'],"3802602, TUNDISH TOTAL REFRACTORY MGMT",[2500],Ministry of Steel Rashtriya Ispat Nigam Limited,2025-11-04T14:37:59Z,2025-11-04T14:37:59Z,No
['GEM/2025/B/6711176'],"DISC SPRING 140X72X8,DISC SPRING 125X61X8",[175],Ministry of Steel Rashtriya Ispat Nigam Limited,2025-11-04T14:42:26Z,2025-11-04T14:42:26Z,No
['GEM/2025/B/6801247'],Manpower Outsourcing Services - Minimum wage - Skilled; Secondary School; Admin,[5],Ministry of Defence Department of Military Affairs,2025-11-06T14:42:29Z,2025-11-06T14:42:29Z,No
['GEM/2025/B/6768566'],"Electric Motor Load Test Fixtures,Motor to Dynamometer Couplers,Electric Motor Heat Management Plan",[10],Ministry of Defence Department of Defence Research & Development,2025-10-16T14:32:37Z,2025-10-16T14:32:37Z,No
['GEM/2025/B/6728271'],"8 channel data acquisition system with full software,Impact Hammer 2000 N Range,Load cell cable 3 m",[6],Ministry of Education Department of Higher Education,2025-10-15T10:42:33Z,2025-10-15T10:42:33Z,No
['GEM/2025/B/6697875'],IoT Teaching-Platfrom,[2],Ministry of Education Department of Higher Education,2025-10-15T10:37:55Z,2025-10-15T10:37:55Z,No
['GEM/2025/B/6697845'],Climatic Chamber,[1],Ministry of Education Department of Higher Education,2025-10-15T10:38:46Z,2025-10-15T10:38:46Z,No
['GEM/2025/B/6690976'],"CAT 6 UTP cable,Capping and casing,Conduit pipes,Dual face plate with mount box,CAT 6 RJ 45 keyston",[4106],Ministry of Defence Department of Military Affairs,2025-11-06T14:58:47Z,2025-11-06T14:58:47Z,No
['GEM/2025/B/6758332'],Underwater Acoustic Modem System with Integrated USBL for AUV,[1],Ministry of Defence Department of Defence Research & Development,2025-11-06T13:49:27Z,2025-11-06T13:49:27Z,No
['GEM/2025/B/6853497'],"PORTA CABIN, MILD STEEL, 20’ X 10’ X 8½ ’",[5],Ministry of Power NA,2025-11-06T15:11:12Z,2025-11-06T15:11:12Z,No
['GEM/2025/B/6686041'],Stationary Valve Regulated Lead Acid Batteries (V2) as per IS 15549,[20],Ministry of Defence Department of Military Affairs,2025-11-06T15:14:24Z,2025-11-06T15:14:24Z,No
['GEM/2025/B/6857922'],LED Luminaire (Recessed Luminaire) (V3) Conforming to IS 10322 (Part 5/Section 2),[330],Ministry of Railways Indian Railways,2025-11-06T11:06:24Z,2025-11-06T11:06:24Z,No
['GEM/2025/B/6831868'],"Split Air Conditioner Including Green AC, Wall Mount Type (V2)",[30],Ministry of Finance Department of Financial Services,2025-11-03T13:58:14Z,2025-11-03T13:58:14Z,No
['GEM/2025/B/6738846'],"460207500001,460207500002,460216500046,460216500047,460216500048,460216500049,460216500050,46021650",[104],Ministry of Petroleum and Natural Gas NA,2025-09-29T14:19:16Z,2025-09-29T14:19:16Z,No
['GEM/2025/B/6850536'],Repair and Overhauling Service - JOB WORK ORDER FOR REPAIR OF VEH TATA YODHA BA NO 23C 111953H; JOB,[1],Ministry of Defence Department of Military Affairs,2025-11-03T14:42:05Z,2025-11-03T14:42:05Z,No
['GEM/2025/B/6771617'],SEAL AIR FANS,[1],Ministry of Petroleum and Natural Gas NA,2025-10-10T11:28:08Z,2025-10-10T11:28:08Z,No
['GEM/2025/B/6715978'],Procurement of SPM Spares-Chafe Chain,[4],Ministry of Petroleum and Natural Gas NA,2025-09-24T18:13:40Z,2025-09-24T18:13:40Z,No
['GEM/2025/B/6850354'],"Geru,Garbage Bag,Fiber dust brush,Feather broom,Envelope size 6x 12,Envelope size 4x10,Envelope siz",[4209],Ministry of Defence Department of Defence,2025-11-03T14:52:14Z,2025-11-03T14:52:14Z,No
['GEM/2025/B/6783826'],"XFMR, CURR: 100/1-1, 33KV, 25VA, 5P20, PS,XFMR, CURR, 200/1/1A, 33KV, 10VA, 2C, CL-0.5,XFMR, POT: 3",[15],Ministry of Power NA,2025-11-03T14:47:32Z,2025-11-03T14:47:32Z,No
['GEM/2025/B/6767282'],Custom Bid for Services - Engineering services for Upgradation,[1],Ministry of Petroleum and Natural Gas NA,2025-10-11T14:35:23Z,2025-10-11T14:35:23Z,No
['GEM/2025/B/6850990'],"VZ9700000206_FLAME SCANNER WITH ACCESSSORIES_Unit1,VZ9700000206_FLAME SCANNER WITH ACCESSSORIES_Uni",[51],Ministry of Heavy Industries and Public Enterprises Department of Heavy Industry,2025-11-03T15:00:56Z,2025-11-03T15:00:56Z,No
['GEM/2025/B/6804740'],"Flsh steam recovery skid,DESIGN AND ENGINEERING FOR CONDESATE REC,15 NB Compact trap,20 NB compact ",[197],Ministry of Petroleum and Natural Gas NA,2025-10-17T18:39:58Z,2025-10-17T18:39:58Z,No
['GEM/2025/B/6861820'],Computer Printer (V2),[5],Ministry of Railways Indian Railways,2025-11-06T15:41:44Z,2025-11-06T15:41:44Z,No
['GEM/2025/B/6834658'],PROCUREMENT OF 440 LIGHT WEIGHT TACTICAL ASSAULT VESTS,[440],Ministry of Defence Department of Military Affairs,2025-11-06T15:32:36Z,2025-11-06T15:32:36Z,No
['GEM/2025/B/6820280'],Toner Cartridges / Ink Cartridges / Consumables for Printers,[8],Ministry of Railways Indian Railways,2025-10-27T10:48:43Z,2025-10-27T10:48:43Z,No
['GEM/2025/B/6813018'],Battery Secondary Lead Acid MT Type (Defence),[8],Ministry of Defence Department of Defence,2025-10-22T12:07:04Z,2025-10-22T12:07:04Z,No
['GEM/2025/B/6784683'],"PROFESSIONAL VIDEO MONITOR- 18.5""",[4],Ministry of Defence Department of Defence Production,2025-10-13T17:21:43Z,2025-10-13T17:21:43Z,No
['GEM/2025/B/6782460'],"SH/PL, PROF SHT, 900-1100X5000, 0.65 MM TCT,SH/PL, PROF SHT, 900-1100X6000, 0.65 MM TCT,SH/PL, PRO ",[850],Ministry of Steel Rashtriya Ispat Nigam Limited,2025-10-16T10:28:51Z,2025-10-16T10:28:51Z,No
['GEM/2025/B/6760458'],"Title1,Title2,Title3,Title4,Title5,Title6,Title7,Title8,Title9,Title10,Title11,Title12,Title13,Titl",[164],PMO Department of Atomic Energy,2025-10-07T11:05:07Z,2025-10-07T11:05:07Z,No
['GEM/2025/B/6756123'],PROCUREMENT OF 40 IN NUMBERS OF CUSTOMISED SIKH BP HELMETS FOR SIKH AND DSC PERSONNEL OF NDV,[40],Ministry of Defence Department of Military Affairs,2025-10-16T17:35:44Z,2025-10-16T17:35:44Z,No
['GEM/2025/B/6747419'],Propane,[5],Ministry of Petroleum and Natural Gas NA,2025-10-16T14:52:13Z,2025-10-16T14:52:13Z,No
['GEM/2025/B/6735335'],Museum Racks,[10],Ministry of Health and Family Welfare Department of Health and Family Welfare,2025-10-06T14:42:49Z,2025-10-06T14:42:49Z,No
['GEM/2025/B/6861535'],"Iron Frame Size 7 x 5 ft,Iron Frame Size 4.6 x 4.5 ft,Iron Frame Size 8 x 4 ft,Iron Frame Size 4 x ",[24],Ministry of Defence Department of Defence,2025-11-06T14:52:14Z,2025-11-06T14:52:14Z,No
['GEM/2025/B/6861375'],"Roof Shed 15 x 8 with supporting structure,Roof Shed 15 x 11 with supporting structure,Roof Shed 5 ",[958],Ministry of Defence Department of Defence,2025-11-06T14:53:50Z,2025-11-06T14:53:50Z,No
['GEM/2025/B/6838138'],Procurement of SDR Aluminum Fire Proof Charging Station,[5],Ministry of Defence Department of Military Affairs,2025-11-06T14:59:21Z,2025-11-06T14:59:21Z,No
['GEM/2025/B/6814186'],Procurement of Light Weight Tactical Assault Vest,[160],Ministry of Defence Department of Military Affairs,2025-11-06T14:50:26Z,2025-11-06T14:50:26Z,No
['GEM/2025/B/6858342'],"PRINTING OF ERA WORK BOOK,PRINTING OF NIGHT ROUND BOOK,PRINTING OF INVITATION CARD,PRINTING OF RECO",[215],Ministry of Defence Department of Military Affairs,2025-11-05T14:32:22Z,2025-11-05T14:32:22Z,No
['GEM/2025/B/6845358'],"24V, 62.5A (1.5kw) , Rectifier+ converter with integral DCDB, SMPS Based, Floor Mounted,42 AH, 4 Bl",[3],Ministry of Defence Department of Defence,2025-11-05T14:38:36Z,2025-11-05T14:38:36Z,No
['GEM/2025/B/6798242'],"ABOVE DECKS UNIT ASSEMBLY WITH PART NO 71090007008/2007-3000-00,PCU CONTROL PANEL WITH PART NO 6109",[7],Ministry of Defence Department of Military Affairs,2025-11-05T14:37:35Z,2025-11-05T14:37:35Z,No
['GEM/2025/B/6857882'],"PRINTING OF REFIT CELL BOOK,PRINTING OF TRAVEL FORM REGISTER,PRINTING OF COIN LIST RECONCILATION RE",[31],Ministry of Defence Department of Military Affairs,2025-11-05T14:23:15Z,2025-11-05T14:23:15Z,No
['GEM/2025/B/6858353'],"FLNG.BLIND, 300, 0.75 INCH,FLNG.SW, 300 ,1.5 INCH XS,FLNG.WN , 150, NACE 3.0 INCH STD,FLNG.WN, 300,",[99],Ministry of Petroleum and Natural Gas NA,2025-11-05T14:54:48Z,2025-11-05T14:54:48Z,No
['GEM/2025/B/6850936'],ROTARY ENCODER INCREMENTAL,[4],Ministry of Steel Rashtriya Ispat Nigam Limited,2025-11-05T14:45:54Z,2025-11-05T14:45:54Z,No
['GEM/2025/B/6830034'],REGUTTING AND DEGUTTING OF 07 IN NUMBER COMPACTORS FROM P31 BUILDING TO P32 BUILDING AS PER FOLLOWI,[1],Ministry of Defence Department of Military Affairs,2025-11-03T11:06:26Z,2025-11-03T11:06:26Z,No
['GEM/2025/B/6813013'],"Drone or Unmanned Aerial Vehicle with Customized Payload (Defence Forces - Navy, Army and Air Force",[1],Ministry of Defence Department of Military Affairs,2025-11-03T11:23:11Z,2025-11-03T11:23:11Z,No
['GEM/2025/B/6812942'],"SPRING TYPE DIE, HELICAL COMPRESSION MATERIAL 51CrV4 MATERIAL SPEC AS PER DRG 10275178,helical spri",[218],Ministry of Steel Rashtriya Ispat Nigam Limited,2025-11-03T11:22:33Z,2025-11-03T11:22:33Z,No
['GEM/2025/B/6817532'],Hydrated Lime for Bulk Supply as per IS 1540 (Part 2),[2000],PMO Department of Atomic Energy,2025-11-03T11:37:18Z,2025-11-03T11:37:18Z,No
['GEM/2025/B/6852066'],VGO locking compound,[3600],Ministry of Defence Department of Military Affairs,2025-11-03T17:29:03Z,2025-11-03T17:29:03Z,No
['GEM/2025/B/6852040'],"cleaning chemical,cleaning chemical Brand,DETTOL HAND WASh,Toilet Tissue Rolls,AIR FRESHNER,GREEN S",[7080],Ministry of Education Department of Higher Education,2025-11-03T17:27:53Z,2025-11-03T17:27:53Z,No
['GEM/2025/B/6851992'],Custom Bid for Services - 800063042 Comprehensive AMC for CCTV system and details equipment and dep,[1],Ministry of Power NA,2025-11-03T17:24:47Z,2025-11-03T17:24:47Z,No
['GEM/2025/B/6822091'],"Laboratory Steel Furniture,Classroom Stools,Laboratory Benches (V2)",[40],Department of Space Department of Space,2025-11-03T17:24:54Z,2025-11-03T17:24:54Z,No
['GEM/2025/B/6807601'],"START, MOT, SOFT STARTER RC, 250 KW, 480A",[3],Ministry of Steel Rashtriya Ispat Nigam Limited,2025-11-03T17:28:59Z,2025-11-03T17:28:59Z,No
['GEM/2025/B/6851826'],Coke - Blast Furnace (RINL) (In Metric tonne),[45000],Ministry of Steel Rashtriya Ispat Nigam Limited,2025-11-03T17:54:48Z,2025-11-03T17:54:48Z,No
['GEM/2025/B/6723022'],Schedule1_100254084_10_M1902606047_BEARING BALL RADIAL CONTACT 6060 MC3_For Simhadri Super Thermal ,[30],Ministry of Power NA,2025-10-14T12:48:07Z,2025-10-14T12:48:07Z,No
['GEM/2025/B/6814933'],"BOOT JUNGLE SIZE 6,BOOT JUNGLE SIZE 8,BOOT JUNGLE SIZE 9",[2336],Ministry of Defence Department of Military Affairs,2025-11-03T17:30:11Z,2025-11-03T17:30:11Z,No
['GEM/2025/B/6852176'],"Monthly Basis Cab & Taxi Hiring Services - Premium Sedan; 2000 km x 320 hours; Local 24*7,Monthly B",[9],Ministry of Finance Department of Revenue,2025-11-03T18:01:49Z,2025-11-03T18:01:49Z,No
['GEM/2025/B/6806693'],"Aft bush collars 70/85,MoD CET-65E(P) Collars",[275],Ministry of Defence Department of Military Affairs,2025-11-03T18:10:14Z,2025-11-03T18:10:14Z,No
['GEM/2025/B/6702232'],"SITC of relays for SS-40 as per Annexure,SITC of relays for SS-61 as per Annexure,SITC of relays fo",[4],Ministry of Petroleum and Natural Gas NA,2025-09-19T14:27:19Z,2025-09-19T14:27:19Z,No
['GEM/2025/B/6829214'],SAMSUNG GALAXY SMART PHONE S25 ULTRA 5G(12/512GB),[2],Ministry of Labour and Employment NA,2025-11-03T18:26:16Z,2025-11-03T18:26:16Z,No
['GEM/2025/B/6852437'],Television (TV) (V2),[1],Ministry of Housing & Urban Affairs (MoHUA) HUDCO,2025-11-03T18:34:06Z,2025-11-03T18:34:06Z,No
['GEM/2025/B/6852390'],Custom Bid for Services - Outsourcing of Welding and gas cutting works during Examination of Rakes ,[1],Ministry of Railways Indian Railways,2025-11-03T18:34:04Z,2025-11-03T18:34:04Z,No
['GEM/2025/B/6852104'],BOLTS RATE CONTRACT FOR NPCB 2025-27,[30000],Ministry of Petroleum and Natural Gas NA,2025-11-03T18:30:03Z,2025-11-03T18:30:03Z,No
['GEM/2025/B/6852318'],"Manpower Outsourcing Services - Minimum wage - Highly-Skilled; Graduate; Finance/Accounts,Manpower ",[4],Ministry of Youth Affairs and Sports Department of Sports,2025-11-03T19:07:02Z,2025-11-03T19:07:02Z,No
['GEM/2025/B/6858739'],"Warehousing Service - Per MT Basis - Food grain storage, COVERED WAREHOUSE IN NUZVID AREA; Dry /nor",[1],Ministry of Consumer Affairs Food and Public Distribution Department of Food and Public Distribution,2025-11-05T16:53:14Z,2025-11-05T16:53:14Z,No
['GEM/2025/B/6857334'],AIR COMPRESSOR FOR PRESSURE DROP FACILIT,[1],Ministry of Heavy Industries and Public Enterprises Department of Heavy Industry,2025-11-05T16:45:38Z,2025-11-05T16:45:38Z,No
['GEM/2025/B/6858802'],"Warehousing Service - Per MT Basis - Food grain storage, COVERED WAREHOUSE IN NIDADAVOLE AREA; Dry ",[1],Ministry of Consumer Affairs Food and Public Distribution Department of Food and Public Distribution,2025-11-05T17:10:35Z,2025-11-05T17:10:35Z,No
['GEM/2025/B/6858769'],"Warehousing Service - Per MT Basis - Food grain storage, COVERED WAREHOUSE IN ELURU AREA; Dry /norm",[1],Ministry of Consumer Affairs Food and Public Distribution Department of Food and Public Distribution,2025-11-05T17:01:32Z,2025-11-05T17:01:32Z,No
['GEM/2025/B/6860304'],Custom Bid for Services - Structural Steel works,[1],Ministry of Petroleum and Natural Gas NA,2025-11-06T12:08:23Z,2025-11-06T12:08:23Z,No
['GEM/2025/B/6846537'],Repair and Overhauling Service - INSTALLATION OF ADDITIONAL TOILETS AND VACUUM PIPELINES ONBOARD  I,[1],Ministry of Defence Department of Military Affairs,2025-11-06T12:06:14Z,2025-11-06T12:06:14Z,No
['GEM/2025/B/6859678'],Custom Bid for Services - Eddy Current Array Testing of Wheels of LHB Coaches at Coaching Depot Tir,[1],Ministry of Railways Indian Railways,2025-11-06T12:16:54Z,2025-11-06T12:16:54Z,No
['GEM/2025/B/6859444'],"Monthly Basis Cab & Taxi Hiring Services - SUV; 3000 KM PER MONTH,CUMULATIVE 36000 KM PER YEAR; Out",[1],Ministry of Railways Indian Railways,2025-11-06T12:19:01Z,2025-11-06T12:19:01Z,No
['GEM/2025/B/6855303'],Server and Monitor,[1],PMO Department of space,2025-11-06T12:19:17Z,2025-11-06T12:19:17Z,No
['GEM/2025/B/6860678'],PVC Insulated Cables for Submersible Pumps - as per IS 694,[440],Ministry of Railways Indian Railways,2025-11-06T12:43:53Z,2025-11-06T12:43:53Z,No
['GEM/2025/B/6860076'],High end Desktop Computers,[8],Ministry of Education Department of Higher Education,2025-11-06T12:40:34Z,2025-11-06T12:40:34Z,No
['GEM/2025/B/6819685'],BRANDING COPPER ELECTRODES/TOOLS,[584],Ministry of Steel Rashtriya Ispat Nigam Limited,2025-11-06T12:45:31Z,2025-11-06T12:45:31Z,No
['GEM/2025/B/6859753'],Electric Drill,[5],Ministry of Railways Indian Railways,2025-11-06T11:17:29Z,2025-11-06T11:17:29Z,No
['GEM/2025/B/6859691'],High Power RF Attenuator,[2],Ministry of Electronics and Information Technology Department of Electronics and Information Technology,2025-11-06T11:22:56Z,2025-11-06T11:22:56Z,No
['GEM/2025/B/6854443'],FIREWALL NGFW_ Schedule 1_ Item_ 10_ M9630990352_ 700075127,[2],Ministry of Power NA,2025-11-06T11:17:49Z,2025-11-06T11:17:49Z,No
['GEM/2025/B/6758530'],"MS Electrodes Welding Dia 4MM - N3439-000226,MS Electrode For Welding Dia 3.15MM - N3439-000277,MS ",[180915],Ministry of Defence Department of Military Affairs,2025-11-06T11:53:18Z,2025-11-06T11:53:18Z,No
['GEM/2025/B/6847797'],Repair and Overhauling Service - AUGMENTATION OF VENTILATION IN AMR COMPARTMENT ALONG WITH FITMENT ,[1],Ministry of Defence Department of Military Affairs,2025-11-06T11:58:46Z,2025-11-06T11:58:46Z,No
['GEM/2025/B/6673747'],Event or Seminar or Workshop or Exhibition or Expo Management Service - National; Adventure Activit,[1],Ministry of Defence Department of Military Affairs,2025-11-06T14:14:22Z,2025-11-06T14:14:22Z,No
['GEM/2025/B/6849186'],Facility Management Services - LumpSum Based - Industrial; High Oily sludge processing; Consumables,[1],Ministry of Petroleum and Natural Gas NA,2025-11-06T14:41:49Z,2025-11-06T14:41:49Z,No
['GEM/2025/B/6801247'],Manpower Outsourcing Services - Minimum wage - Skilled; Secondary School; Admin,[5],Ministry of Defence Department of Military Affairs,2025-11-06T14:42:29Z,2025-11-06T14:42:29Z,No
['GEM/2025/B/6833772'],"TEMPERATURE INDICATOR & ALARM SWITCH, DLW PART NO. 1231 9491,VOLTAGE REGULATOR PANEL BASE WITHOUT C",[22],Ministry of Steel Rashtriya Ispat Nigam Limited,2025-11-06T16:51:31Z,2025-11-06T16:51:31Z,No
['GEM/2025/B/6792409'],"INJ ATROPINE SULPHATE,TAB ACECLOFENAC PCM,INJ DICLOFENAC SODIUM,INJ PARACETAMOL 150 MG,INJ PHENARAM",[14963],Ministry of Defence Department of Military Affairs,2025-11-06T16:58:29Z,2025-11-06T16:58:29Z,No
['GEM/2025/B/6862217'],Security Manpower Service (Version 2.0) - Office/Commercial/Institutions/ Residential; ASSISTANT SE,[1],Ministry of Finance Department of Revenue,2025-11-06T16:34:17Z,2025-11-06T16:34:17Z,No
['GEM/2025/B/6858006'],Custom Bid for Services - 2 YR MAINT & REPAIR OF TRANSFORMERS,[1],Ministry of Petroleum and Natural Gas NA,2025-11-06T16:34:35Z,2025-11-06T16:34:35Z,No
['GEM/2025/B/6771537'],5KVA ONLINE UPS,[1],Ministry of Defence Department of Defence Production,2025-10-09T16:32:08Z,2025-10-09T16:32:08Z,No
['GEM/2025/B/6860435'],"Repair, Maintenance, and Installation of Plant/ Systems/Equipments (Version 2) - Office Space; 2100",[1],Ministry of Defence Department of Defence,2025-11-06T17:11:43Z,2025-11-06T17:11:43Z,No
['GEM/2025/B/6859507'],"Custom Bid for Services - Carrying out Training, Implementation and Green Co certification at India",[1],Ministry of Petroleum and Natural Gas INDIAN OIL CORPORATION LIMITED,2025-11-06T17:14:31Z,2025-11-06T17:14:31Z,No
['GEM/2025/B/6840335'],"500Watts Speakers,2400Watts Amplifier,1000Watts Amplifier,Cordless Mike 1 Set having 2 Mikes,Podium",[2163],Ministry of Education Department of Higher Education,2025-11-06T17:23:25Z,2025-11-06T17:23:25Z,No
['GEM/2025/B/6787465'],Repair and Overhauling Service - APU/GTS TESTING TROLLEY; TESTFUCHS; Yes; Buyer Premises,[1],Ministry of Defence Department of Military Affairs,2025-11-06T17:23:23Z,2025-11-06T17:23:23Z,No
['GEM/2025/B/6853497'],"PORTA CABIN, MILD STEEL, 20’ X 10’ X 8½ ’",[5],Ministry of Power NA,2025-11-06T15:11:12Z,2025-11-06T15:11:12Z,No
['GEM/2025/B/6843031'],Custom Bid for Services - TECHNICAL SUPPORT SERVICES,[1],Department of Space Department of Space,2025-11-06T10:24:28Z,2025-11-06T10:24:28Z,No
['GEM/2025/B/6838643'],Entry and Mid Level Desktop Computer,[650],Ministry of Communications Department of Telecommunications (DOT),2025-11-06T10:52:06Z,2025-11-06T10:52:06Z,No
['GEM/2025/B/6859633'],Paper-based Printing Services - Printing with Material; Module; Offset,[15],Ministry of Civil Aviation Airports Authority of India (AAI),2025-11-06T10:43:51Z,2025-11-06T10:43:51Z,No
['GEM/2025/B/6859629'],"Supply & Safe Delivery of Mechanical, Pneumatic and High Voltage Front End Assembly for Pulse Power",[1],PMO Department of Atomic Energy,2025-11-06T10:37:40Z,2025-11-06T10:37:40Z,No
['GEM/2025/B/6859619'],XLPE Cable for Working Voltages up to and Including 1.1 KV as per IS 7098 (Part 1),[1000],Ministry of Railways Indian Railways,2025-11-06T10:35:39Z,2025-11-06T10:35:39Z,No
['GEM/2025/B/6716141'],REFURBISHMENT OF DIVERS DUTY ROOM IN DIVING BLOCK,[1],Ministry of Defence Department of Military Affairs,2025-10-06T14:51:48Z,2025-10-06T14:51:48Z,No
['GEM/2025/B/6700531'],Thin Client Computers (V2),[75],Ministry of Railways Indian Railways,2025-11-06T10:32:07Z,2025-11-06T10:32:07Z,No
['GEM/2025/B/6794009'],Smart Card Operated Ticket Vending Machine (ATVM) (Indian Railways),[10],Ministry of Railways Indian Railways,2025-11-06T10:57:56Z,2025-11-06T10:57:56Z,No
['GEM/2025/B/6805658'],Custom Bid for Services - 200145040 Conducting Third Party (External) Safety Audit for the FY 2025 ,[1],Ministry of Power NA,2025-10-18T11:28:04Z,2025-10-18T11:28:04Z,No
['GEM/2025/B/6863448'],"AIR TO LP LINE SDV-1,AIR TO HP LINE SDV-2,MANDATORY SPARES FOR SDV-1&2,COMMISSIONING SPARES FOR SDV",[4],Ministry of Heavy Industries and Public Enterprises Department of Heavy Industry,2025-11-07T08:53:50Z,2025-11-07T08:53:50Z,No
['GEM/2025/B/6843306'],"Custom Bid for Services - AMC OF CAESAR-II SOFTWARE-3YRS,Custom Bid for Services - AMC OF PVELITE S",[2],Ministry of Petroleum and Natural Gas NA,2025-11-07T08:53:02Z,2025-11-07T08:53:02Z,No
['GEM/2025/B/6863497'],VARIOUS TYPES OF EXCAVATION WORKS AT BHAVANARAYANA SWAMY TEMPL,[1],Ministry of Culture NA,2025-11-07T09:17:06Z,2025-11-07T09:17:06Z,No
['GEM/2025/B/6849441'],Custom Bid for Services - HIRING OF MOBILE CRANE SERVICES 14TON & 40TON,[1],Ministry of Defence Department of Military Affairs,2025-11-07T09:15:47Z,2025-11-07T09:15:47Z,No
['GEM/2025/B/6863579'],"CS BLIND FL 25NBX150RATING SA105 RF,CS BLIND FL 50NBX150RATING SA105 RF,4INCHFL WN RF125AA 150RATIN",[1472],Ministry of Heavy Industries and Public Enterprises Department of Heavy Industry,2025-11-07T09:40:22Z,2025-11-07T09:40:22Z,No
['GEM/2025/B/6863572'],Manpower Outsourcing Services - Minimum wage - Unskilled; Not Required; Others,[16],PMO Department of Atomic Energy,2025-11-07T09:39:04Z,2025-11-07T09:39:04Z,No
['GEM/2025/B/6863526'],Electronic Timers for EOT Cranes (Details as per Buyer specification document),[140],Ministry of Heavy Industries and Public Enterprises Department of Heavy Industry,2025-11-07T09:36:53Z,2025-11-07T09:36:53Z,No
['GEM/2025/B/6840342'],"RUGGED PANEL MOUNT 20 1 IN LCD MONITOR PS84210062702,NETWORK SWITCH PS84210082402,KEYBOARD PS520100",[763],Ministry of Defence Department of Military Affairs,2025-11-07T09:41:26Z,2025-11-07T09:41:26Z,No
['GEM/2025/B/6832831'],"Schedule_1_100261029_Item_10_M1897731073,Schedule_2_100261029_Item_20_M1897731130,Schedule_3_100261",[82],Ministry of Power NA,2025-11-07T09:50:47Z,2025-11-07T09:50:47Z,No
['GEM/2025/B/6819345'],Safety Rewards for employees,[1360],Ministry of Petroleum and Natural Gas NA,2025-11-07T09:50:08Z,2025-11-07T09:50:08Z,No
['GEM/2025/B/6817167'],Electric Kettles and Jugs for Household and Similar Use as per IS 367 (V2),[140],Ministry of Petroleum and Natural Gas NA,2025-11-07T09:59:37Z,2025-11-07T09:59:37Z,No
['GEM/2025/B/6861863'],Manpower Outsourcing Services - Minimum wage - Unskilled; ITI; Others,[2],Ministry of Defence Department of Military Affairs,2025-11-06T15:56:43Z,2025-11-06T15:56:43Z,No
['GEM/2025/B/6818944'],Joint&Seal Compound,[1],Ministry of Steel Rashtriya Ispat Nigam Limited,2025-11-06T15:58:36Z,2025-11-06T15:58:36Z,No
['GEM/2025/B/6784683'],"PROFESSIONAL VIDEO MONITOR- 18.5""",[4],Ministry of Defence Department of Defence Production,2025-10-13T17:21:43Z,2025-10-13T17:21:43Z,No
['GEM/2025/B/6782460'],"SH/PL, PROF SHT, 900-1100X5000, 0.65 MM TCT,SH/PL, PROF SHT, 900-1100X6000, 0.65 MM TCT,SH/PL, PRO ",[850],Ministry of Steel Rashtriya Ispat Nigam Limited,2025-10-16T10:28:51Z,2025-10-16T10:28:51Z,No
['GEM/2025/B/6760458'],"Title1,Title2,Title3,Title4,Title5,Title6,Title7,Title8,Title9,Title10,Title11,Title12,Title13,Titl",[164],PMO Department of Atomic Energy,2025-10-07T11:05:07Z,2025-10-07T11:05:07Z,No
['GEM/2025/B/6756123'],PROCUREMENT OF 40 IN NUMBERS OF CUSTOMISED SIKH BP HELMETS FOR SIKH AND DSC PERSONNEL OF NDV,[40],Ministry of Defence Department of Military Affairs,2025-10-16T17:35:44Z,2025-10-16T17:35:44Z,No
['GEM/2025/B/6747419'],Propane,[5],Ministry of Petroleum and Natural Gas NA,2025-10-16T14:52:13Z,2025-10-16T14:52:13Z,No
['GEM/2025/B/6735335'],Museum Racks,[10],Ministry of Health and Family Welfare Department of Health and Family Welfare,2025-10-06T14:42:49Z,2025-10-06T14:42:49Z,No
['GEM/2025/B/6731077'],Image Guided Navigation System,[1],Ministry of Health and Family Welfare Department of Health and Family Welfare,2025-10-06T11:17:03Z,2025-10-06T11:17:03Z,No
['GEM/2025/B/6730246'],High Flow Nasal Oxygen Therapy Unit (V2),[1],Ministry of Health and Family Welfare Department of Health and Family Welfare,2025-10-11T12:05:54Z,2025-10-11T12:05:54Z,No
['GEM/2025/B/6646428'],Gasket sealing Compound,[100],Ministry of Steel Rashtriya Ispat Nigam Limited,2025-10-06T14:53:34Z,2025-10-06T14:53:34Z,No
['GEM/2025/B/6861820'],Computer Printer (V2),[5],Ministry of Railways Indian Railways,2025-11-06T15:41:44Z,2025-11-06T15:41:44Z,No
['GEM/2025/B/6834658'],PROCUREMENT OF 440 LIGHT WEIGHT TACTICAL ASSAULT VESTS,[440],Ministry of Defence Department of Military Affairs,2025-11-06T15:32:36Z,2025-11-06T15:32:36Z,No
['GEM/2025/B/6820280'],Toner Cartridges / Ink Cartridges / Consumables for Printers,[8],Ministry of Railways Indian Railways,2025-10-27T10:48:43Z,2025-10-27T10:48:43Z,No
['GEM/2025/B/6813018'],Battery Secondary Lead Acid MT Type (Defence),[8],Ministry of Defence Department of Defence,2025-10-22T12:07:04Z,2025-10-22T12:07:04Z,No
['GEM/2025/B/6821104'],"First aid kit,Fire Helmet,Aluminized Apron,Fire safety Shoes,Fire protection goggles,make Rechargea",[546],Environment Forests Science and Technology Department Andhra Pradesh,2025-10-28T11:30:32Z,2025-10-28T11:30:32Z,No
['GEM/2025/B/6820971'],"TV - 55 INCH,TV -50INCH,TV -40INCH,Washing Machine with dryer- maual11 kg,Iron Box,Decorative Cast ",[121],Environment Forests Science and Technology Department Andhra Pradesh,2025-10-28T11:32:08Z,2025-10-28T11:32:08Z,No
['GEM/2025/B/6848051'],"Manpower Outsourcing Services - Minimum wage - Highly-Skilled; Graduate; Healthcare,Manpower Outsou",[34],Ministry of AYUSH NA,2025-11-06T20:35:13Z,2025-11-06T20:35:13Z,No
['GEM/2025/B/6829060'],"1 - 190170070000 - PLASTIC CAPS OD159 - as per unpriced bid,2 - 220745720000 - TUBEENDCOVEREXTFOROD",[800],Ministry of Heavy Industries and Public Enterprises Department of Heavy Industry,2025-10-27T18:04:43Z,2025-10-27T18:04:43Z,No
['GEM/2025/B/6800404'],"INJ.LOW MOLECULAR HEPARIN 0.4ML,CAP.NITROGLYCERIN 2.6mg S.R.,TAB.ACENOCOUMAROL 1MG,TAB.ACETYL SALIC",[4928000],"Ministry of Ports, Shipping and Waterways NA",2025-10-16T19:52:49Z,2025-10-16T19:52:49Z,No
['GEM/2025/B/6863579'],"CS BLIND FL 25NBX150RATING SA105 RF,CS BLIND FL 50NBX150RATING SA105 RF,4INCHFL WN RF125AA 150RATIN",[1472],Ministry of Heavy Industries and Public Enterprises Department of Heavy Industry,2025-11-07T09:40:22Z,2025-11-07T09:40:22Z,No
['GEM/2025/B/6863572'],Manpower Outsourcing Services - Minimum wage - Unskilled; Not Required; Others,[16],PMO Department of Atomic Energy,2025-11-07T09:39:04Z,2025-11-07T09:39:04Z,No
['GEM/2025/B/6863526'],Electronic Timers for EOT Cranes (Details as per Buyer specification document),[140],Ministry of Heavy Industries and Public Enterprises Department of Heavy Industry,2025-11-07T09:36:53Z,2025-11-07T09:36:53Z,No
['GEM/2025/B/6840342'],"RUGGED PANEL MOUNT 20 1 IN LCD MONITOR PS84210062702,NETWORK SWITCH PS84210082402,KEYBOARD PS520100",[763],Ministry of Defence Department of Military Affairs,2025-11-07T09:41:26Z,2025-11-07T09:41:26Z,No
['GEM/2025/B/6832831'],"Schedule_1_100261029_Item_10_M1897731073,Schedule_2_100261029_Item_20_M1897731130,Schedule_3_100261",[82],Ministry of Power NA,2025-11-07T09:50:47Z,2025-11-07T09:50:47Z,No
['GEM/2025/B/6819345'],Safety Rewards for employees,[1360],Ministry of Petroleum and Natural Gas NA,2025-11-07T09:50:08Z,2025-11-07T09:50:08Z,No
['GEM/2025/B/6817167'],Electric Kettles and Jugs for Household and Similar Use as per IS 367 (V2),[140],Ministry of Petroleum and Natural Gas NA,2025-11-07T09:59:37Z,2025-11-07T09:59:37Z,No
['GEM/2025/B/6821104'],"First aid kit,Fire Helmet,Aluminized Apron,Fire safety Shoes,Fire protection goggles,make Rechargea",[546],Environment Forests Science and Technology Department Andhra Pradesh,2025-10-28T11:30:32Z,2025-10-28T11:30:32Z,No
['GEM/2025/B/6820971'],"TV - 55 INCH,TV -50INCH,TV -40INCH,Washing Machine with dryer- maual11 kg,Iron Box,Decorative Cast ",[121],Environment Forests Science and Technology Department Andhra Pradesh,2025-10-28T11:32:08Z,2025-10-28T11:32:08Z,No
['GEM/2025/B/6848051'],"Manpower Outsourcing Services - Minimum wage - Highly-Skilled; Graduate; Healthcare,Manpower Outsou",[34],Ministry of AYUSH NA,2025-11-06T20:35:13Z,2025-11-06T20:35:13Z,No
['GEM/2025/B/6862637'],"Twist Drills, Parallel Shank, Jobber Series as per IS 5101",[180],Ministry of Railways Indian Railways,2025-11-06T18:57:10Z,2025-11-06T18:57:10Z,No
['GEM/2025/B/6862229'],Monthly Basis Cab & Taxi Hiring Services - SUV; 2000 km x 320 hours; Local,[1],Ministry of Finance Department of Revenue,2025-11-06T18:49:44Z,2025-11-06T18:49:44Z,No
['GEM/2025/B/6764478'],"Custom Bid for Services - Rate Contract For Supply of Orthopaedic Implants For 2 Yrs- Implant no 1,",[106],Ministry of Labour and Employment Employees State Insuarnce Corporation,2025-10-16T17:38:51Z,2025-10-16T17:38:51Z,No
['GEM/2025/B/6863656'],SUPPLY OF HP-SURE ADDITIVE WITH SCALEUP INTEGRATION,[10000],Ministry of Petroleum and Natural Gas NA,2025-11-07T10:16:13Z,2025-11-07T10:16:13Z,No
['GEM/2025/B/6858145'],"Vehicle Hiring Service - Per Vehicle-Day basis - Sedan; 2023, 2024, 2025; Local + Outstation; Plain",[90],Ministry of Consumer Affairs Food and Public Distribution Department of Food and Public Distribution,2025-11-05T13:43:25Z,2025-11-05T13:43:25Z,No
['GEM/2025/B/6863953'],"7616C0000320,7616C0000360,7616C0000340,7616C0000350,7616C0000370,7616C0000380",[6],Ministry of Heavy Industries and Public Enterprises Department of Heavy Industry,2025-11-07T10:58:22Z,2025-11-07T10:58:22Z,No
['GEM/2025/B/6863790'],Apple Macbook,[1],Ministry of Education Department of Higher Education,2025-11-07T10:58:27Z,2025-11-07T10:58:27Z,No
['GEM/2025/B/6862373'],Monthly Basis Cab & Taxi Hiring Services - MUV; Hiring of 2 Nos Non AC base Model MUV Pick up Van b,[2],Ministry of Railways Indian Railways,2025-11-07T10:55:52Z,2025-11-07T10:55:52Z,No
['GEM/2025/B/6862231'],Monthly Basis Cab & Taxi Hiring Services - MUV; Hiring of 3 Nos   Non AC base Model  MUV Pick up Va,[3],Ministry of Railways Indian Railways,2025-11-07T10:54:15Z,2025-11-07T10:54:15Z,No
['GEM/2025/B/6859771'],"Energy meter,Current Transformer 1,Current Transformer-2,Current Transformer-3",[48],Ministry of Petroleum and Natural Gas NA,2025-11-07T10:53:27Z,2025-11-07T10:53:27Z,No
['GEM/2025/B/6863004'],DUST FILTER MESH FOR ATU (EH8015D-502-13-060-18-1),[13],Ministry of Defence Department of Military Affairs,2025-11-06T18:52:57Z,2025-11-06T18:52:57Z,No
['GEM/2025/B/6862977'],"THERMISTOR PROTECTION UNIT, VOLTAGE 115V AC (EG833V-2109-BD-CP-209)",[20],Ministry of Defence Department of Military Affairs,2025-11-06T18:46:12Z,2025-11-06T18:46:12Z,No
['GEM/2025/B/6862637'],"Twist Drills, Parallel Shank, Jobber Series as per IS 5101",[180],Ministry of Railways Indian Railways,2025-11-06T18:57:10Z,2025-11-06T18:57:10Z,No
['GEM/2025/B/6862229'],Monthly Basis Cab & Taxi Hiring Services - SUV; 2000 km x 320 hours; Local,[1],Ministry of Finance Department of Revenue,2025-11-06T18:49:44Z,2025-11-06T18:49:44Z,No
['GEM/2025/B/6764478'],"Custom Bid for Services - Rate Contract For Supply of Orthopaedic Implants For 2 Yrs- Implant no 1,",[106],Ministry of Labour and Employment Employees State Insuarnce Corporation,2025-10-16T17:38:51Z,2025-10-16T17:38:51Z,No
['GEM/2025/B/6787497'],Manpower Outsourcing Services - Minimum wage - Skilled; Diploma; Admin,[3],Ministry of Defence Department of Military Affairs,2025-10-22T10:59:34Z,2025-10-22T10:59:34Z,No
['GEM/2025/B/6864191'],"Nitric acid-69 Percentage Suprapure Trace element grade 20litre,2- Nitrobenzaldehyde 2 NBA 50gram,M",[6],Ministry of Commerce and Industry Department of Commerce,2025-11-07T11:16:22Z,2025-11-07T11:16:22Z,No
['GEM/2025/B/6862284'],Custom Bid for Services - ----,[1],School Education Department Andhra Pradesh,2025-11-07T11:29:35Z,2025-11-07T11:29:35Z,No
['GEM/2025/B/6810271'],LH WELDING ELECTRODES FOR 10 X SND STEEL 4.0MM DIA,[1000],Ministry of Defence Department of Military Affairs,2025-11-07T11:24:17Z,2025-11-07T11:24:17Z,No
['GEM/2025/B/6794047'],Digital Mass Flow Meter,[1],PMO Department of space,2025-10-17T11:49:51Z,2025-10-17T11:49:51Z,No
['GEM/2025/B/6864638'],"110Amps 3 Pole Power connector AC3for EOT Cranes (Details as per Buyer specification document),170 ",[14],Ministry of Heavy Industries and Public Enterprises Department of Heavy Industry,2025-11-07T12:08:25Z,2025-11-07T12:08:25Z,No
['GEM/2025/B/6864088'],"Design & supply of mixers for Bitumen Tank,Supervision - Erection & Commissioning of mixers",[24],Ministry of Petroleum and Natural Gas NA,2025-11-07T12:14:41Z,2025-11-07T12:14:41Z,No
['GEM/2025/B/6861454'],Event or Seminar or Workshop or Exhibition or Expo Management Service - National; HIRING OF LOGISTI,[1],Ministry of Defence Department of Defence Production,2025-11-07T12:05:28Z,2025-11-07T12:05:28Z,No
['GEM/2025/B/6864340'],Entry and Mid Level Desktop Computer,[15],Higher and Technical Education Department Puducherry,2025-11-07T11:47:10Z,2025-11-07T11:47:10Z,No
['GEM/2025/B/6864165'],"Repair, Maintenance, and Installation of Plant/ Systems/Equipments (Version 2) - Office Space; Furn",[1],Ministry of Defence Department of Defence,2025-11-07T11:47:20Z,2025-11-07T11:47:20Z,No
['GEM/2025/B/6863943'],Liquid Carbon Di oxide,[6500000],PMO Department of Atomic Energy,2025-11-07T11:58:50Z,2025-11-07T11:58:50Z,No
['GEM/2025/B/6774641'],Office Suite Software (V3),[50],Department of Space Department of Space,2025-11-07T11:47:16Z,2025-11-07T11:47:16Z,No
['GEM/2025/B/6705849'],Lithotomy Power Stirrups,[2],Ministry of Health and Family Welfare Department of Health and Family Welfare,2025-10-17T10:58:52Z,2025-10-17T10:58:52Z,No
['GEM/2025/B/6444897'],FULLY AUTOMATED COAGULATION ANALYZER,[1],Ministry of Defence Department of Military Affairs,2025-09-04T09:35:02Z,2025-09-04T09:35:02Z,No
['GEM/2025/B/6860066'],Industrial Safety Helmet (V3) ISI marked to IS 2925,[200],Ministry of Railways Indian Railways,2025-11-07T12:17:18Z,2025-11-07T12:17:18Z,No
['GEM/2025/B/6864088'],"Design & supply of mixers for Bitumen Tank,Supervision - Erection & Commissioning of mixers",[24],Ministry of Petroleum and Natural Gas NA,2025-11-07T12:14:41Z,2025-11-07T12:14:41Z,No
['GEM/2025/B/6861454'],Event or Seminar or Workshop or Exhibition or Expo Management Service - National; HIRING OF LOGISTI,[1],Ministry of Defence Department of Defence Production,2025-11-07T12:05:28Z,2025-11-07T12:05:28Z,No
['GEM/2025/B/6864340'],Entry and Mid Level Desktop Computer,[15],Higher and Technical Education Department Puducherry,2025-11-07T11:47:10Z,2025-11-07T11:47:10Z,No
['GEM/2025/B/6864165'],"Repair, Maintenance, and Installation of Plant/ Systems/Equipments (Version 2) - Office Space; Furn",[1],Ministry of Defence Department of Defence,2025-11-07T11:47:20Z,2025-11-07T11:47:20Z,No
['GEM/2025/B/6863943'],Liquid Carbon Di oxide,[6500000],PMO Department of Atomic Energy,2025-11-07T11:58:50Z,2025-11-07T11:58:50Z,No
['GEM/2025/B/6774641'],Office Suite Software (V3),[50],Department of Space Department of Space,2025-11-07T11:47:16Z,2025-11-07T11:47:16Z,No
['GEM/2025/B/6705849'],Lithotomy Power Stirrups,[2],Ministry of Health and Family Welfare Department of Health and Family Welfare,2025-10-17T10:58:52Z,2025-10-17T10:58:52Z,No
['GEM/2025/B/6444897'],FULLY AUTOMATED COAGULATION ANALYZER,[1],Ministry of Defence Department of Military Affairs,2025-09-04T09:35:02Z,2025-09-04T09:35:02Z,No
['GEM/2025/B/6860066'],Industrial Safety Helmet (V3) ISI marked to IS 2925,[200],Ministry of Railways Indian Railways,2025-11-07T12:17:18Z,2025-11-07T12:17:18Z,No
['GEM/2025/B/6835359'],High Visibility Warning Clothes (V3),[1626],Ministry of Railways Indian Railways,2025-11-07T12:22:52Z,2025-11-07T12:22:52Z,No
['GEM/2025/B/6705849'],Lithotomy Power Stirrups,[2],Ministry of Health and Family Welfare Department of Health and Family Welfare,2025-10-17T10:58:52Z,2025-10-17T10:58:52Z,No
['GEM/2025/B/6444897'],FULLY AUTOMATED COAGULATION ANALYZER,[1],Ministry of Defence Department of Military Affairs,2025-09-04T09:35:02Z,2025-09-04T09:35:02Z,No
['GEM/2025/B/6860066'],Industrial Safety Helmet (V3) ISI marked to IS 2925,[200],Ministry of Railways Indian Railways,2025-11-07T12:17:18Z,2025-11-07T12:17:18Z,No
['GEM/2025/B/6835359'],High Visibility Warning Clothes (V3),[1626],Ministry of Railways Indian Railways,2025-11-07T12:22:52Z,2025-11-07T12:22:52Z,No
['GEM/2025/B/6820709'],"PB BUSHES FOR EOT 40T LT&CT (Details as per buyer specification document),PB BUSHES FOR EOT 60T LT ",[36],Ministry of Heavy Industries and Public Enterprises Department of Heavy Industry,2025-10-24T14:23:49Z,2025-10-24T14:23:49Z,No
['GEM/2025/B/6792157'],2 TYPES OF CLAMPS,[42],Ministry of Defence Department of Defence Production,2025-10-15T11:26:59Z,2025-10-15T11:26:59Z,No
['GEM/2025/B/6864441'],Paper-based Printing Services - Printing with Material; Coffee Table Books; Offset,[100],Ministry of External Affairs NA,2025-11-07T12:32:50Z,2025-11-07T12:32:50Z,No
['GEM/2025/B/6810142'],"990770039252,990770034836,990770034933,990770035027,990770035221,M78950603689,990670123529,M7895060",[77],Ministry of Defence Department of Defence Production,2025-10-21T11:57:13Z,2025-10-21T11:57:13Z,No
['GEM/2025/B/6861993'],"Work of Studio, Control, Waiting, Editing, Green Room,Integration Material, SITC, Project Support s",[5],Ministry of Education Department of Higher Education,2025-11-07T12:54:00Z,2025-11-07T12:54:00Z,No
['GEM/2025/B/6857685'],Portable Single Operated Rectifier Type DC Arc Welding Set Suitable for Manual Arc Welding Process ,[15],Ministry of Railways Indian Railways,2025-11-07T12:56:51Z,2025-11-07T12:56:51Z,No
['GEM/2025/B/6860141'],"154804500003, DISC PACK, 4, CPLNG, FLNDR, ARN06MCECM2516,154804500004, FASTENER SET, 91, CPLNG, ARN",[5],Ministry of Petroleum and Natural Gas NA,2025-11-07T16:05:17Z,2025-11-07T16:05:17Z,No
['GEM/2025/B/6848154'],Custom Bid for Services - Hiring of services for deputation of 80 in nos of officers for adventure ,[1],Ministry of Defence Department of Military Affairs,2025-11-07T16:03:19Z,2025-11-07T16:03:19Z,No
['GEM/2025/B/6792157'],2 TYPES OF CLAMPS,[42],Ministry of Defence Department of Defence Production,2025-10-15T11:26:59Z,2025-10-15T11:26:59Z,No
['GEM/2025/B/6864441'],Paper-based Printing Services - Printing with Material; Coffee Table Books; Offset,[100],Ministry of External Affairs NA,2025-11-07T12:32:50Z,2025-11-07T12:32:50Z,No
['GEM/2025/B/6810142'],"990770039252,990770034836,990770034933,990770035027,990770035221,M78950603689,990670123529,M7895060",[77],Ministry of Defence Department of Defence Production,2025-10-21T11:57:13Z,2025-10-21T11:57:13Z,No
['GEM/2025/B/6861993'],"Work of Studio, Control, Waiting, Editing, Green Room,Integration Material, SITC, Project Support s",[5],Ministry of Education Department of Higher Education,2025-11-07T12:54:00Z,2025-11-07T12:54:00Z,No
['GEM/2025/B/6857685'],Portable Single Operated Rectifier Type DC Arc Welding Set Suitable for Manual Arc Welding Process ,[15],Ministry of Railways Indian Railways,2025-11-07T12:56:51Z,2025-11-07T12:56:51Z,No
['GEM/2025/B/6853318'],XLPE Cable for Working Voltages up to and Including 1.1 KV as per IS 7098 (Part 1),[8250],Ministry of Railways Indian Railways,2025-11-07T12:59:41Z,2025-11-07T12:59:41Z,No
['GEM/2025/B/6843721'],XLPE Cable for Working Voltages up to and Including 1.1 KV as per IS 7098 (Part 1),[1000],Ministry of Railways Indian Railways,2025-11-07T12:58:11Z,2025-11-07T12:58:11Z,No
['GEM/2025/B/6843115'],LED Luminaire for Floodlight (V2) Conforming to IS 10322 (Part 5/Section 5),[120],Ministry of Railways Indian Railways,2025-11-07T12:51:08Z,2025-11-07T12:51:08Z,No
['GEM/2025/B/6865198'],Monthly Basis Cab & Taxi Hiring Services - SUV; 2000 km x 320 hours; Outstation 24*7,[1],Ministry of Jal Shakti Department of Water Resources River Development and Ganga Rejuvenation,2025-11-07T13:51:17Z,2025-11-07T13:51:17Z,No
['GEM/2025/B/6866154'],"Jungle Cutting Knifes,Jungle Knifes,Axe With handle,Manila Rope 30 Mtrs,Coconut Brooms,Coconut Stic",[25],Ministry of Culture NA,2025-11-07T15:30:48Z,2025-11-07T15:30:48Z,No
['GEM/2025/B/6866103'],"VZ9700002128,VZ9700002136,VZ9700002144,VZ9700002152,VZ9700002160",[38],Ministry of Heavy Industries and Public Enterprises Department of Heavy Industry,2025-11-07T15:34:17Z,2025-11-07T15:34:17Z,No
['GEM/2025/B/6862325'],"CAP.PANCRELIPASE DELAYED RELEASE25000 USP,INJ TORSEMIDE 2ML,INJ FRUSEMIDE 2ML,TAB.FRUSEMIDE 20 PLUS",[6619382],"Ministry of Ports, Shipping and Waterways NA",2025-11-07T15:43:07Z,2025-11-07T15:43:07Z,No
['GEM/2025/B/6860658'],"10,20,30,40,50,60,70,80,90,100,110,120,130,140,150,160,170,180,190,200,210,220,230,240,250,260,270,",[397],Ministry of Petroleum and Natural Gas NA,2025-11-07T15:31:30Z,2025-11-07T15:31:30Z,No
['GEM/2025/B/6831244'],Hiring of Helicopter Service - Charter; With AC; Standard,[1],Ministry of Petroleum and Natural Gas OIL INDIA Limited,2025-10-28T13:15:59Z,2025-10-28T13:15:59Z,No
['GEM/2025/B/6831027'],"Desktop Computers with OS,136 col Dot Matrix printer,Passbook Printer,80 Col Dot Matrix Printer,Gat",[24],Ministry of Finance Department of Financial Services,2025-10-28T13:16:46Z,2025-10-28T13:16:46Z,No
['GEM/2025/B/6801569'],ELECTRIC SCOOTER( 2 WHEELER),[2],Ministry of Defence Department of Defence Production,2025-10-17T11:06:10Z,2025-10-17T11:06:10Z,No
['GEM/2025/B/6760321'],"1 - M9245350804N - 100261384,2 - Installation, Commissioning & Testing",[8],Ministry of Power NA,2025-10-14T12:36:50Z,2025-10-14T12:36:50Z,No
['GEM/2025/B/6655808'],Repair and Overhauling Service - CAMC FOR ADVANCED VERY LOW FREQUENCY (AVLF) DEMODULATOR AND CHILD ,[1],Ministry of Defence Department of Military Affairs,2025-10-18T16:23:29Z,2025-10-18T16:23:29Z,No
['GEM/2025/B/6860141'],"154804500003, DISC PACK, 4, CPLNG, FLNDR, ARN06MCECM2516,154804500004, FASTENER SET, 91, CPLNG, ARN",[5],Ministry of Petroleum and Natural Gas NA,2025-11-07T16:05:17Z,2025-11-07T16:05:17Z,No
['GEM/2025/B/6848154'],Custom Bid for Services - Hiring of services for deputation of 80 in nos of officers for adventure ,[1],Ministry of Defence Department of Military Affairs,2025-11-07T16:03:19Z,2025-11-07T16:03:19Z,No
['GEM/2025/B/6864207'],Monthly Basis Cab & Taxi Hiring Services - MUV; Hiring of 02 Numbers Non AC Base Model MUV pickup v,[2],Ministry of Railways Indian Railways,2025-11-07T15:49:59Z,2025-11-07T15:49:59Z,No
['GEM/2025/B/6864048'],"Stranded Aluminium conductor, extruded XLPE insulation, extruded PVC inner sheath-3C x 16 Sq. mm,St",[2900],Ministry of Mines Materials,2025-11-07T15:54:23Z,2025-11-07T15:54:23Z,No
['GEM/2025/B/6866683'],Safes (V3) ISI Marked to IS 550,[1],Ministry of Finance Department of Financial Services,2025-11-07T16:27:15Z,2025-11-07T16:27:15Z,No
['GEM/2025/B/6866667'],SYNTHETIC ENAMEL PAINTING IN TWO COATS AND MS CHAIN LINK MESH,[1],Ministry of Culture NA,2025-11-07T16:25:04Z,2025-11-07T16:25:04Z,No
['GEM/2025/B/6851292'],"Electronic circuit cleaner,Multifunctional fluid spray,Tachometer digital,Torch light,600V TESTERS,",[115],Ministry of Defence Department of Defence Research & Development,2025-11-07T16:24:43Z,2025-11-07T16:24:43Z,No
['GEM/2025/B/6845213'],"SRCG CABLE WITH WNH1 WITH PART NO RQI1702079,SRCG CABLE WNH 3 WITH PART NO RQI1702080",[450],Ministry of Defence Department of Military Affairs,2025-11-07T14:35:26Z,2025-11-07T14:35:26Z,No
['GEM/2025/B/6821133'],Manpower Outsourcing Services - Minimum wage - Semi-skilled; High School; Others,[1],Ministry of Defence Department of Defence,2025-11-07T14:43:29Z,2025-11-07T14:43:29Z,No
['GEM/2025/B/6865904'],"Coconut Booms,Hand Gloves,Wire Brushes,Plastic buckets,Plastic Mugs,Coconut Pedals,Stick Brooms,Rec",[79],Ministry of Culture NA,2025-11-07T14:55:21Z,2025-11-07T14:55:21Z,No
['GEM/2025/B/6860658'],"10,20,30,40,50,60,70,80,90,100,110,120,130,140,150,160,170,180,190,200,210,220,230,240,250,260,270,",[397],Ministry of Petroleum and Natural Gas NA,2025-11-07T15:31:30Z,2025-11-07T15:31:30Z,No
['GEM/2025/B/6831244'],Hiring of Helicopter Service - Charter; With AC; Standard,[1],Ministry of Petroleum and Natural Gas OIL INDIA Limited,2025-10-28T13:15:59Z,2025-10-28T13:15:59Z,No
['GEM/2025/B/6831027'],"Desktop Computers with OS,136 col Dot Matrix printer,Passbook Printer,80 Col Dot Matrix Printer,Gat",[24],Ministry of Finance Department of Financial Services,2025-10-28T13:16:46Z,2025-10-28T13:16:46Z,No
['GEM/2025/B/6801569'],ELECTRIC SCOOTER( 2 WHEELER),[2],Ministry of Defence Department of Defence Production,2025-10-17T11:06:10Z,2025-10-17T11:06:10Z,No
['GEM/2025/B/6760321'],"1 - M9245350804N - 100261384,2 - Installation, Commissioning & Testing",[8],Ministry of Power NA,2025-10-14T12:36:50Z,2025-10-14T12:36:50Z,No
['GEM/2025/B/6655808'],Repair and Overhauling Service - CAMC FOR ADVANCED VERY LOW FREQUENCY (AVLF) DEMODULATOR AND CHILD ,[1],Ministry of Defence Department of Military Affairs,2025-10-18T16:23:29Z,2025-10-18T16:23:29Z,No
['GEM/2025/B/6860141'],"154804500003, DISC PACK, 4, CPLNG, FLNDR, ARN06MCECM2516,154804500004, FASTENER SET, 91, CPLNG, ARN",[5],Ministry of Petroleum and Natural Gas NA,2025-11-07T16:05:17Z,2025-11-07T16:05:17Z,No
['GEM/2025/B/6848154'],Custom Bid for Services - Hiring of services for deputation of 80 in nos of officers for adventure ,[1],Ministry of Defence Department of Military Affairs,2025-11-07T16:03:19Z,2025-11-07T16:03:19Z,No
['GEM/2025/B/6866683'],Safes (V3) ISI Marked to IS 550,[1],Ministry of Finance Department of Financial Services,2025-11-07T16:27:15Z,2025-11-07T16:27:15Z,No
['GEM/2025/B/6866667'],SYNTHETIC ENAMEL PAINTING IN TWO COATS AND MS CHAIN LINK MESH,[1],Ministry of Culture NA,2025-11-07T16:25:04Z,2025-11-07T16:25:04Z,No
['GEM/2025/B/6851292'],"Electronic circuit cleaner,Multifunctional fluid spray,Tachometer digital,Torch light,600V TESTERS,",[115],Ministry of Defence Department of Defence Research & Development,2025-11-07T16:24:43Z,2025-11-07T16:24:43Z,No
['GEM/2025/B/6866859'],REMOVING OF GRASS VEGETATION CUTTING,[1],Ministry of Culture NA,2025-11-07T16:43:19Z,2025-11-07T16:43:19Z,No
['GEM/2025/B/6866833'],Safes (V3) ISI Marked to IS 550,[1],Ministry of Finance Department of Financial Services,2025-11-07T16:41:22Z,2025-11-07T16:41:22Z,No
['GEM/2025/B/6866794'],SUPPLY AND INSTALLATION SOLAR STREET LIGHTS,[5],Ministry of Culture NA,2025-11-07T16:34:56Z,2025-11-07T16:34:56Z,No
['GEM/2025/B/6866763'],Safes (V3) ISI Marked to IS 550,[7],Ministry of Finance Department of Financial Services,2025-11-07T16:42:01Z,2025-11-07T16:42:01Z,No
['GEM/2025/B/6866406'],Safes (V3) ISI Marked to IS 550,[1],Ministry of Finance Department of Financial Services,2025-11-07T16:31:29Z,2025-11-07T16:31:29Z,No
['GEM/2025/B/6842404'],"Umbilical connector less, unified wireless power and data transfer system",[1],Ministry of Defence Department of Defence Research & Development,2025-11-07T16:41:11Z,2025-11-07T16:41:11Z,No
['GEM/2025/B/6838494'],Custom Bid for Services - HIRING OF SERVICES OF 01 QRT VEHICLE FOR PERIOD OF 03 YEARS,[1],Ministry of Defence Department of Military Affairs,2025-11-07T16:42:46Z,2025-11-07T16:42:46Z,No
['GEM/2025/B/6782120'],Repair and Overhauling Service - REPAIR OF VXP CARRY ON KIT; NA; Yes; Buyer Premises,[1],Ministry of Defence Department of Military Affairs,2025-11-07T16:38:24Z,2025-11-07T16:38:24Z,No
['GEM/2025/B/6866927'],BRICK MASONARY WORK FOR CONSTRUCTING COMPOUND WALL,[1],Ministry of Culture NA,2025-11-07T16:50:33Z,2025-11-07T16:50:33Z,No
['GEM/2025/B/6842404'],"Umbilical connector less, unified wireless power and data transfer system",[1],Ministry of Defence Department of Defence Research & Development,2025-11-07T16:41:11Z,2025-11-07T16:41:11Z,No
['GEM/2025/B/6838494'],Custom Bid for Services - HIRING OF SERVICES OF 01 QRT VEHICLE FOR PERIOD OF 03 YEARS,[1],Ministry of Defence Department of Military Affairs,2025-11-07T16:42:46Z,2025-11-07T16:42:46Z,No
['GEM/2025/B/6782120'],Repair and Overhauling Service - REPAIR OF VXP CARRY ON KIT; NA; Yes; Buyer Premises,[1],Ministry of Defence Department of Military Affairs,2025-11-07T16:38:24Z,2025-11-07T16:38:24Z,No
['GEM/2025/B/6866927'],BRICK MASONARY WORK FOR CONSTRUCTING COMPOUND WALL,[1],Ministry of Culture NA,2025-11-07T16:50:33Z,2025-11-07T16:50:33Z,No
['GEM/2025/B/6866782'],Second Hand Empty Gunny Bags(V2),[4000],Ministry of Consumer Affairs Food and Public Distribution Department of Food and Public Distribution,2025-11-07T16:57:27Z,2025-11-07T16:57:27Z,No
['GEM/2025/B/6866734'],Bulk Current Injection Probe for CS114 Test,[1],Ministry of Electronics and Information Technology Department of Electronics and Information Technology,2025-11-07T16:46:53Z,2025-11-07T16:46:53Z,No
['GEM/2025/B/6842790'],PROCUREMENT OF 07 IN NUMBERS PORTABLE SECURITY POSTS,[7],Ministry of Defence Department of Military Affairs,2025-11-07T16:46:45Z,2025-11-07T16:46:45Z,No
['GEM/2025/B/6867039'],GAS TRAIN,[1],Ministry of Defence Department of Defence Production,2025-11-07T17:04:10Z,2025-11-07T17:04:10Z,No
['GEM/2025/B/6866979'],"1 - 156153570000 - SW 90DEG ELBOW 20NB 3000 SA105 LR - as per unpriced bid,2 - 156152950000 - CS 90",[1637],Ministry of Heavy Industries and Public Enterprises Department of Heavy Industry,2025-11-07T17:08:22Z,2025-11-07T17:08:22Z,No
['GEM/2025/B/6740562'],EXPENDITURE TOWARDS CONDUCT OF 30TH SPECIAL MTD (SMTD) COURSE AT INS KALINGA,[1],Ministry of Defence Department of Military Affairs,2025-11-07T17:09:00Z,2025-11-07T17:09:00Z,No
['GEM/2025/B/6860792'],"All in One PC (V2),All in One PC (V2)",[54],Ministry of Railways Indian Railways,2025-11-07T17:42:04Z,2025-11-07T17:42:04Z,No
['GEM/2025/B/6846934'],"BATTERY BANK, 2 V, 200 Ah,BATTERY BANK, 220V DC, 2V CELL, 100AH, UPS",[2],Ministry of Steel Rashtriya Ispat Nigam Limited,2025-11-07T17:33:53Z,2025-11-07T17:33:53Z,No
['GEM/2025/B/6776288'],Custom Bid for Services - REPAIR/ REFURBISHMENT OF BRAHMOS PORTABLE CHECKOUT SYSTEM TRANSPORT AND S,[1],Ministry of Defence Department of Military Affairs,2025-11-07T17:36:45Z,2025-11-07T17:36:45Z,No
['GEM/2025/B/6867272'],Monthly Basis Cab & Taxi Hiring Services - Premium Sedan; 2500 km x 320 hours; Local 24*7,[1],Ministry of Finance Department of Revenue,2025-11-07T17:50:55Z,2025-11-07T17:50:55Z,No
['GEM/2025/B/6858451'],Monthly Basis Cab & Taxi Hiring Services - Sedan; 2000 km x 320 hours; Local 24*7,[4],Ministry of Defence Department of Military Affairs,2025-11-07T17:56:51Z,2025-11-07T17:56:51Z,No
['GEM/2025/B/6843304'],LED Garden Light (V2),[1000],Ministry of Railways Indian Railways,2025-11-07T17:58:01Z,2025-11-07T17:58:01Z,No
['GEM/2025/B/6841216'],"Distribution Transformer, 3 Phase, 11 kV > 200 KVA up to and Including 2500 KVA",[2],Ministry of Railways Indian Railways,2025-11-07T17:56:39Z,2025-11-07T17:56:39Z,No
['GEM/2025/B/6811034'],Corrosion Inhibitor Injection System,[1],Ministry of Petroleum and Natural Gas INDIAN OIL CORPORATION LIMITED,2025-10-23T17:21:17Z,2025-10-23T17:21:17Z,No
['GEM/2025/B/6858056'],Door Frame Metal Detector,[5],Ministry of Railways Indian Railways,2025-11-07T18:00:17Z,2025-11-07T18:00:17Z,No
['GEM/2025/B/6856741'],X ray baggage inspection system as per MHA QR (V3),[1],Ministry of Railways Indian Railways,2025-11-07T18:03:41Z,2025-11-07T18:03:41Z,No
['GEM/2025/B/6841216'],"Distribution Transformer, 3 Phase, 11 kV > 200 KVA up to and Including 2500 KVA",[2],Ministry of Railways Indian Railways,2025-11-07T17:56:39Z,2025-11-07T17:56:39Z,No
['GEM/2025/B/6811034'],Corrosion Inhibitor Injection System,[1],Ministry of Petroleum and Natural Gas INDIAN OIL CORPORATION LIMITED,2025-10-23T17:21:17Z,2025-10-23T17:21:17Z,No
['GEM/2025/B/6867782'],"VZ9700001245_SADC ACTUATOR FOR WINDBOX_4inch X4inch_Unit1,VZ9700001245_SADC ACTUATOR FOR WINDBOX_4i",[121],Ministry of Heavy Industries and Public Enterprises Department of Heavy Industry,2025-11-07T19:34:57Z,2025-11-07T19:34:57Z,No
['GEM/2025/B/6867257'],Coke - Blast Furnace (RINL) (In Metric tonne),[30000],Ministry of Steel Rashtriya Ispat Nigam Limited,2025-11-07T19:34:51Z,2025-11-07T19:34:51Z,No
['GEM/2025/B/6857002'],Coke - Blast Furnace (RINL) (In Metric tonne),[60000],Ministry of Steel Rashtriya Ispat Nigam Limited,2025-11-04T20:04:45Z,2025-11-04T20:04:45Z,No
['GEM/2025/B/6661503'],Event or Seminar or Workshop or Exhibition or Expo Management Service - National; Launch Event; Ven,[1],Ministry of Defence Department of Defence,2025-11-07T21:48:04Z,2025-11-07T21:48:04Z,No
['GEM/2025/B/6856661'],Safes (V3) ISI Marked to IS 550,[1],Ministry of Finance Department of Financial Services,2025-11-04T18:28:27Z,2025-11-04T18:28:27Z,No
['GEM/2025/B/6832090'],Custom Bid for Services - ENGAGING NABET / QCI ACCREDITED AGENCY,[1],Ministry of Defence Department of Defence Production,2025-10-28T15:57:48Z,2025-10-28T15:57:48Z,No
['GEM/2025/B/6804605'],"Electric Two Wheeler - Motorcycle, Scooter and Moped",[1],Ministry of Defence Department of Military Affairs,2025-10-17T17:04:59Z,2025-10-17T17:04:59Z,No
['GEM/2025/B/6804067'],Portable Fire Extinguishers (V2) ISI Marked to IS 15683,[20],Ministry of Railways Indian Railways,2025-10-27T16:24:58Z,2025-10-27T16:24:58Z,No
['GEM/2025/B/6789904'],PR 20041353 FOR HDPE BAG,[800],Ministry of Steel Rashtriya Ispat Nigam Limited,2025-10-17T18:05:12Z,2025-10-17T18:05:12Z,No
['GEM/2025/B/6661503'],Event or Seminar or Workshop or Exhibition or Expo Management Service - National; Launch Event; Ven,[1],Ministry of Defence Department of Defence,2025-11-07T21:48:04Z,2025-11-07T21:48:04Z,No
