Bid No,Items,Quantity,Department Name And Address,Start Date,End Date,RA available
GEM/2025/B/6664201,Revamping of 20MT Triple Tube Draw-bench as per specification,1,PMO Department of Atomic Energy,2025-10-07T14:03:48Z,2025-10-07T14:03:48Z,No
GEM/2025/B/6749741,"Design, prep. of. dwgs, mfg, insp. , testing, packing, safe del, E&C etc of 4 station vertical honi",1,PMO Department of Atomic Energy,2025-10-09T16:13:03Z,2025-10-09T16:13:03Z,No
GEM/2025/B/6706720,141mm dia Alloy 800 Forged & Machined Billets detailed as per technical specifications attached,500,PMO Department of Atomic Energy,2025-10-10T14:50:05Z,2025-10-10T14:50:05Z,No
GEM/2025/B/6773960,Thermal Cycling Furnace,1,Ministry of Defence Department of Defence Research & Development,2025-10-10T19:36:55Z,2025-10-10T19:36:55Z,No
GEM/2025/B/6775066,"ES51-010-00540,ES51-010-00541,ES51-010-00280,ES51-010-00281,ES51-010-00617,ES51-009-00293,ES51-009-",202,Ministry of Defence Department of Defence Production,2025-10-14T15:34:18Z,2025-10-14T15:34:18Z,No
GEM/2025/B/6801148,650 DIA CRUCIBLE WITH GUIDE TUBE AND OTHER ACCESSORIES,1,Ministry of Defence Department of Defence Production,2025-10-17T11:49:12Z,2025-10-17T11:49:12Z,No
GEM/2025/B/6662010,"Proto Type Battery Module,Battery Charger Mark -I (QT Unit),40kW Dc-AC Converter (Inverter) Mark-I ",30,Ministry of Defence Department of Defence Research & Development,2025-10-17T11:16:21Z,2025-10-17T11:16:21Z,No
GEM/2025/B/6774284,Supply of a set of ICP standard solutions as per the annexure-1,1,PMO Department of Atomic Energy,2025-10-17T11:57:49Z,2025-10-17T11:57:49Z,No
GEM/2025/B/6742893,"Cobalt (II) nitrate hexahydrate,Aluminium nitrate,Ammonium carbonate,PH buffer solution,Buffer Solu",194,Ministry of Defence Department of Defence Research & Development,2025-10-13T16:58:43Z,2025-10-13T16:58:43Z,No
GEM/2025/B/6677600,"Folding Mirror-2(FM-2) (With mount assembly),Folding Mirror-1(FM-1) (With mount assembly),Dichroic ",22,Ministry of Defence Department of Defence Research & Development,2025-10-15T17:00:12Z,2025-10-15T17:00:12Z,No
GEM/2025/B/6811910,"48 PORT TOR Switch,Indoor Wireless Access Point,High-Performance GPU Compute Server,48 GB AR VR AI ",59,Ministry of Education Department of Higher Education,2025-10-21T19:38:16Z,2025-10-21T19:38:16Z,No
GEM/2025/B/6811749,"Custom Bid for Services - Man power requirement,Custom Bid for Services - Washing, Drying and Ironi",7,Ministry of Railways Indian Railways,2025-10-22T13:28:24Z,2025-10-22T13:28:24Z,No
GEM/2025/B/6811411,"GMP(TM) HIGH PERFORMANCE PIEZOCOMPOSITE NON CONTACT ULTRASONIC TRANSDUCER: NCG30-D25,GMP(TM) HIGH P",6,Ministry of Defence Department of Defence Research & Development,2025-10-23T12:21:29Z,2025-10-23T12:21:29Z,No
GEM/2025/B/6811196,Operation and  Maintenance Services of Power Generator(DG-Set) - Package 1 - O&M Service with opera,1,Ministry of Steel NMDC Limited,2025-10-21T16:07:59Z,2025-10-21T16:07:59Z,No
GEM/2025/B/6809774,Procurement of Fabrication and Supply of Protection Shield,3,Ministry of Defence Department of Defence Production,2025-10-22T11:05:25Z,2025-10-22T11:05:25Z,No
GEM/2025/B/6809717,Radar EMI field measurement,1,Ministry of Defence Department of Defence Research & Development,2025-10-22T11:23:48Z,2025-10-22T11:23:48Z,No
GEM/2025/B/6806287,"Vertical Mounted Jockey Pump,Control Panel with VFD Drive,Charges for Commissioning of the pump",3,Ministry of Defence Department of Defence Production,2025-10-18T11:08:43Z,2025-10-18T11:08:43Z,No
GEM/2025/B/6806168,Custom Bid for Services - Conversion of 350 tons of metallic MS scrap into ingots or billets using ,1,PMO Department of Atomic Energy,2025-10-18T11:17:31Z,2025-10-18T11:17:31Z,No
GEM/2025/B/6805992,Ustekinumab injection- 90 mg/ml prefilled syringe,9,Ministry of Labour and Employment Employees State Insuarnce Corporation,2025-10-23T15:17:31Z,2025-10-23T15:17:31Z,No
GEM/2025/B/6804043,Mineral Jig Laboratory Model for processing of ores,1,PMO Department of Atomic Energy,2025-10-21T11:50:12Z,2025-10-21T11:50:12Z,No
GEM/2025/B/6802284,RENEWAL OF JMIX ENTERPRISE SINGLE USER SUBSCRIPTION LICENSE FOR 3 YEARS.,1,Ministry of Defence Department of Defence Research & Development,2025-10-21T17:14:21Z,2025-10-21T17:14:21Z,No
GEM/2025/B/6801533,2.4 TB 10K RPM SAS 12 GBPS 512E 2.5 INCH HOT-PLUG DRIVE FOR SERVER,12,Ministry of Defence Department of Defence Research & Development,2025-10-21T17:44:18Z,2025-10-21T17:44:18Z,No
GEM/2025/B/6801446,"1 Supply of consumables for water purification system,2 Supply of consumables for water purificatio",15,PMO Department of Atomic Energy,2025-10-21T14:16:11Z,2025-10-21T14:16:11Z,No
GEM/2025/B/6801020,4 Microphone with Speaker and PTZ Function VC Camera,1,Department of Space Department of Space,2025-10-21T10:23:09Z,2025-10-21T10:23:09Z,No
GEM/2025/B/6799387,"Rack for Storage and Retrieval of tubes and rods, as per attached specifications and drawing",3,PMO Department of Atomic Energy,2025-10-18T15:16:33Z,2025-10-18T15:16:33Z,No
GEM/2025/B/6799074,carbon filter and cartridge filter system,1,PMO Department of Atomic Energy,2025-10-23T09:17:06Z,2025-10-23T09:17:06Z,No
GEM/2025/B/6644065,"Drona Ball Drone Soccer ball,Drona Ball Batteries,Battery Charger,Spare and Tool Kit,Battlefield Ar",300,Ministry of Defence Department of Military Affairs,2025-10-22T14:47:11Z,2025-10-22T14:47:11Z,No
GEM/2025/B/6642723,"BNi2 Powder,BNi2 Foil,BNi5a Foil,BNi9 Foil,BNi9 Powder,BNi10 Powder,D 15 foil,D 15 Powder,DF 3F foi",315,Ministry of Defence Department of Defence Research & Development,2025-10-22T19:01:58Z,2025-10-22T19:01:58Z,No
GEM/2025/B/6632481,High Purity (99.97% ) Molybdenum Plates (25mm T x 150mm W x 650mm L),4,Ministry of Defence Department of Defence Research & Development,2025-10-22T19:08:43Z,2025-10-22T19:08:43Z,No
GEM/2025/B/6793810,Multi Angle Polarization Polarimeter,1,Department of Space Department of Space,2025-10-22T10:06:54Z,2025-10-22T10:06:54Z,No
GEM/2025/B/6793610,Sunphotometer and Ozonometer,1,Department of Space Department of Space,2025-10-22T10:20:58Z,2025-10-22T10:20:58Z,No
GEM/2025/B/6792508,Micro Aethalometer,1,Department of Space Department of Space,2025-10-22T10:11:38Z,2025-10-22T10:11:38Z,No
GEM/2025/B/6789333,Tri n-Octyl Phosphine Oxide as per Annexure,5000,PMO Department of Atomic Energy,2025-10-23T11:06:50Z,2025-10-23T11:06:50Z,No
GEM/2025/B/6787776,"Temperature Controller box for MFT5000 module (Part No: SPN008094),High temperature ball holder (Si",114,Ministry of Defence Department of Defence Research & Development,2025-10-22T16:26:04Z,2025-10-22T16:26:04Z,No
GEM/2025/B/6786911,15kW alkali heaters as per drawing.,20,PMO Department of Atomic Energy,2025-10-23T13:39:16Z,2025-10-23T13:39:16Z,No
GEM/2025/B/6786406,"Regulation manifold assembly,Solenoid Valve V114-5G NC,Solenoid Valve V114A-5G NC Leak Tested,HQ1 N",42,Ministry of Defence Department of Defence Research & Development,2025-10-22T19:14:47Z,2025-10-22T19:14:47Z,No
GEM/2025/B/6817052,"Design, Fabrication & Supply of Autoclave Dewaxing Boiler System,Erection and Commissioning of Auto",3,Ministry of Defence Department of Defence Production,2025-10-23T17:02:01Z,2025-10-23T17:02:01Z,No
GEM/2025/B/6816505,USB Flash Drive Duplicator,1,Ministry of Home Affairs Central Police Organisation,2025-10-23T17:20:27Z,2025-10-23T17:20:27Z,No
GEM/2025/B/6814307,"SECTION _I ASSY,SECTION_II A_F ASSY,SECTION_II PACKAGE_I,SECTION_II PACKAGE_II,SECTION_II PACKAGE_I",370,Ministry of Defence Department of Defence Production,2025-10-22T16:21:41Z,2025-10-22T16:21:41Z,No
GEM/2025/B/6813230,Custom Bid for Services - Wet-leasing of welding works on wagons and allied activities at Sanatnaga,4,Ministry of Railways Indian Railways,2025-10-22T12:47:09Z,2025-10-22T12:47:09Z,No
GEM/2025/B/6813114,"Split Air Conditioner Including Green AC, Wall Mount Type (V2)",2,Ministry of Health and Family Welfare Department of Health Research,2025-10-22T15:49:19Z,2025-10-22T15:49:19Z,No
GEM/2025/B/6812626,MULTI AXIS HIGH END CNC CONTROL UNIT FOR WINDING MACHINE,1,Ministry of Defence Department of Defence Research & Development,2025-10-22T14:42:29Z,2025-10-22T14:42:29Z,No
GEM/2025/B/6812363,Portable system for Gamma-ray spectrometric survey,2,PMO Department of Atomic Energy,2025-10-22T15:34:12Z,2025-10-22T15:34:12Z,No
GEM/2025/B/6823749,FERRO VANADIUM POWDER,4000,Ministry of Defence Department of Defence Production,2025-10-25T15:04:46Z,2025-10-25T15:04:46Z,No
GEM/2025/B/6780761,Supply of mountings and spares for Thermax make boiler as per the annexure,1,PMO Department of Atomic Energy,2025-10-24T13:45:50Z,2025-10-24T13:45:50Z,No
GEM/2025/B/6778243,"SiC Conventional Abrasive grinding belt roll of 100 mm width X 50 meter length Grit size 120,SiC Co",100,PMO Department of Atomic Energy,2025-10-25T09:23:22Z,2025-10-25T09:23:22Z,No
GEM/2025/B/6740414,Load Cell - 100kN,1,Ministry of Commerce and Industry Department for Promotion of Industry &amp; Internal Trade,2025-10-24T11:46:20Z,2025-10-24T11:46:20Z,No
GEM/2025/B/6739995,"Beam Director Mechanical Components,Integration of Beam Director with Beam Combining Module & align",10,Ministry of Defence Department of Defence Research & Development,2025-10-24T10:38:22Z,2025-10-24T10:38:22Z,No
GEM/2025/B/6814632,Event or Seminar or Workshop or Exhibition or Expo Management Service - National; Airshow; Conceptu,1,Ministry of Civil Aviation PAWAN HANS Limited,2025-10-24T12:31:40Z,2025-10-24T12:31:40Z,No
GEM/2025/B/6814368,Supply of weight indicator panel mount as per Annexure,2,PMO Department of Atomic Energy,2025-10-24T10:24:43Z,2025-10-24T10:24:43Z,No
GEM/2025/B/6803940,250 TB Unified Storage System with NVMe SSD,1,Department of Space Department of Space,2025-10-24T12:19:25Z,2025-10-24T12:19:25Z,No
GEM/2025/B/6803486,"250mm dia SiC papers with pressure sensitive adhesive (PSA) of 220 Grit,250mm dia SiC papers with p",1355,Ministry of Defence Department of Defence Research & Development,2025-10-24T16:24:29Z,2025-10-24T16:24:29Z,No
GEM/2025/B/6803399,Nitinol Wire of 1.2 mm diameter,500,Ministry of Defence Department of Defence Research & Development,2025-10-24T11:46:18Z,2025-10-24T11:46:18Z,No
GEM/2025/B/6803239,"UHP Grade Nitrogen gas, 99.999% Purity",5950,Ministry of Defence Department of Defence Research & Development,2025-10-24T16:02:24Z,2025-10-24T16:02:24Z,No
GEM/2025/B/6801053,SILICON CARBIDE HEATING ELEMENT,60,PMO Department of Atomic Energy,2025-10-24T10:21:13Z,2025-10-24T10:21:13Z,No
GEM/2025/B/6800270,Indigenisation of Geroscopic Stabilizer assembly of LRF TPDK-1 of Tk T-72,1,Ministry of Defence Department of Military Affairs,2025-10-24T14:49:32Z,2025-10-24T14:49:32Z,No
GEM/2025/B/6812990,HYDRAULIC DRUM LIFTER,6,PMO Department of Atomic Energy,2025-10-24T09:30:57Z,2025-10-24T09:30:57Z,No
GEM/2025/B/6812647,Reconditioning of Electrical Resistance Furnace,1,Ministry of Defence Department of Defence Research & Development,2025-10-23T17:14:39Z,2025-10-23T17:14:39Z,No
GEM/2025/B/6812592,"HIGHTENSILE PTFE YARN, INCORPANTIFRICTIONAL GRAPHITE DUPLEX BRAIDEDGLAND SUITABLE asper specificati",170,PMO Department of Atomic Energy,2025-10-24T09:40:13Z,2025-10-24T09:40:13Z,No
GEM/2025/B/6812371,WET AND DRY DUTY CLEANING INDUSTRIAL VACCUM CLEANER,3,PMO Department of Atomic Energy,2025-10-24T09:34:20Z,2025-10-24T09:34:20Z,No
GEM/2025/B/6811316,Custom Bid for Services - Machining of Dies,1,Ministry of Defence Department of Defence Research & Development,2025-10-24T18:34:00Z,2025-10-24T18:34:00Z,No
GEM/2025/B/6811088,DC Power Pack 36V-299AH ready for operation of material handling equipment,1,Ministry of Defence Department of Defence Research & Development,2025-10-23T18:04:09Z,2025-10-23T18:04:09Z,No
GEM/2025/B/6807584,POWER DISTRIBUTION PANEL,1,PMO Department of Atomic Energy,2025-10-24T10:09:33Z,2025-10-24T10:09:33Z,No
GEM/2025/B/6806004,Rs. 10 Bi-Metallic Coin Blanks,2322,Ministry of Finance Department of Economic Affairs,2025-10-24T09:55:24Z,2025-10-24T09:55:24Z,No
GEM/2025/B/6804943,Custom Bid for Services - Supply of Sand of grain size 850 425 micron for use in the locomotives du,2,Ministry of Railways Indian Railways,2025-10-23T18:42:49Z,2025-10-23T18:42:49Z,No
GEM/2025/B/6813140,Goods Transport Services - Per MT - Dangerous/Hazardous; Oil/Gas Tanker Truck; Heavy Tanker,320,PMO Department of Atomic Energy,2025-10-24T10:14:02Z,2025-10-24T10:14:02Z,No
GEM/2025/B/6816905,"Gel Pen Blue,Gel Pen Red,Gel Pen Black,Ball Pen Black,Ball Pen Blue,Sharpener,Pen Wauser Germany Bl",2314,Ministry of Defence Department of Military Affairs,2025-10-24T17:41:04Z,2025-10-24T17:41:04Z,No
GEM/2025/B/6761193,Handheld Card Counter,1,Ministry of Finance Department of Economic Affairs,2025-10-25T17:07:33Z,2025-10-25T17:07:33Z,No
GEM/2025/B/6794594,"24 Port Non-POE Managed Switch 4 UP Link Port,24 Port POE Managed Switch 4 UP Link Port,24 Port Loa",753,Ministry of Information and Broadcasting Ministry of Information and Broadcasting,2025-10-24T12:04:50Z,2025-10-24T12:04:50Z,No
GEM/2025/B/6765131,ANALYTICAL WEIGHING MACHINE,1,Ministry of Defence Department of Defence Production,2025-10-24T10:00:29Z,2025-10-24T10:00:29Z,No
GEM/2025/B/6776562,"AFB Stain kit,Reticuline Staining Kits,Massons Trichrome Staining Kits,Mucicarmine Staining kits,Go",5076,Ministry of Labour and Employment Employees State Insuarnce Corporation,2025-10-22T09:43:36Z,2025-10-22T09:43:36Z,No
GEM/2025/B/6775275,Hiring of Sanitation Service - Manpower Based Model - Sanitary Supervisor; 6; All Areas; All Areas;,85,Ministry of Labour and Employment Employees State Insuarnce Corporation,2025-10-23T11:56:23Z,2025-10-23T11:56:23Z,No
GEM/2025/B/6765327,Portable/ Handheld XRF Alloy Sorting Machine as per specification,1,PMO Department of Atomic Energy,2025-10-21T11:00:39Z,2025-10-21T11:00:39Z,No
GEM/2025/B/6763682,"Design, Manufacture,Testing, Supply, Erection, Installation, Commissioning and Performance Demonstr",108,PMO Department of Atomic Energy,2025-10-23T11:53:34Z,2025-10-23T11:53:34Z,No
GEM/2025/B/6762768,Deep freezer,2,Ministry of Finance Department of Economic Affairs,2025-10-21T16:36:09Z,2025-10-21T16:36:09Z,No
GEM/2025/B/6757607,BATTERY DRILL,2,Ministry of Labour and Employment Employees State Insuarnce Corporation,2025-10-21T11:26:37Z,2025-10-21T11:26:37Z,No
GEM/2025/B/6757006,Meanwell AC/DC modules RCP-1600-24,6,Ministry of Civil Aviation Airports Authority of India (AAI),2025-10-23T15:29:21Z,2025-10-23T15:29:21Z,No
GEM/2025/B/6755673,"Ursodeoxycholic Acid 450mg Tab,Tab Tacrolimus 2mg,Deflazacort 12mg Tab,Aneasthetic Antacid Gel Muca",988443,Ministry of Defence Department of Military Affairs,2025-10-21T10:39:10Z,2025-10-21T10:39:10Z,No
GEM/2025/B/6750788,"RH Gear shifter bar for 3T Voltas - OM - KION make Forklifts,LH Gear shifter bar for 3T Voltas - OM",5804,PMO Department of Atomic Energy,2025-10-18T10:58:13Z,2025-10-18T10:58:13Z,No
GEM/2025/B/6749728,Microsoft Office Home and business 2024 box,20,PMO Department of Atomic Energy,2025-10-21T10:54:27Z,2025-10-21T10:54:27Z,No
GEM/2025/B/6746518,RENAL BIOPSY GUN 18GX16CM,100,Ministry of Labour and Employment Employees State Insuarnce Corporation,2025-10-23T14:33:43Z,2025-10-23T14:33:43Z,No
GEM/2025/B/6735443,STANDARD DRY NITROGEN GAS AS PER IS: 1747 IN PALLETS DETAILS AS PER ANNEXURE,210000,PMO Department of Atomic Energy,2025-10-22T14:34:13Z,2025-10-22T14:34:13Z,No
GEM/2025/B/6731219,"HARD DRAWN SEAMLESS COPPER TUBES GRADE DHP -1 CONFORMING TO IS-2501 SIZE- OD 176 MM plus 0.00MM, mi",74000,PMO Department of Atomic Energy,2025-10-23T10:58:02Z,2025-10-23T10:58:02Z,No
GEM/2025/B/6729706,Digital Map Reading Nursery,1,Ministry of Defence Department of Military Affairs,2025-10-21T12:56:02Z,2025-10-21T12:56:02Z,No
GEM/2025/B/6727797,"IP IR Dome Cameras with Night Vision,IP IR Bullet Camera With Night Vision,IP IR AI Cameras With Ni",109,Ministry of Finance Department of Economic Affairs,2025-10-18T17:26:12Z,2025-10-18T17:26:12Z,No
GEM/2025/B/6820354,"Manpower Outsourcing Services - Fixed Remuneration - Admin; Lecturer; Graduate,Manpower Outsourcing",54,Ministry of Finance Department of Financial Services,2025-10-24T16:04:55Z,2025-10-24T16:04:55Z,No
GEM/2025/B/6820331,"ES50-087-00459,ES50-087-00460,ES50-107-01059,ES50-087-00461,ES50-087-00462,ES50-087-00463,ES50-087-",106,Ministry of Defence Department of Defence Production,2025-10-25T11:15:47Z,2025-10-25T11:15:47Z,No
GEM/2025/B/6820176,"IN5224 IFM Proximity with connector and cable,IN5327 IFM Proximity with connector and cable,IN5331 ",29,Ministry of Defence Department of Defence Production,2025-10-25T11:33:19Z,2025-10-25T11:33:19Z,No
GEM/2025/B/6822427,TRANSMITTING MAGNETIC COMPASS,2,Ministry of Defence Department of Defence Research & Development,2025-10-24T19:01:33Z,2025-10-24T19:01:33Z,No
GEM/2025/B/6822339,Entry and Mid Level Desktop Computer,112,Ministry of Railways Indian Railways,2025-10-24T18:30:26Z,2025-10-24T18:30:26Z,No
GEM/2025/B/6822154,"Drone Basic Kit with Telemetry Transmitter, Battery, Charger",1,Ministry of Micro Small and Medium Enterprises Ministry of Micro Small and Medium Enterprises,2025-10-24T17:48:30Z,2025-10-24T17:48:30Z,No
GEM/2025/B/6822040,Entry and Mid Level Desktop Computer,83,Ministry of Railways Indian Railways,2025-10-24T18:08:57Z,2025-10-24T18:08:57Z,No
GEM/2025/B/6821622,Customized AMC/CMC for Pre-owned Products - 20KVA- UPS; BPE; Annual Maintenance Contract (AMC); Qua,1,Ministry of Mines NA,2025-10-24T16:37:19Z,2025-10-24T16:37:19Z,No
GEM/2025/B/6821556,"Annual Maintenance Service  - Photocopier Machine - Photocopier Machines ( Colour , Laser , Separat",2,Ministry of Mines NA,2025-10-24T16:20:17Z,2025-10-24T16:20:17Z,No
GEM/2025/B/6821490,"ES51-998-00316,ES51-998-00317,ES51-998-00318,ES51-998-00319,ES51-998-00320",11,Ministry of Defence Department of Defence Production,2025-10-25T11:23:44Z,2025-10-25T11:23:44Z,No
GEM/2025/B/6821325,Operation and Maintenance Of Electrical Systems/Electrical Installations - As per tender documents,1,Ministry of Agriculture and Farmers Welfare Department of Agricultural Research and Education (DARE),2025-10-24T16:14:52Z,2025-10-24T16:14:52Z,No
GEM/2025/B/6818374,"Supply of Fevistick,Supply of Box Files,Supply of Registers 400 pages,Supply of Cutters,Supply of G",5095,Ministry of Electronics and Information Technology Department of Electronics and Information Technology,2025-10-24T11:23:44Z,2025-10-24T11:23:44Z,No
GEM/2025/B/6817497,"Column Isolation Valve Supra,Carbon tape conductive W8mm L20m,Upgr Kit EVO-Sigma L-REM Workstation ",72,Ministry of Defence Department of Defence Research & Development,2025-10-23T18:31:23Z,2025-10-23T18:31:23Z,No
GEM/2025/B/6771844,"RFSoc ZCU208 Evaluation kit,Platform programming JTAG cable USB-11,Smart lynq DATA cable",9,Ministry of Defence Department of Defence Research & Development,2025-10-23T18:04:11Z,2025-10-23T18:04:11Z,No
GEM/2025/B/6771811,Thermal Camera with accessories,1,Ministry of Defence Department of Defence Research & Development,2025-10-24T13:11:06Z,2025-10-24T13:11:06Z,No
GEM/2025/B/6705564,"Off axis parabolic mirror with mount,Plane mirror of diameter 220mm: Type-I,Plane mirror of diamete",7,Ministry of Defence Department of Defence Research & Development,2025-10-24T12:05:28Z,2025-10-24T12:05:28Z,No
GEM/2025/B/6779159,"POLYCLONAL RABBIT ANTI-HUMAN IgG-FITC-2ML,POLYCLONAL RABBIT ANTI-HUMAN IgA-FITC-2ML,POLYCLONAL RABB",7,Ministry of Labour and Employment Employees State Insuarnce Corporation,2025-10-22T09:39:54Z,2025-10-22T09:39:54Z,No
GEM/2025/B/6779123,Portable Total Pressure Vacuum Gauge.,2,PMO Department of Atomic Energy,2025-10-21T16:56:10Z,2025-10-21T16:56:10Z,No
GEM/2025/B/6778454,1.7 Ton Capacity Battery Operated Electric Straddle Stacker as per specification,2,PMO Department of Atomic Energy,2025-10-18T15:52:28Z,2025-10-18T15:52:28Z,No
GEM/2025/B/6668124,"Female 10 pin Underwater connector for Borehole Trajectory Logging Probe,Male 10 pin underwater dum",15,PMO Department of Atomic Energy,2025-10-21T17:39:23Z,2025-10-21T17:39:23Z,No
GEM/2025/B/6658831,"Cleaning, Sanitation and Disinfection Service - Outcome Based - Office/Commercial/Institutions/Resi",1811,Ministry of Communications Department of Posts,2025-10-22T14:13:10Z,2025-10-22T14:13:10Z,No
GEM/2025/B/6826816,TREND MICRO DEEP SECURITY MALWARE PREVENTION,50,PMO Department of Atomic Energy,2025-10-28T16:07:57Z,2025-10-28T16:07:57Z,No
GEM/2025/B/6826689,"OUT SIDE MICROMETER ADJUSTABLE AND INTER CHANGEABLE ANVIL TYPE RANGE 900-1000MM,HEIGHT GAUGE DIAL T",5,Ministry of Defence Department of Defence Research & Development,2025-10-28T10:04:37Z,2025-10-28T10:04:37Z,No
GEM/2025/B/6826441,"Programmable process controllers,Digital Programmable controllers",10,Ministry of Defence Department of Defence Research & Development,2025-10-28T16:50:42Z,2025-10-28T16:50:42Z,No
GEM/2025/B/6824505,"Operation And Maintenance Of Other Machines And Plants - Assistance in material handling, heat trea",1,PMO Department of Atomic Energy,2025-10-27T10:51:24Z,2025-10-27T10:51:24Z,No
GEM/2025/B/6800893,4-Axis CNC Vertical Machining Centre as per specification,1,PMO Department of Atomic Energy,2025-10-27T13:07:10Z,2025-10-27T13:07:10Z,No
GEM/2025/B/6828116,"Intergard 269 red primer,Interthane 990 Grey Ral 7040,Galaxy epoxy thinner,Interlac 665 White Paint",1995,Ministry of Defence Department of Defence Research & Development,2025-10-28T11:11:25Z,2025-10-28T11:11:25Z,No
GEM/2025/B/6827980,"Fixed RFID Reader, 4-Port,9dbi Antenna with RF Cable15 meters of LMR-200 or better quality,Hand hel",579,Department of Space Department of Space,2025-10-27T16:04:49Z,2025-10-27T16:04:49Z,No
GEM/2025/B/6827301,Monthly Basis Cab & Taxi Hiring Services - Hatchback; 1500 Km per month  round the clock  24 x 7 ve,1,Ministry of Railways Indian Railways,2025-10-28T18:59:27Z,2025-10-28T18:59:27Z,No
GEM/2025/B/6792417,"Split Air Conditioner Including Green AC, Wall Mount Type (V2)",139,Ministry of Communications Department of Telecommunications (DOT),2025-10-28T12:24:05Z,2025-10-28T12:24:05Z,No
GEM/2025/B/6789903,Custom Bid for Services - Operation and maintenance contract for RINAC cold chamber for 3 years,1,Ministry of Defence Department of Defence Research & Development,2025-10-28T14:25:13Z,2025-10-28T14:25:13Z,No
GEM/2025/B/6787221,"High pressure Tube Nipples 9 16 Inch OD length 3 Inch Moc SS 316 part No CNX9903 316 ESR1917,High p",337,Ministry of Defence Department of Defence Research & Development,2025-10-27T14:28:00Z,2025-10-27T14:28:00Z,No
GEM/2025/B/6786699,LAMINATE CUTTING MACHINE,1,Ministry of Defence Department of Defence Research & Development,2025-10-28T17:08:36Z,2025-10-28T17:08:36Z,No
GEM/2025/B/6832399,"ESR FURNACE LOG SHEET BOOK,DAILY PRODUCTION REPORT , EACH PAD OF 100 SHEETS BOOK,PRINTING OF VIM FU",170,Ministry of Defence Department of Defence Production,2025-10-29T10:43:06Z,2025-10-29T10:43:06Z,No
GEM/2025/B/6827603,"Programmable DC Regulated Power Supply 40V 60A-1, 40V 38A-2, 150V 22A-2",5,Ministry of Defence Department of Defence Research & Development,2025-10-29T11:19:37Z,2025-10-29T11:19:37Z,No
GEM/2025/B/6843942,Manpower Outsourcing Services - Minimum wage - Skilled; High School; Others,1,Ministry of Home Affairs Department of Home,2025-11-03T15:13:07Z,2025-11-03T15:13:07Z,No
GEM/2025/B/6838649,Line Interactive UPS with AVR (V2),28,Ministry of Railways Indian Railways,2025-11-03T15:12:23Z,2025-11-03T15:12:23Z,No
GEM/2025/B/6836828,"Gantry Lift Crane collapsible and easy to assemble 1 ton with manual chain pulley(1 ton capacity),P",2,Ministry of Defence Department of Defence Research & Development,2025-11-03T15:03:40Z,2025-11-03T15:03:40Z,No
GEM/2025/B/6800035,"Toner Cartridges / Ink Cartridges / Consumables for Printers,Toner Cartridges / Ink Cartridges / Co",8,Ministry of Railways Indian Railways,2025-10-22T17:09:39Z,2025-10-22T17:09:39Z,No
GEM/2025/B/6765541,Monthly Basis Cab & Taxi Hiring Services - Sedan; 100 km x 10 hours; Local,1,Ministry of Defence Department of Defence Research & Development,2025-11-03T15:10:09Z,2025-11-03T15:10:09Z,No
GEM/2025/B/6836471,"M2OUV4LENS 1Drwg No 131 13 01 06 01 02,M2OUV4LENS 2Drwg No 131 13 01 06 01 04,M2OUV4LENS 3Drwg No 1",165,Ministry of Defence Department of Defence Production,2025-11-03T14:45:31Z,2025-11-03T14:45:31Z,No
GEM/2025/B/6843813,"Bed Sheets,Pillow Cover,Mattress,Bed Cover,Mosquito Net,Farrata Wall Fan,Desert Tent Coolers,Curtai",498,Ministry of Defence Department of Military Affairs,2025-11-01T18:11:08Z,2025-11-01T18:11:08Z,No
GEM/2025/B/6843653,"Solar Water Heater,Chimney,Coolers,Dinner Thali,Spoons,Steel Glasses,Dinning Table Mats,Idli Maker,",255,Ministry of Defence Department of Military Affairs,2025-11-01T18:09:50Z,2025-11-01T18:09:50Z,No
GEM/2025/B/6843524,"White Board,Seating Bench,Wall Mounted Fans,Curtains Door,Curtain Rod with holder,Desert Coolers,Ce",133,Ministry of Defence Department of Military Affairs,2025-11-01T18:12:10Z,2025-11-01T18:12:10Z,No
GEM/2025/B/6779382,"Operation And Maintenance Of Other Machines And Plants - Final product handling, Painting of MS dru",1,PMO Department of Atomic Energy,2025-11-01T18:02:50Z,2025-11-01T18:02:50Z,No
GEM/2025/B/6849948,"SITC OF 6 KVA WITH EXTERNAL BATTERIES, 2 KVA, 1 KVA ONLINE UPS",4,Ministry of Defence Department of Defence Production,2025-11-03T16:04:45Z,2025-11-03T16:04:45Z,No
GEM/2025/B/6849856,"Electric Two Wheeler - Motorcycle, Scooter and Moped",1,Ministry of Defence Department of Military Affairs,2025-11-03T12:47:29Z,2025-11-03T12:47:29Z,No
GEM/2025/B/6833083,Monthly Basis Cab & Taxi Hiring Services - SUV; 2000 KM per month and 12 hours per day per vehicle;,1,Ministry of Railways Indian Railways,2025-11-03T12:45:21Z,2025-11-03T12:45:21Z,No
GEM/2025/B/6843804,Monthly Basis Cab & Taxi Hiring Services - Sedan; 1500 km x 320 hours; Local,2,Ministry of Water Resources River Development and Ganga Rejuvenation NA,2025-11-03T13:20:34Z,2025-11-03T13:20:34Z,No
GEM/2025/B/6842648,Modular Piano Type Domestic Electrical Switches as per IS 3854,2500,Ministry of Railways Indian Railways,2025-11-03T13:04:33Z,2025-11-03T13:04:33Z,No
GEM/2025/B/6850542,End Point Protection Software / Appliances (V3),300,Information Technology Electronics and Communications Department Telangana,2025-11-03T13:40:41Z,2025-11-03T13:40:41Z,No
GEM/2025/B/6851420,Operation and  Maintenance Services of Power Generator(DG-Set) - Package 2 - O&M Service with opera,1,Ministry of Commerce and Industry Department of Commerce,2025-11-03T15:53:54Z,2025-11-03T15:53:54Z,No
GEM/2025/B/6851220,THREE TONNE FORKLIFT WITH GOOSE NECK CRANE ATTACHMENT,1,Ministry of Defence Department of Defence Production,2025-11-03T16:17:42Z,2025-11-03T16:17:42Z,No
GEM/2025/B/6840700,Mitcorp make HD boroscope of 3m length with articulation and front and side view cameras,1,PMO Department of Atomic Energy,2025-11-03T16:24:24Z,2025-11-03T16:24:24Z,No
GEM/2025/B/6851820,Sofa (V3),1,Comptroller and Auditor General (CAG) of India Indian Audit and Accounts Department,2025-11-03T16:44:24Z,2025-11-03T16:44:24Z,No
GEM/2025/B/6803473,USB Type External Hard Disk Drive (V2),29,Ministry of Railways Indian Railways,2025-10-17T16:00:54Z,2025-10-17T16:00:54Z,No
GEM/2025/B/6851670,Operation And Maintenance Of Other Machines And Plants - Providing Necessary Assistance in Routine ,1,PMO Department of Atomic Energy,2025-11-03T16:50:31Z,2025-11-03T16:50:31Z,No
GEM/2025/B/6850628,Steel Almirah / Cabinets conforming to IS 3312 (V4),3,Ministry of Railways Indian Railways,2025-11-03T16:50:23Z,2025-11-03T16:50:23Z,No
GEM/2025/B/6738588,Dual Energy X-Ray Absorptiometry (DEXA),1,Ministry of Health and Family Welfare Department of Health Research,2025-10-03T13:02:45Z,2025-10-03T13:02:45Z,No
GEM/2025/B/6684201,"Photo Receiver,CW Laser Source,Match Zehnder Modulator,90 Degree Optical Hybrid,Optical Power split",21,Ministry of Defence Department of Defence Research & Development,2025-10-06T13:09:31Z,2025-10-06T13:09:31Z,No
GEM/2025/B/6851803,SITC OF 2X30 TON FLAME PROOF EOT CRANE TANDEM OPERATION,1,Ministry of Defence Department of Defence Production,2025-11-04T09:36:08Z,2025-11-04T09:36:08Z,No
GEM/2025/B/6849279,Supply of Visible Spacer_ Regularisation,400,Ministry of Defence Department of Defence Production,2025-11-03T18:30:28Z,2025-11-03T18:30:28Z,No
GEM/2025/B/6832045,Soil Auger,5392,Ministry of Defence Department of Military Affairs,2025-11-03T20:37:19Z,2025-11-03T20:37:19Z,No
GEM/2025/B/6851576,Camera for CCTV System (V3),50,Ministry of Education Department of School Education and Literacy,2025-11-03T17:05:48Z,2025-11-03T17:05:48Z,No
GEM/2025/B/6852164,"Supplying and fixing of Wireless Conference Microphone Controller,Supplying and fixing of Wireless ",103,Ministry of Communications Department of Telecommunications (DOT),2025-11-03T17:43:14Z,2025-11-03T17:43:14Z,No
GEM/2025/B/6854291,"Bearing Frt Wheel,Hose Radiator,Joint Assy Universal,Pipe Brake No 2,Relay Assy,Spark Plug Campion ",48,Ministry of Defence Department of Military Affairs,2025-11-04T12:25:36Z,2025-11-04T12:25:36Z,No
GEM/2025/B/6854412,"Presenter PTZ Tracking Camera,PTZ Camera,Wall mount for cameras,Recorder and Streaming device,Captu",70,Ministry of Finance Department of Revenue,2025-11-04T12:46:04Z,2025-11-04T12:46:04Z,No
GEM/2025/B/6854155,"SUPPLY AND INSTALLATION OF 14 TON MOBILE CRANE 1 NO. AT BEML, DIST OFFICE, RAMAGUNDAM.,SUPPLY AND I",2,Ministry of Defence Department of Defence Production,2025-11-04T12:58:47Z,2025-11-04T12:58:47Z,No
GEM/2025/B/6842666,Plain Copier Paper (V3) ISI Marked to IS 14490,480,Ministry of Defence Department of Defence Research & Development,2025-11-04T12:57:27Z,2025-11-04T12:57:27Z,No
GEM/2025/B/6788980,Illuminated Stand Magnifier,20,Ministry of Defence Department of Defence Research & Development,2025-11-04T12:47:49Z,2025-11-04T12:47:49Z,No
GEM/2025/B/6741064,RO Water Plant for Hemodialysis,3,Ministry of Railways Railways Public Sector Undertakings,2025-11-04T12:51:17Z,2025-11-04T12:51:17Z,No
GEM/2025/B/6852374,"Annual Maintenance Service - Desktops,  Laptops and Peripherals - UPS (Online 10 KVA); Emerson",1,Ministry of Commerce and Industry Department of Commerce,2025-11-04T10:41:07Z,2025-11-04T10:41:07Z,No
GEM/2025/B/6836428,"Custom Bid for Services - Washing of Bed Roll Packets and Blankets including Transportation,Custom ",3,Ministry of Railways Indian Railways,2025-11-04T10:31:49Z,2025-11-04T10:31:49Z,No
GEM/2025/B/6774426,MI Strip Heaters,500,Ministry of Defence Department of Defence Research & Development,2025-11-04T10:38:12Z,2025-11-04T10:38:12Z,No
GEM/2025/B/6801979,Upgradation of the OrCAD capture CIS to the latest Version,5,Ministry of Defence Department of Defence Research & Development,2025-10-17T18:28:49Z,2025-10-17T18:28:49Z,No
GEM/2025/B/6796382,Servo Filter,400,Ministry of Defence Department of Defence Research & Development,2025-10-17T17:25:27Z,2025-10-17T17:25:27Z,No
GEM/2025/B/6853345,DELAY CHAMBER DUMMY (FOR LEAK CHECK),100,Ministry of Defence Department of Defence Production,2025-11-04T10:53:28Z,2025-11-04T10:53:28Z,No
GEM/2025/B/6853599,"voocme tv out cable vga male to hdmi female converter adaptor with 3 5 mm audio jack full ha 1080p,",17,Ministry of Defence Department of Defence Research & Development,2025-11-04T11:11:53Z,2025-11-04T11:11:53Z,No
GEM/2025/B/6853510,Monthly Basis Cab & Taxi Hiring Services - Sedan; 100 km x 10 hours; Local,1,Ministry of Defence Department of Defence Research & Development,2025-11-04T11:02:08Z,2025-11-04T11:02:08Z,No
GEM/2025/B/6853745,"SITC of 8 Channel NVR,Supplying and fixing of unmanaged PoE 8 Port switch,Supplying and Fixing of 2",642,Ministry of Communications Department of Telecommunications (DOT),2025-11-04T11:29:26Z,2025-11-04T11:29:26Z,No
GEM/2025/B/6771445,"WORK STATION,SDI DISTRIBUTION AMPLIFIER 12G,MULTIPLE CARD READER,VIDEO CONVRSION AND CORRECTION TOO",7,Ministry of Defence Department of Defence Research & Development,2025-10-10T12:24:13Z,2025-10-10T12:24:13Z,No
GEM/2025/B/6853989,"Pens use and throw,Add Gel Pen blue,Pencils,Stick flags 1x3,Box Files,stick files,Brown tape 2 inch",1004,Ministry of Defence Department of Defence Production,2025-11-04T11:57:36Z,2025-11-04T11:57:36Z,No
GEM/2025/B/6853985,"Heavy Duty Pilot 15cc 4x39 mm Paper Shredder,Bosch Universal Hand Tool Set,Bosch GBl 650 Profession",22,Ministry of Defence Department of Defence Research & Development,2025-11-04T11:49:04Z,2025-11-04T11:49:04Z,No
GEM/2025/B/6738588,Dual Energy X-Ray Absorptiometry (DEXA),1,Ministry of Health and Family Welfare Department of Health Research,2025-10-03T13:02:45Z,2025-10-03T13:02:45Z,No
GEM/2025/B/6684201,"Photo Receiver,CW Laser Source,Match Zehnder Modulator,90 Degree Optical Hybrid,Optical Power split",21,Ministry of Defence Department of Defence Research & Development,2025-10-06T13:09:31Z,2025-10-06T13:09:31Z,No
GEM/2025/B/6850023,Dining Chairs - Handcrafted,12,Ministry of Railways Indian Railways,2025-11-04T14:59:31Z,2025-11-04T14:59:31Z,No
GEM/2025/B/6855417,Custom Bid for Services - HIRING OF SERVICES FOR MATERIAL HANDLING,1,Ministry of Defence Department of Defence Research & Development,2025-11-04T15:12:48Z,2025-11-04T15:12:48Z,No
GEM/2025/B/6826265,Digital Medical X - Ray Films (V2),300,PMO Department of Atomic Energy,2025-11-04T15:35:30Z,2025-11-04T15:35:30Z,No
GEM/2025/B/6823785,Barrel Cleaning Machine 81 MM Mor Modified,1,Ministry of Defence Department of Military Affairs,2025-10-25T12:46:52Z,2025-10-25T12:46:52Z,No
GEM/2025/B/6758175,MOULD FOR INHIBITION,5,Ministry of Defence Department of Defence Production,2025-10-14T09:59:04Z,2025-10-14T09:59:04Z,No
GEM/2025/B/6666824,Sound Level Meter / Noise Level Meter (Sound Measuring Apparatus or Decibel Meter),1,Ministry of Science and Technology Department of Scientific and Industrial Research (DSIR),2025-09-10T16:05:59Z,2025-09-10T16:05:59Z,No
GEM/2025/B/6846253,MANDREL ROD CHUCK ASSEMBLY HOUSING,2,PMO Department of Atomic Energy,2025-11-04T09:59:39Z,2025-11-04T09:59:39Z,No
GEM/2025/B/6835800,"Wooden Spacers of Teak Wood as per the drawing No: E-5000-M- 016-0,Wooden Spacer of Dimensions: 340",7500,PMO Department of Atomic Energy,2025-11-04T09:53:56Z,2025-11-04T09:53:56Z,No
GEM/2025/B/6849802,Dining Tables - Handcrafted,2,Ministry of Railways Indian Railways,2025-11-04T10:24:23Z,2025-11-04T10:24:23Z,No
GEM/2025/B/6849623,"Toner Cartridges / Ink Cartridges / Consumables for Printers,Toner Cartridges / Ink Cartridges / Co",6,Ministry of Railways Indian Railways,2025-11-04T10:28:13Z,2025-11-04T10:28:13Z,No
GEM/2025/B/6832646,Graphite crucible with Y2O3 coating as per specification,4,Ministry of Defence Department of Defence Research & Development,2025-10-30T18:41:45Z,2025-10-30T18:41:45Z,No
GEM/2025/B/6840072,Breath Analyser,10,Ministry of Civil Aviation Airports Authority of India (AAI),2025-10-30T15:34:26Z,2025-10-30T15:34:26Z,No
GEM/2025/B/6836677,HIGH PERFORMANCE DATA PROCESSING SYSTEM 256 CORE,2,Ministry of Defence Department of Defence Research & Development,2025-10-30T10:55:52Z,2025-10-30T10:55:52Z,No
GEM/2025/B/6851220,THREE TONNE FORKLIFT WITH GOOSE NECK CRANE ATTACHMENT,1,Ministry of Defence Department of Defence Production,2025-11-03T16:17:42Z,2025-11-03T16:17:42Z,No
GEM/2025/B/6840700,Mitcorp make HD boroscope of 3m length with articulation and front and side view cameras,1,PMO Department of Atomic Energy,2025-11-03T16:24:24Z,2025-11-03T16:24:24Z,No
GEM/2025/B/6851670,Operation And Maintenance Of Other Machines And Plants - Providing Necessary Assistance in Routine ,1,PMO Department of Atomic Energy,2025-11-03T16:50:31Z,2025-11-03T16:50:31Z,No
GEM/2025/B/6850628,Steel Almirah / Cabinets conforming to IS 3312 (V4),3,Ministry of Railways Indian Railways,2025-11-03T16:50:23Z,2025-11-03T16:50:23Z,No
GEM/2025/B/6851820,Sofa (V3),1,Comptroller and Auditor General (CAG) of India Indian Audit and Accounts Department,2025-11-03T16:44:24Z,2025-11-03T16:44:24Z,No
GEM/2025/B/6803473,USB Type External Hard Disk Drive (V2),29,Ministry of Railways Indian Railways,2025-10-17T16:00:54Z,2025-10-17T16:00:54Z,No
GEM/2025/B/6841044,Toner Cartridges / Ink Cartridges / Consumables for Printers,8,Ministry of Railways Indian Railways,2025-11-03T15:21:14Z,2025-11-03T15:21:14Z,No
GEM/2025/B/6815515,"Single Use Standard ERCP Cannula,Single Use Triple Lumen Wire Guided Sphincterotome,Single Use Trip",166,Ministry of Labour and Employment Employees State Insuarnce Corporation,2025-11-06T09:44:55Z,2025-11-06T09:44:55Z,No
GEM/2025/B/6857364,"Fuse 200,Gasket,Hose 40U 16 7Bore Dia 16MM Wall Thickn,Hose 40U10 7 Dia 10MMx3.5MM Thickness,Hose 4",267,Ministry of Defence Department of Military Affairs,2025-11-05T09:35:54Z,2025-11-05T09:35:54Z,No
GEM/2025/B/6830735,"Sutures (V3),Sutures (V3),Sutures (V3),Sutures (V3),Sutures (V3),Sutures (V3),Sutures (V3),Sutures ",408,Ministry of Labour and Employment Employees State Insuarnce Corporation,2025-11-05T09:44:15Z,2025-11-05T09:44:15Z,No
GEM/2025/B/6855329,Manpower Outsourcing Services - Man-days based - As per Annexure; Semi-skilled; As per Annexure,11856,Ministry of Defence Department of Defence Production,2025-11-05T09:52:28Z,2025-11-05T09:52:28Z,No
GEM/2025/B/6855710,Hot top sleeves for 760 mm dia mould,200,Ministry of Defence Department of Defence Production,2025-11-05T10:23:09Z,2025-11-05T10:23:09Z,No
GEM/2025/B/6855908,"Graphite electrodes size 250 mm dia,Graphite electrodes size 100 mm dia",25,Ministry of Defence Department of Defence Production,2025-11-05T10:33:39Z,2025-11-05T10:33:39Z,No
GEM/2025/B/6855824,Cerawool LT– 647620 X 610 X 25 MM,200,Ministry of Defence Department of Defence Production,2025-11-05T10:47:05Z,2025-11-05T10:47:05Z,No
GEM/2025/B/6760534,Aadhaar Enabled Biometric Attendance System (AEBAS),71,Ministry of Railways Indian Railways,2025-10-15T11:13:21Z,2025-10-15T11:13:21Z,No
GEM/2025/B/6853696,"Supply, Installation and Testing of 3 Ton capacity electrical wire rope hoist as per specification",1,PMO Department of Atomic Energy,2025-11-07T10:22:21Z,2025-11-07T10:22:21Z,No
GEM/2025/B/6863993,"Rod Welding Steel Mild 3.15MM,Fevi Quick Adhesive 3GM IS 9843 91 Rea,Leather Cloth Black,Sheet Cell",144,Ministry of Defence Department of Military Affairs,2025-11-07T10:46:47Z,2025-11-07T10:46:47Z,No
GEM/2025/B/6782082,Digital Hand-held VHF Transceiver as per MHA QR,12,Ministry of Defence Department of Military Affairs,2025-11-01T12:36:20Z,2025-11-01T12:36:20Z,No
GEM/2025/B/6816859,Guide Plates for Straightening Machines. Detailed technical specification as per Annexure,1,PMO Department of Atomic Energy,2025-11-01T13:10:49Z,2025-11-01T13:10:49Z,No
GEM/2025/B/6812921,LEUKOCYTE REMOVAL FILTER FOR PACKED RED BLOOD CELLS ( LAB SIDE),1200,Ministry of Labour and Employment Employees State Insuarnce Corporation,2025-11-01T13:06:12Z,2025-11-01T13:06:12Z,No
GEM/2025/B/6843813,"Bed Sheets,Pillow Cover,Mattress,Bed Cover,Mosquito Net,Farrata Wall Fan,Desert Tent Coolers,Curtai",498,Ministry of Defence Department of Military Affairs,2025-11-01T18:11:08Z,2025-11-01T18:11:08Z,No
GEM/2025/B/6843653,"Solar Water Heater,Chimney,Coolers,Dinner Thali,Spoons,Steel Glasses,Dinning Table Mats,Idli Maker,",255,Ministry of Defence Department of Military Affairs,2025-11-01T18:09:50Z,2025-11-01T18:09:50Z,No
GEM/2025/B/6843524,"White Board,Seating Bench,Wall Mounted Fans,Curtains Door,Curtain Rod with holder,Desert Coolers,Ce",133,Ministry of Defence Department of Military Affairs,2025-11-01T18:12:10Z,2025-11-01T18:12:10Z,No
GEM/2025/B/6779382,"Operation And Maintenance Of Other Machines And Plants - Final product handling, Painting of MS dru",1,PMO Department of Atomic Energy,2025-11-01T18:02:50Z,2025-11-01T18:02:50Z,No
GEM/2025/B/6848224,LED TV 42 Inch,4,Ministry of Defence Department of Military Affairs,2025-11-01T18:28:38Z,2025-11-01T18:28:38Z,No
GEM/2025/B/6848298,Hard Disk Drive 8 TB,2,Ministry of Defence Department of Military Affairs,2025-11-01T18:50:28Z,2025-11-01T18:50:28Z,No
GEM/2025/B/6848358,"Rechargeable LED Traffic Baton Light STOP and GO.,Pilot Bag,Regimental Cane,Food Carrier,Milton The",48,Ministry of Defence Department of Military Affairs,2025-11-01T19:20:09Z,2025-11-01T19:20:09Z,No
GEM/2025/B/6846232,Custom Bid for Services - BOQ item No 1 Semi Skilled Refrigeration Mechanic per shift of 08 hours  ,5,Ministry of Defence Department of Military Affairs,2025-11-01T11:11:53Z,2025-11-01T11:11:53Z,No
GEM/2025/B/6845686,"White Bed Sheet,Oxygen Concentrator,Patients Vitals Checking Multipara Monitor,Ice Box for MI Room ",25,Ministry of Defence Department of Military Affairs,2025-10-31T19:38:12Z,2025-10-31T19:38:12Z,No
GEM/2025/B/6845748,"Ice Box 150 Ltr for Carrying Frozen Item,Plastic Basket for Fresh Item,Iron Rack,Steel Box,Weighing",49,Ministry of Defence Department of Military Affairs,2025-10-31T20:11:47Z,2025-10-31T20:11:47Z,No
GEM/2025/B/6845801,Office Almirah,10,Ministry of Defence Department of Military Affairs,2025-10-31T20:44:44Z,2025-10-31T20:44:44Z,No
GEM/2025/B/6829709,Dry Chemical Powder (DCP) as per IS 4308,120,PMO Department of Atomic Energy,2025-11-01T09:08:25Z,2025-11-01T09:08:25Z,No
GEM/2025/B/6820066,TLD CARD as per Annexure,4000,PMO Department of Atomic Energy,2025-11-01T09:55:38Z,2025-11-01T09:55:38Z,No
GEM/2025/B/6815148,"50 mm heavy class semless GI Pipe,80 mm heavy class semless GI Pipe,20 mm NB Sch 80 Carbon Steel Pi",4081,PMO Department of Atomic Energy,2025-11-01T09:45:50Z,2025-11-01T09:45:50Z,No
GEM/2025/B/6766023,Custom Bid for Services - Providing Office Car at Indane Bottling Plant Cherlapalli,1,Ministry of Petroleum and Natural Gas INDIAN OIL CORPORATION LIMITED,2025-11-01T10:37:40Z,2025-11-01T10:37:40Z,No
GEM/2025/B/6849856,"Electric Two Wheeler - Motorcycle, Scooter and Moped",1,Ministry of Defence Department of Military Affairs,2025-11-03T12:47:29Z,2025-11-03T12:47:29Z,No
GEM/2025/B/6833083,Monthly Basis Cab & Taxi Hiring Services - SUV; 2000 KM per month and 12 hours per day per vehicle;,1,Ministry of Railways Indian Railways,2025-11-03T12:45:21Z,2025-11-03T12:45:21Z,No
GEM/2025/B/6843804,Monthly Basis Cab & Taxi Hiring Services - Sedan; 1500 km x 320 hours; Local,2,Ministry of Water Resources River Development and Ganga Rejuvenation NA,2025-11-03T13:20:34Z,2025-11-03T13:20:34Z,No
GEM/2025/B/6842648,Modular Piano Type Domestic Electrical Switches as per IS 3854,2500,Ministry of Railways Indian Railways,2025-11-03T13:04:33Z,2025-11-03T13:04:33Z,No
GEM/2025/B/6850542,End Point Protection Software / Appliances (V3),300,Information Technology Electronics and Communications Department Telangana,2025-11-03T13:40:41Z,2025-11-03T13:40:41Z,No
GEM/2025/B/6850581,Custom Bid for Services - Repairing of IACSV clutch - 1NO,1,Ministry of Defence Department of Defence Production,2025-11-03T13:51:06Z,2025-11-03T13:51:06Z,No
GEM/2025/B/6781527,Fume extraction unit for filteration of soldering fumes,30,PMO Department of Atomic Energy,2025-11-03T13:47:05Z,2025-11-03T13:47:05Z,No
GEM/2025/B/6820060,BULLET RESISTANT HELMET,38,Ministry of Defence Department of Defence Research & Development,2025-10-24T15:04:53Z,2025-10-24T15:04:53Z,No
GEM/2025/B/6816239,BULLET RESISTANT VEST,12,Ministry of Defence Department of Defence Research & Development,2025-10-23T16:13:40Z,2025-10-23T16:13:40Z,No
GEM/2025/B/6850684,Selection of a bidder for Development of Indian Additive Manufacturing Ecosystem Digital Twin,1,Ministry of Electronics and Information Technology Department of Electronics and Information Technology,2025-11-03T14:39:11Z,2025-11-03T14:39:11Z,No
GEM/2025/B/6836471,"M2OUV4LENS 1Drwg No 131 13 01 06 01 02,M2OUV4LENS 2Drwg No 131 13 01 06 01 04,M2OUV4LENS 3Drwg No 1",165,Ministry of Defence Department of Defence Production,2025-11-03T14:45:31Z,2025-11-03T14:45:31Z,No
GEM/2025/B/6851039,"555 Timer IC,741 Operational Amp,Resistors one by two W 1 Kilo ohms,Resistors one by two W 220 ohms",3709,Ministry of Skill Development and Entrepreneurship Directorate General of Training,2025-11-03T15:14:23Z,2025-11-03T15:14:23Z,No
GEM/2025/B/6856704,Fire Resisting Record Protection Cabinets (FRRC) as per IS 14203,34,Ministry of Finance REGIONAL RURAL BANKS,2025-11-04T18:53:54Z,2025-11-04T18:53:54Z,No
GEM/2025/B/6837029,Security Manpower Service (Version 2.0) - Office/Commercial/Institutions/ Residential; Unarmed Secu,13,Comptroller and Auditor General (CAG) of India NA,2025-11-04T18:56:54Z,2025-11-04T18:56:54Z,No
GEM/2025/B/6856988,13.6 INCH LAPTOP WITH MAC OS,4,Ministry of Defence Department of Defence Research & Development,2025-11-04T19:19:12Z,2025-11-04T19:19:12Z,No
GEM/2025/B/6856911,Multifunction Machine MFM (V2),1,Ministry of Defence Department of Defence Research & Development,2025-11-04T19:22:15Z,2025-11-04T19:22:15Z,No
GEM/2025/B/6832647,"SPIN 12 OIL,MACHINE TOOL WAY OIL OF GRADE 32,SYSTEM 46,HLP 46,SYSTEM 68,TRICHLOROETHYLENE,GEM 2 GRE",8792,Ministry of Defence Department of Defence Research & Development,2025-10-28T17:06:49Z,2025-10-28T17:06:49Z,No
GEM/2025/B/6856957,Safes (V3) ISI Marked to IS 550,1,Ministry of Finance Department of Financial Services,2025-11-04T19:04:27Z,2025-11-04T19:04:27Z,No
GEM/2025/B/6851322,"COPPER PLATES 600 PLUS 10 L X 600 PLUS 10 W X 30 PLUS 1 T MM,COPPER PLATES 600 PLUS 10 L X 600 PLUS",35,Ministry of Defence Department of Defence Research & Development,2025-11-03T16:26:30Z,2025-11-03T16:26:30Z,No
GEM/2025/B/6835603,"WIRELESS HDMI VIDEO TRANSMISSION RECEIPTION & RECORDING SYSTEM,WALKIE-TALKIE WITH ACCESSORIES,RANGE",9,Ministry of Defence Department of Defence Research & Development,2025-10-29T15:38:11Z,2025-10-29T15:38:11Z,No
GEM/2025/B/6834106,"UTRASONIC THICKNESS GAUGE STEEL LED 0 63MM 500MM,DIGITAL SHORE HARDNESS TESTER,LCD DISPLAY CALIPERS",7,Ministry of Defence Department of Defence Research & Development,2025-10-29T10:48:02Z,2025-10-29T10:48:02Z,No
GEM/2025/B/6804872,Manpower Outsourcing Services - Minimum wage - Unskilled; Secondary School; Admin,13,Comptroller and Auditor General (CAG) of India NA,2025-11-04T19:14:31Z,2025-11-04T19:14:31Z,No
GEM/2025/B/6847558,Monthly Basis Cab & Taxi Hiring Services - MUV; 2500 km x 320 hours; Outstation 24*7,1,Ministry of Railways Indian Railways,2025-11-01T15:23:40Z,2025-11-01T15:23:40Z,No
GEM/2025/B/6840037,Modular Piano Type Domestic Electrical Switches as per IS 3854,1000,Ministry of Railways Indian Railways,2025-11-01T15:40:16Z,2025-11-01T15:40:16Z,No
GEM/2025/B/6855924,CUSTOMIZED PORTABLE RF AND GPS DISRUPT MODULE,2,Ministry of Defence Department of Defence Research & Development,2025-11-04T16:18:52Z,2025-11-04T16:18:52Z,No
GEM/2025/B/6853060,Supply of SAM ULPGM V2 as per SoW,80,Ministry of Defence Department of Defence Production,2025-11-04T16:25:37Z,2025-11-04T16:25:37Z,No
GEM/2025/B/6851404,Solid Cushion Tyres (V3),6,Ministry of Railways Indian Railways,2025-11-04T16:20:53Z,2025-11-04T16:20:53Z,No
GEM/2025/B/6855630,high performance power supplies,2,Ministry of Defence Department of Defence Research & Development,2025-11-04T15:53:04Z,2025-11-04T15:53:04Z,No
GEM/2025/B/6855532,"Supply of 3 TR Ductable type Inverter type Aircooled split AC unit,Installation Testing and Commiss",82,Ministry of Communications Department of Telecommunications (DOT),2025-11-04T15:45:47Z,2025-11-04T15:45:47Z,No
GEM/2025/B/6853809,PRECISION COATING THICKNESS GAUGE,1,Ministry of Defence Department of Defence Research & Development,2025-11-04T15:47:43Z,2025-11-04T15:47:43Z,No
GEM/2025/B/6853212,MOBILE COMPUTER WORKSTATION,3,Ministry of Defence Department of Defence Research & Development,2025-11-04T15:45:56Z,2025-11-04T15:45:56Z,No
GEM/2025/B/6848142,Tablet Computer (V2),200,Ministry of Finance Department of Financial Services,2025-11-04T16:06:14Z,2025-11-04T16:06:14Z,No
GEM/2025/B/6677670,High Pressure Washer,1,Ministry of Railways Indian Railways,2025-11-03T11:48:25Z,2025-11-03T11:48:25Z,No
GEM/2025/B/6838584,Storage Rack for Chemicals,4,Ministry of Railways Indian Railways,2025-11-03T11:50:11Z,2025-11-03T11:50:11Z,No
GEM/2025/B/6831905,Impact Wrench,12,Ministry of Railways Indian Railways,2025-11-03T11:46:21Z,2025-11-03T11:46:21Z,No
GEM/2025/B/6840337,Piano Type Modular Domestic Electrical sockets - IS 1293,1000,Ministry of Railways Indian Railways,2025-11-03T10:56:49Z,2025-11-03T10:56:49Z,No
GEM/2025/B/6840174,Piano Type Modular Domestic Electrical sockets - IS 1293,750,Ministry of Railways Indian Railways,2025-11-03T10:51:49Z,2025-11-03T10:51:49Z,No
GEM/2025/B/6849637,"Handle Door RH,Joint Assy Universal,Coolant Pump Assy,Brake Manual Valve 961 702 000 0,Control Valv",29,Ministry of Defence Department of Military Affairs,2025-11-03T11:14:49Z,2025-11-03T11:14:49Z,No
GEM/2025/B/6785104,"HDPE Woven Bags of Size 40x30,HEPE Woven Bags of Size 50x50",25000,Ministry of Finance Department of Economic Affairs,2025-11-03T11:09:31Z,2025-11-03T11:09:31Z,No
GEM/2025/B/6839032,3051/E3,1,Ministry of Defence Department of Military Affairs,2025-11-01T21:44:45Z,2025-11-01T21:44:45Z,No
GEM/2025/B/6838945,3050/E3,1,Ministry of Defence Department of Military Affairs,2025-11-01T21:43:36Z,2025-11-01T21:43:36Z,No
GEM/2025/B/6838847,3049/E3,1,Ministry of Defence Department of Military Affairs,2025-11-01T21:41:56Z,2025-11-01T21:41:56Z,No
GEM/2025/B/6855824,Cerawool LT– 647620 X 610 X 25 MM,200,Ministry of Defence Department of Defence Production,2025-11-05T10:47:05Z,2025-11-05T10:47:05Z,No
GEM/2025/B/6855758,Matl Code: 10152011200650 Desc: MWIR ZnS DOME-156 Drwg No,340,Ministry of Defence Department of Defence Production,2025-11-05T11:14:50Z,2025-11-05T11:14:50Z,No
GEM/2025/B/6855801,Headset (V2),200,Ministry of Civil Aviation Airports Authority of India (AAI),2025-11-05T11:22:55Z,2025-11-05T11:22:55Z,No
GEM/2025/B/6846255,"5V/50A SMPS POWER SUPPLY MODULE,15V/20A SMPS POWER SUPPLY MODULE,24V/12.5A SMPS POWER SUPPLY MODULE",394,PMO Department of Atomic Energy,2025-11-05T11:42:03Z,2025-11-05T11:42:03Z,No
GEM/2025/B/6720695,API Management Software (V2),22,Ministry of Labour and Employment Employees State Insuarnce Corporation,2025-10-18T12:36:45Z,2025-10-18T12:36:45Z,No
GEM/2025/B/6855982,"SUPPLY, INSTALLATION, COMMISSIONING & TRAINING OF ALUMINIUM WELDING MACHINE",1,Ministry of Micro Small and Medium Enterprises Ministry of Micro Small and Medium Enterprises,2025-11-05T08:01:27Z,2025-11-05T08:01:27Z,No
GEM/2025/B/6857364,"Fuse 200,Gasket,Hose 40U 16 7Bore Dia 16MM Wall Thickn,Hose 40U10 7 Dia 10MMx3.5MM Thickness,Hose 4",267,Ministry of Defence Department of Military Affairs,2025-11-05T09:35:54Z,2025-11-05T09:35:54Z,No
GEM/2025/B/6830735,"Sutures (V3),Sutures (V3),Sutures (V3),Sutures (V3),Sutures (V3),Sutures (V3),Sutures (V3),Sutures ",408,Ministry of Labour and Employment Employees State Insuarnce Corporation,2025-11-05T09:44:15Z,2025-11-05T09:44:15Z,No
GEM/2025/B/6855329,Manpower Outsourcing Services - Man-days based - As per Annexure; Semi-skilled; As per Annexure,11856,Ministry of Defence Department of Defence Production,2025-11-05T09:52:28Z,2025-11-05T09:52:28Z,No
GEM/2025/B/6855710,Hot top sleeves for 760 mm dia mould,200,Ministry of Defence Department of Defence Production,2025-11-05T10:23:09Z,2025-11-05T10:23:09Z,No
GEM/2025/B/6851991,Dslr / Compact / Handheld Camcorder Or Video Cameras (V2),2,Ministry of Railways Indian Railways,2025-11-06T10:22:49Z,2025-11-06T10:22:49Z,No
GEM/2025/B/6849744,Propeller Type AC Ventilating Fans - Exhaust Fans (V2) as per IS 2312,20,Ministry of Railways Indian Railways,2025-11-06T10:20:24Z,2025-11-06T10:20:24Z,No
GEM/2025/B/6771476,Automatic Brinell Hardness Testing Machine,1,Ministry of Defence Department of Defence Production,2025-10-09T17:25:40Z,2025-10-09T17:25:40Z,No
GEM/2025/B/6859343,"Matl Code: 10020216110000 Desc: ON-BOARD COOLANT LINE ASSEMBLY Drwg No: 131 11 04 00 00 00,Matl Cod",193,Ministry of Defence Department of Defence Production,2025-11-06T10:44:03Z,2025-11-06T10:44:03Z,No
GEM/2025/B/6859692,"Head Lamp Assy,Air Filter,Fuel Filter,Oil Filter,Black out Change over Switch,Door Lock Assy LH,Coo",21,Ministry of Defence Department of Military Affairs,2025-11-06T10:45:37Z,2025-11-06T10:45:37Z,No
GEM/2025/B/6858805,Custom Bid for Services - As per Annexure,1,Ministry of Defence Department of Defence Production,2025-11-06T10:54:48Z,2025-11-06T10:54:48Z,No
GEM/2025/B/6853366,Washing Machine - Domestic Purpose,4,Ministry of Railways Indian Railways,2025-11-06T10:55:52Z,2025-11-06T10:55:52Z,No
GEM/2025/B/6810037,"TURBO-MOLECULAR VACUUM PUMP, Make: M/s Pfeiffer Vacuum as per specification",1,PMO Department of Atomic Energy,2025-11-06T10:56:54Z,2025-11-06T10:56:54Z,No
GEM/2025/B/6859854,"Compressed Gas Nitrogen,Compressed Gas Oxygen Industrial,Gases Acetylene,Aluminium Sheet Hard 1.63M",281,Ministry of Defence Department of Military Affairs,2025-11-06T11:09:13Z,2025-11-06T11:09:13Z,No
GEM/2025/B/6858105,Supply of Tools as per Annexure-F,1,PMO Department of Atomic Energy,2025-11-06T11:10:33Z,2025-11-06T11:10:33Z,No
GEM/2025/B/6786699,LAMINATE CUTTING MACHINE,1,Ministry of Defence Department of Defence Research & Development,2025-10-28T17:08:36Z,2025-10-28T17:08:36Z,No
GEM/2025/B/6832399,"ESR FURNACE LOG SHEET BOOK,DAILY PRODUCTION REPORT , EACH PAD OF 100 SHEETS BOOK,PRINTING OF VIM FU",170,Ministry of Defence Department of Defence Production,2025-10-29T10:43:06Z,2025-10-29T10:43:06Z,No
GEM/2025/B/6827603,"Programmable DC Regulated Power Supply 40V 60A-1, 40V 38A-2, 150V 22A-2",5,Ministry of Defence Department of Defence Research & Development,2025-10-29T11:19:37Z,2025-10-29T11:19:37Z,No
GEM/2025/B/6829072,Custom Bid for Services - Eddy Current Array Testing (ECA) of Wheel Sets in LHB coaches at Coaching,1,Ministry of Railways Indian Railways,2025-10-27T18:14:46Z,2025-10-27T18:14:46Z,No
GEM/2025/B/6832748,Entry and Mid Level Desktop Computer,65,Ministry of Railways Indian Railways,2025-10-28T17:11:35Z,2025-10-28T17:11:35Z,No
GEM/2025/B/6832578,Monthly Basis Cab & Taxi Hiring Services - MUV; 2500 KM per month round the clock  24 x 7  Vehicles,3,Ministry of Railways Indian Railways,2025-10-28T19:01:55Z,2025-10-28T19:01:55Z,No
GEM/2025/B/6832451,Multispectral Target Localization Array Qty. : 01 no.,1,Ministry of Defence Department of Defence Production,2025-10-28T17:00:34Z,2025-10-28T17:00:34Z,No
GEM/2025/B/6832167,"Supply and Installation of Factory IO– One-time Ultimate edition (Software, Installation, Configu",2,Ministry of Electronics and Information Technology Department of Electronics and Information Technology,2025-10-28T17:20:25Z,2025-10-28T17:20:25Z,No
GEM/2025/B/6832038,RIGID POLYURETHANE FOAM SHEET (2000MM X 1000MM X 100MM),30,Ministry of Defence Department of Defence Research & Development,2025-10-28T15:42:27Z,2025-10-28T15:42:27Z,No
GEM/2025/B/6831980,Monthly Basis Cab & Taxi Hiring Services - SUV; 2000Km Per Month; Local 24*7,1,Ministry of Railways Indian Railways,2025-10-28T17:01:00Z,2025-10-28T17:01:00Z,No
GEM/2025/B/6844036,"13.6 INCH LAPTOP WITH MAC OS,11 INCH 512GB TAB WITH MAC OS,11 INCH 256GB TAB WITH MAC OS",4,Ministry of Defence Department of Defence Research & Development,2025-10-31T14:42:36Z,2025-10-31T14:42:36Z,No
GEM/2025/B/6797073,Supply and Installation of Solder Paste Storage System,2,PMO Department of Atomic Energy,2025-10-31T14:35:41Z,2025-10-31T14:35:41Z,No
GEM/2025/B/6844153,"11 INCH 512GB TAB WITH MAC OS,15 INCH LAPTOP WITH MAC OS",4,Ministry of Defence Department of Defence Research & Development,2025-10-31T14:53:16Z,2025-10-31T14:53:16Z,No
GEM/2025/B/6827754,"Single Phase Thyristor Power Controller 160 Amps,Thyristor Power Controller 63 Amps,Thyristor Power",6,Ministry of Defence Department of Defence Research & Development,2025-10-31T14:46:21Z,2025-10-31T14:46:21Z,No
GEM/2025/B/6826683,Non Adherent Dressings (V2),5000,Ministry of Labour and Employment Employees State Insuarnce Corporation,2025-10-31T14:54:35Z,2025-10-31T14:54:35Z,No
GEM/2025/B/6844134,10130000000121 Desc: DC POWER SUPPLY MPATGM,10,Ministry of Defence Department of Defence Production,2025-10-31T15:01:40Z,2025-10-31T15:01:40Z,No
GEM/2025/B/6817692,Counter based Borehole depth measuring machine,12,PMO Department of Atomic Energy,2025-10-23T17:47:15Z,2025-10-23T17:47:15Z,No
GEM/2025/B/6804315,Lead Bricks for Gamma radiation shielding as per Annexure -1,200,PMO Department of Atomic Energy,2025-10-23T17:43:05Z,2025-10-23T17:43:05Z,No
GEM/2025/B/6825108,"Pneumatic double acting,cylinder with end position,cushioning adjustable at both ends,suitable for ",513,PMO Department of Atomic Energy,2025-10-31T18:03:17Z,2025-10-31T18:03:17Z,No
GEM/2025/B/6819714,Renewal of Adobe creative cloud software license for teams all apps for 1 year,2,Ministry of Finance Department of Economic Affairs,2025-10-31T18:11:48Z,2025-10-31T18:11:48Z,No
GEM/2025/B/6828374,"1TB INTERNAL HARD DISK SATA,2TB INTERNAL HARD DISK SATA,2TB EXTERNAL HARD DISK SATA,2TB INTERNAL HA",39,Ministry of Defence Department of Defence Research & Development,2025-10-29T12:07:26Z,2025-10-29T12:07:26Z,No
GEM/2025/B/6817811,5 TON DUAL BRIDGE LOAD CELL WITH EMBEDDED AMPLIFIER 4 TO 20MA,2,Ministry of Defence Department of Defence Research & Development,2025-10-27T14:33:16Z,2025-10-27T14:33:16Z,No
GEM/2025/B/6817502,"Split Air Conditioner Including Green AC, Wall Mount Type (V2)",114,Ministry of Communications Department of Telecommunications (DOT),2025-10-28T12:42:06Z,2025-10-28T12:42:06Z,No
GEM/2025/B/6817162,"MS3106F-36-52P,MS3106E-36-52S,MS25043-36,MS25042-36,MS-101007",80,Ministry of Defence Department of Defence Research & Development,2025-10-27T14:57:06Z,2025-10-27T14:57:06Z,No
GEM/2025/B/6814569,Supply of Cartridge Filters for Grit Blasting Application M/s Donaldson make,50,PMO Department of Atomic Energy,2025-10-27T15:48:44Z,2025-10-27T15:48:44Z,No
GEM/2025/B/6811172,IgM RF ELISA TEST KIT,864,Ministry of Labour and Employment Employees State Insuarnce Corporation,2025-10-27T13:06:50Z,2025-10-27T13:06:50Z,No
GEM/2025/B/6810990,ANTI PHOSPHOLIPID ANTI BODIES IgM/IgG ELISA TEST KIT,960,Ministry of Labour and Employment Employees State Insuarnce Corporation,2025-10-27T13:01:25Z,2025-10-27T13:01:25Z,No
GEM/2025/B/6810385,ANTI CARDIOLIPIN ANTI BODIES IgM/IgG ELISA TEST KIT,960,Ministry of Labour and Employment Employees State Insuarnce Corporation,2025-10-27T12:51:33Z,2025-10-27T12:51:33Z,No
GEM/2025/B/6810173,"Supply of Hydrofluric Acid, concentration 40% minimum, technical grade.",16,PMO Department of Atomic Energy,2025-10-27T16:45:51Z,2025-10-27T16:45:51Z,No
GEM/2025/B/6809743,"GMT make three jaw power operated, hollow high speed chuck, as per specification",4,PMO Department of Atomic Energy,2025-10-28T14:45:56Z,2025-10-28T14:45:56Z,No
GEM/2025/B/6827093,Microtome blades,40,Ministry of Labour and Employment Employees State Insuarnce Corporation,2025-11-05T14:42:46Z,2025-11-05T14:42:46Z,No
GEM/2025/B/6810692,HEAVY DUTY TAPER LOCK CAST IRON PULLEY WITH 5 V GROOVES OF B SECTION AND SIZE 7 inch PCD WITH SUITA,73,PMO Department of Atomic Energy,2025-11-05T14:43:35Z,2025-11-05T14:43:35Z,No
GEM/2025/B/6844892,high performance power supplies,2,PMO Department of Atomic Energy,2025-11-05T14:57:52Z,2025-11-05T14:57:52Z,No
GEM/2025/B/6858368,"Operation And Maintenance Of Other Machines And Plants - Assistance in operations of plants at EPC,",1,PMO Department of Atomic Energy,2025-11-05T15:10:03Z,2025-11-05T15:10:03Z,No
GEM/2025/B/6857815,HANDHELD X-RAY FLUORESCENCE SPECTROMETER,1,Ministry of Finance Department of Economic Affairs,2025-11-05T15:30:04Z,2025-11-05T15:30:04Z,No
GEM/2025/B/6786723,"Calibration Services - Electrical; PD Calibrator and RIV Calibrator; NABL Labs, ILAC; Lab",1,Ministry of Power NA,2025-10-14T10:34:03Z,2025-10-14T10:34:03Z,No
GEM/2025/B/6857668,Basic phone without camera,250,Ministry of Defence Department of Defence Production,2025-11-05T11:59:49Z,2025-11-05T11:59:49Z,No
GEM/2025/B/6855434,Operating System Software (V3),1,Ministry of Science and Technology Department of Science and Technology (DST),2025-11-05T11:59:14Z,2025-11-05T11:59:14Z,No
GEM/2025/B/6857713,Reverse Osmosis based Water Treatment System above 50 LPH Capacity (V2),1,Ministry of Railways Indian Railways,2025-11-05T12:34:50Z,2025-11-05T12:34:50Z,No
GEM/2025/B/6834584,ANA PROFILE / BLOT TEST (ANA),1280,Ministry of Labour and Employment Employees State Insuarnce Corporation,2025-11-05T13:01:23Z,2025-11-05T13:01:23Z,No
GEM/2025/B/6837011,Operation and Maintenance of Effluent/Sewage Treatment Plant - Complete System; OEM Authorised Serv,1,Ministry of Home Affairs Central Police Organisation,2025-10-29T18:15:11Z,2025-10-29T18:15:11Z,No
GEM/2025/B/6828509,Monthly Basis Cab & Taxi Hiring Services - Hatchback; 1500KM per month round the clock 24 x 7 vehic,3,Ministry of Railways Indian Railways,2025-10-29T16:31:04Z,2025-10-29T16:31:04Z,No
GEM/2025/B/6801855,Fill Cam Assembly,4,PMO Department of Atomic Energy,2025-10-29T16:43:02Z,2025-10-29T16:43:02Z,No
GEM/2025/B/6780028,"HELICAL 18.5KW GEAR MOTOR UNIT AS PER ANNEXURE,HELICAL 3.0 KW GEAR MOTOR UNIT AS PER ANNEXURE",8,PMO Department of Atomic Energy,2025-10-29T16:47:14Z,2025-10-29T16:47:14Z,No
GEM/2025/B/6818554,"Armour grade Silicon Carbide (SiC) tiles,Armour grade Silicon Carbide (SiC) Hexagonal tiles,S-5 SiC",700,Ministry of Defence Department of Defence Research & Development,2025-10-29T19:40:36Z,2025-10-29T19:40:36Z,No
GEM/2025/B/6839474,"RF SIGNAL GENERATOR, As per Annexure-1",1,Ministry of Defence Department of Defence Production,2025-10-30T13:16:35Z,2025-10-30T13:16:35Z,No
GEM/2025/B/6840170,"O RING CAGEDrwg No 7300 13 01 00 00 02,ORING PCDrwg No 7300 13 01 02 00 04,ORING RDDrwg No 7300 13 ",720,Ministry of Defence Department of Defence Production,2025-10-30T15:13:51Z,2025-10-30T15:13:51Z,No
GEM/2025/B/6839160,Fixed Computer Workstation,4,Ministry of Science and Technology Department of Scientific and Industrial Research (DSIR),2025-10-30T15:10:46Z,2025-10-30T15:10:46Z,No
GEM/2025/B/6839908,Monthly Basis Cab & Taxi Hiring Services - Premium Sedan; 1200 km x 208 hours; Local,1,Ministry of Finance Department of Financial Services,2025-10-30T14:47:27Z,2025-10-30T14:47:27Z,No
GEM/2025/B/6839677,Supply of Signal Conditioner as per SoW,1,Ministry of Defence Department of Defence Production,2025-10-30T14:46:59Z,2025-10-30T14:46:59Z,No
GEM/2025/B/6839020,"Hp i5 all in one desktop with 24"" hd display,HP 3303 SDW color laserjet",2,Ministry of Finance Department of Revenue,2025-10-30T14:45:32Z,2025-10-30T14:45:32Z,No
GEM/2025/B/6799480,Surveillance Drone / Unmanned Aerial Vehicle (V2),2,Ministry of Railways Indian Railways,2025-10-29T15:31:42Z,2025-10-29T15:31:42Z,No
GEM/2025/B/6785289,"Register-2Q,Register-3Q,Register-4Q,Electrical insulation tape,Teflon Tape,A4 size 80 GSM paper,A4 ",1038,Ministry of Defence Department of Defence Research & Development,2025-10-29T16:12:28Z,2025-10-29T16:12:28Z,No
GEM/2025/B/6836048,USB Based Realtime spectrum analyzer,1,Ministry of Defence Department of Defence Production,2025-10-29T16:19:55Z,2025-10-29T16:19:55Z,No
GEM/2025/B/6835807,Smartlynq Data Cable ( Emulator Kit),2,Ministry of Defence Department of Defence Production,2025-10-29T16:25:24Z,2025-10-29T16:25:24Z,No
GEM/2025/B/6828912,"Argo Float Model1,Glider Model 2,Wave Rider Model 3,Mooring Model,Pakaging shipping 5,other charges",22,Ministry of Earth Sciences Department of Earth Sciences,2025-10-27T17:39:43Z,2025-10-27T17:39:43Z,No
GEM/2025/B/6828835,"NETWORK SWITCH,10G SINGLE MODE SFP MODULE-LR ENTERPRISE CLASS",36,Ministry of Defence Department of Defence Research & Development,2025-10-28T14:53:13Z,2025-10-28T14:53:13Z,No
GEM/2025/B/6828678,Supply and installation of chassis based computer network core switches in HA configuration,2,Department of Space Department of Space,2025-10-28T15:49:12Z,2025-10-28T15:49:12Z,No
GEM/2025/B/6828626,Database Management System Software (V3),14,Ministry of Power NA,2025-10-28T10:05:11Z,2025-10-28T10:05:11Z,No
GEM/2025/B/6828704,"Wave Glider 1,CTD Plus 2,Flurometer 3,ADCP 4,AWS 5,Spare CTD 6,Spare Flurometeras 7,Spare AWS 8,PMK",18,Ministry of Earth Sciences Department of Earth Sciences,2025-10-27T17:08:37Z,2025-10-27T17:08:37Z,No
GEM/2025/B/6821970,Interactive Panel,1,Home Department Telangana,2025-10-28T11:07:17Z,2025-10-28T11:07:17Z,No
GEM/2025/B/6821244,Supply of Earth Leakage Test clamp on Meter,1,PMO Department of Atomic Energy,2025-10-27T17:03:49Z,2025-10-27T17:03:49Z,No
GEM/2025/B/6826954,RENEWAL OF TREND MICRO APEX ONE END POINT SECURITY WITH INBUILT DLP+ END POINT SENSOR,1000,PMO Department of Atomic Energy,2025-10-28T16:09:26Z,2025-10-28T16:09:26Z,No
GEM/2025/B/6665746,Custom Bid for Services - Periodical cutting of wild vegetation surrounding to Hydrant / Hose Box a,1,PMO Department of Atomic Energy,2025-10-28T10:04:19Z,2025-10-28T10:04:19Z,No
GEM/2025/B/6841437,"DD Standard Keyboard Bilingual Wired Plug and Ply 2 Year Keyboard and Mouse,CPU Fan Intel,Teflon Sl",71,Ministry of Defence Department of Military Affairs,2025-10-30T17:40:46Z,2025-10-30T17:40:46Z,No
GEM/2025/B/6839397,Custom Bid for Services - Sch1- Man power Charges for Round the clock Management & maintenance of R,7,Ministry of Railways Indian Railways,2025-10-30T17:45:03Z,2025-10-30T17:45:03Z,No
GEM/2025/B/6795813,"Short Term Cab & Taxi Hiring Services - Sedan; Local; 40Kms x 5Hrs,Short Term Cab & Taxi Hiring Ser",5,Ministry of Steel Steel Authority of India Limited,2025-10-30T18:09:13Z,2025-10-30T18:09:13Z,No
GEM/2025/B/6841469,Paper-based Printing Services - Printing with Material; Book/Booklet; Offset,200,Ministry of AYUSH Central Council for Research in Ayurvedic Sciences,2025-10-30T18:23:17Z,2025-10-30T18:23:17Z,No
GEM/2025/B/6832646,Graphite crucible with Y2O3 coating as per specification,4,Ministry of Defence Department of Defence Research & Development,2025-10-30T18:41:45Z,2025-10-30T18:41:45Z,No
GEM/2025/B/6840072,Breath Analyser,10,Ministry of Civil Aviation Airports Authority of India (AAI),2025-10-30T15:34:26Z,2025-10-30T15:34:26Z,No
GEM/2025/B/6836677,HIGH PERFORMANCE DATA PROCESSING SYSTEM 256 CORE,2,Ministry of Defence Department of Defence Research & Development,2025-10-30T10:55:52Z,2025-10-30T10:55:52Z,No
GEM/2025/B/6756373,"IEPE TRIAXIAL VIBRATION SENSORS STUD MOUNTABLE,ISOLATION STUD,LOW NOISE CABLE 1 POINT 5 MTRS LENGTH",636,Ministry of Defence Department of Defence Research & Development,2025-10-29T14:25:21Z,2025-10-29T14:25:21Z,No
GEM/2025/B/6791771,"Design, Manufacture and supply of 440V, 3-Phase 4-wire PCC Panel,Erection, Installation, Testing an",2,Ministry of Defence Department of Defence Production,2025-10-15T14:23:43Z,2025-10-15T14:23:43Z,No
GEM/2025/B/6828190,"Cleaning, Sanitation and Disinfection Service - Outcome Based - Office/Commercial/Institutions/Resi",152639,Ministry of Railways Indian Railways,2025-10-29T15:26:28Z,2025-10-29T15:26:28Z,No
GEM/2025/B/6838886,4 pair CAT6 ETHERNET CABLE WITH PTFE,300,PMO Department of Atomic Energy,2025-10-31T16:16:16Z,2025-10-31T16:16:16Z,No
GEM/2025/B/6814314,End Suction Back Pullout Centrifugal pump motor assembly for water recirculation as per specificati,3,PMO Department of Atomic Energy,2025-10-31T16:25:24Z,2025-10-31T16:25:24Z,No
GEM/2025/B/6844995,"Toner Cartridges / Ink Cartridges / Consumables for Printers,Toner Cartridges / Ink Cartridges / Co",5,Ministry of Defence Department of Defence Research & Development,2025-10-31T16:57:34Z,2025-10-31T16:57:34Z,No
GEM/2025/B/6829875,3-Phase thyristor power controller -250 A as per Annexure,1,PMO Department of Atomic Energy,2025-10-31T16:51:50Z,2025-10-31T16:51:50Z,No
GEM/2025/B/6844354,"MULTI OUTPUT DC DC CONVERTER P/N: ASCON-D603R-1,MATING CONNECTOR P/N: ACD030A061A009A00",12,Ministry of Defence Department of Defence Research & Development,2025-10-31T15:55:38Z,2025-10-31T15:55:38Z,No
GEM/2025/B/6844316,Matl Code: 10020229000400 Desc: O-Rings & Gaskets Drwg No: 233A-O-Rings & Gaskets,20,Ministry of Defence Department of Defence Production,2025-10-31T15:59:47Z,2025-10-31T15:59:47Z,No
GEM/2025/B/6853985,"Heavy Duty Pilot 15cc 4x39 mm Paper Shredder,Bosch Universal Hand Tool Set,Bosch GBl 650 Profession",22,Ministry of Defence Department of Defence Research & Development,2025-11-04T11:49:04Z,2025-11-04T11:49:04Z,No
GEM/2025/B/6854412,"Presenter PTZ Tracking Camera,PTZ Camera,Wall mount for cameras,Recorder and Streaming device,Captu",70,Ministry of Finance Department of Revenue,2025-11-04T12:46:04Z,2025-11-04T12:46:04Z,No
GEM/2025/B/6854155,"SUPPLY AND INSTALLATION OF 14 TON MOBILE CRANE 1 NO. AT BEML, DIST OFFICE, RAMAGUNDAM.,SUPPLY AND I",2,Ministry of Defence Department of Defence Production,2025-11-04T12:58:47Z,2025-11-04T12:58:47Z,No
GEM/2025/B/6842666,Plain Copier Paper (V3) ISI Marked to IS 14490,480,Ministry of Defence Department of Defence Research & Development,2025-11-04T12:57:27Z,2025-11-04T12:57:27Z,No
GEM/2025/B/6788980,Illuminated Stand Magnifier,20,Ministry of Defence Department of Defence Research & Development,2025-11-04T12:47:49Z,2025-11-04T12:47:49Z,No
GEM/2025/B/6741064,RO Water Plant for Hemodialysis,3,Ministry of Railways Railways Public Sector Undertakings,2025-11-04T12:51:17Z,2025-11-04T12:51:17Z,No
GEM/2025/B/6842345,Wireless Access Point (V2),10,Ministry of Home Affairs Central Police Organisation,2025-11-03T09:38:57Z,2025-11-03T09:38:57Z,No
GEM/2025/B/6843813,"Bed Sheets,Pillow Cover,Mattress,Bed Cover,Mosquito Net,Farrata Wall Fan,Desert Tent Coolers,Curtai",498,Ministry of Defence Department of Military Affairs,2025-11-01T18:11:08Z,2025-11-01T18:11:08Z,No
GEM/2025/B/6843653,"Solar Water Heater,Chimney,Coolers,Dinner Thali,Spoons,Steel Glasses,Dinning Table Mats,Idli Maker,",255,Ministry of Defence Department of Military Affairs,2025-11-01T18:09:50Z,2025-11-01T18:09:50Z,No
GEM/2025/B/6843524,"White Board,Seating Bench,Wall Mounted Fans,Curtains Door,Curtain Rod with holder,Desert Coolers,Ce",133,Ministry of Defence Department of Military Affairs,2025-11-01T18:12:10Z,2025-11-01T18:12:10Z,No
GEM/2025/B/6779382,"Operation And Maintenance Of Other Machines And Plants - Final product handling, Painting of MS dru",1,PMO Department of Atomic Energy,2025-11-01T18:02:50Z,2025-11-01T18:02:50Z,No
GEM/2025/B/6848224,LED TV 42 Inch,4,Ministry of Defence Department of Military Affairs,2025-11-01T18:28:38Z,2025-11-01T18:28:38Z,No
GEM/2025/B/6848298,Hard Disk Drive 8 TB,2,Ministry of Defence Department of Military Affairs,2025-11-01T18:50:28Z,2025-11-01T18:50:28Z,No
GEM/2025/B/6848358,"Rechargeable LED Traffic Baton Light STOP and GO.,Pilot Bag,Regimental Cane,Food Carrier,Milton The",48,Ministry of Defence Department of Military Affairs,2025-11-01T19:20:09Z,2025-11-01T19:20:09Z,No
GEM/2025/B/6849778,"AMC of Integrated Security and Surveillance System - Theft Prevention, Vehicle Management, Visitor ",1,Ministry of Home Affairs Central Police Organisation,2025-11-03T12:04:45Z,2025-11-03T12:04:45Z,No
GEM/2025/B/6830427,Hyper Converged Infrastructure for Data Center (V2),1,Ministry of Defence Department of Defence Research & Development,2025-11-03T12:13:12Z,2025-11-03T12:13:12Z,No
GEM/2025/B/6829063,Monthly Basis Cab & Taxi Hiring Services - SUV; 2000 KM per month and 12 hours per day per vehicle;,1,Ministry of Railways Indian Railways,2025-11-03T12:11:17Z,2025-11-03T12:11:17Z,No
GEM/2025/B/6821311,Horizontal Autoclave,4,Ministry of Labour and Employment Employees State Insuarnce Corporation,2025-11-03T12:19:45Z,2025-11-03T12:19:45Z,No
GEM/2025/B/6850219,"Manpower Outsourcing Services - Minimum wage - Unskilled; Secondary School; Admin,Manpower Outsourc",7,Ministry of Youth Affairs and Sports Department of Youth Affairs,2025-11-03T12:36:56Z,2025-11-03T12:36:56Z,No
GEM/2025/B/6845099,"Toner Cartridges / Ink Cartridges / Consumables for Printers,Toner Cartridges / Ink Cartridges / Co",9,Ministry of Railways Indian Railways,2025-11-03T11:19:59Z,2025-11-03T11:19:59Z,No
GEM/2025/B/6769524,"Supply of K4 crash rare Bollards- set of 3,Desktop with Windows,Hydraulic Oil ( 01 Ltr),LED Light,P",39,Ministry of Defence Department of Defence Research & Development,2025-10-30T12:59:50Z,2025-10-30T12:59:50Z,No
GEM/2025/B/6842345,Wireless Access Point (V2),10,Ministry of Home Affairs Central Police Organisation,2025-11-03T09:38:57Z,2025-11-03T09:38:57Z,No
GEM/2025/B/6826739,"RHEL SERVER 2 X INTEL XEON-SILVER 4510, 128GB RAM, 2 X 480GB NVME SSD, RHEL SERVER OS, 1 X 32GB 2-P",9,Ministry of Defence Department of Defence Research & Development,2025-10-31T09:42:06Z,2025-10-31T09:42:06Z,No
GEM/2025/B/6840436,Custom Bid for Services - Repair of Signal Conditioner as per SoW,1,Ministry of Defence Department of Defence Production,2025-10-30T16:35:27Z,2025-10-30T16:35:27Z,No
GEM/2025/B/6843813,"Bed Sheets,Pillow Cover,Mattress,Bed Cover,Mosquito Net,Farrata Wall Fan,Desert Tent Coolers,Curtai",498,Ministry of Defence Department of Military Affairs,2025-11-01T18:11:08Z,2025-11-01T18:11:08Z,No
GEM/2025/B/6843653,"Solar Water Heater,Chimney,Coolers,Dinner Thali,Spoons,Steel Glasses,Dinning Table Mats,Idli Maker,",255,Ministry of Defence Department of Military Affairs,2025-11-01T18:09:50Z,2025-11-01T18:09:50Z,No
GEM/2025/B/6843524,"White Board,Seating Bench,Wall Mounted Fans,Curtains Door,Curtain Rod with holder,Desert Coolers,Ce",133,Ministry of Defence Department of Military Affairs,2025-11-01T18:12:10Z,2025-11-01T18:12:10Z,No
GEM/2025/B/6779382,"Operation And Maintenance Of Other Machines And Plants - Final product handling, Painting of MS dru",1,PMO Department of Atomic Energy,2025-11-01T18:02:50Z,2025-11-01T18:02:50Z,No
GEM/2025/B/6848224,LED TV 42 Inch,4,Ministry of Defence Department of Military Affairs,2025-11-01T18:28:38Z,2025-11-01T18:28:38Z,No
GEM/2025/B/6848298,Hard Disk Drive 8 TB,2,Ministry of Defence Department of Military Affairs,2025-11-01T18:50:28Z,2025-11-01T18:50:28Z,No
GEM/2025/B/6853415,Foam Mattress (V3),4,Ministry of Railways Indian Railways,2025-11-04T17:24:07Z,2025-11-04T17:24:07Z,No
GEM/2025/B/6856598,Manpower Outsourcing Services - Minimum wage - Highly-Skilled; High School; Others,1,Ministry of Youth Affairs and Sports Department of Youth Affairs,2025-11-04T17:43:18Z,2025-11-04T17:43:18Z,No
GEM/2025/B/6856687,LAPTOP COMPUTER,4,Ministry of Defence Department of Defence Research & Development,2025-11-04T17:59:21Z,2025-11-04T17:59:21Z,No
GEM/2025/B/6856669,Manpower Outsourcing Services - Minimum wage - Unskilled; Secondary School; Others,1,Ministry of Youth Affairs and Sports Department of Youth Affairs,2025-11-04T17:50:19Z,2025-11-04T17:50:19Z,No
GEM/2025/B/6854972,1 GBT HEX BRIDGE ASSEMBLY WITH BUS BARS,3,Ministry of Defence Department of Defence Research & Development,2025-11-04T14:39:23Z,2025-11-04T14:39:23Z,No
GEM/2025/B/6832657,Pure white baniyan cloth,1500,Ministry of Defence Department of Defence Research & Development,2025-11-04T17:58:55Z,2025-11-04T17:58:55Z,No
GEM/2025/B/6831925,Autoclave Electrical Cables Conveyor Tray,10,Ministry of Defence Department of Defence Research & Development,2025-11-04T17:54:53Z,2025-11-04T17:54:53Z,No
GEM/2025/B/6821272,"Solo L Shape Transparent File Folder,White Board 4x6 Feet,Pencils,Trays,Butter Flow Ball Pens",3005,Ministry of Defence Department of Defence Research & Development,2025-11-04T17:57:33Z,2025-11-04T17:57:33Z,No
GEM/2025/B/6856671,"Split Air Conditioner Including Green AC, Wall Mount Type (V2)",5,Ministry of Finance Department of Financial Services,2025-11-04T18:00:37Z,2025-11-04T18:00:37Z,No
GEM/2025/B/6854677,"Copier Paper A3 Size,Solo Box File Lever Arch,White Board Magnetic Dusters,Dobule Side Tape,Munix D",1380,Ministry of Defence Department of Defence Research & Development,2025-11-04T18:05:59Z,2025-11-04T18:05:59Z,No
GEM/2025/B/6844316,Matl Code: 10020229000400 Desc: O-Rings & Gaskets Drwg No: 233A-O-Rings & Gaskets,20,Ministry of Defence Department of Defence Production,2025-10-31T15:59:47Z,2025-10-31T15:59:47Z,No
GEM/2025/B/6825108,"Pneumatic double acting,cylinder with end position,cushioning adjustable at both ends,suitable for ",513,PMO Department of Atomic Energy,2025-10-31T18:03:17Z,2025-10-31T18:03:17Z,No
GEM/2025/B/6819714,Renewal of Adobe creative cloud software license for teams all apps for 1 year,2,Ministry of Finance Department of Economic Affairs,2025-10-31T18:11:48Z,2025-10-31T18:11:48Z,No
GEM/2025/B/6819673,"Spares siemens make S7-300 PLC, CPU 315-2PN/DP, Type no. 6ES7315-2EH14-0AB0",1,PMO Department of Atomic Energy,2025-10-31T18:09:36Z,2025-10-31T18:09:36Z,No
GEM/2025/B/6718521,"Desk Pads - Writing (V2),Gel Pen (V3)",2000,Ministry of Power POWER GRID Corporation OF INDIA Limited,2025-10-31T17:51:27Z,2025-10-31T17:51:27Z,No
GEM/2025/B/6563474,"Ex work supply for COMPOSITE CORE HTLS CONDUCTOR,Ex work supply for SUSPENSION CLAMP FOR SUSPENSION",7602,Ministry of Power POWER GRID Corporation OF INDIA Limited,2025-08-12T18:05:58Z,2025-08-12T18:05:58Z,No
GEM/2025/B/6845496,DTL for Trg Camp 3 Sheets,2,Ministry of Defence Department of Military Affairs,2025-10-31T18:35:34Z,2025-10-31T18:35:34Z,No
GEM/2025/B/6845494,15 INCH LAPTOP WITH MAC OS,4,Ministry of Defence Department of Defence Research & Development,2025-10-31T18:32:40Z,2025-10-31T18:32:40Z,No
GEM/2025/B/6779216,HP TRIMOFIN 23 OIL,15120,PMO Department of Atomic Energy,2025-10-31T18:43:58Z,2025-10-31T18:43:58Z,No
GEM/2025/B/6845686,"White Bed Sheet,Oxygen Concentrator,Patients Vitals Checking Multipara Monitor,Ice Box for MI Room ",25,Ministry of Defence Department of Military Affairs,2025-10-31T19:38:12Z,2025-10-31T19:38:12Z,No
GEM/2025/B/6849854,Router for Networks,4,Ministry of Civil Aviation Airports Authority of India (AAI),2025-11-04T17:00:28Z,2025-11-04T17:00:28Z,No
GEM/2025/B/6842417,Pest and Animal Control Service - One TIme; Once; Termite Control (Spot Treatment/Drilling treatmen,3298,Ministry of AYUSH Central Council for Research in Ayurvedic Sciences,2025-11-04T17:10:08Z,2025-11-04T17:10:08Z,No
GEM/2025/B/6849778,"AMC of Integrated Security and Surveillance System - Theft Prevention, Vehicle Management, Visitor ",1,Ministry of Home Affairs Central Police Organisation,2025-11-03T12:04:45Z,2025-11-03T12:04:45Z,No
GEM/2025/B/6830427,Hyper Converged Infrastructure for Data Center (V2),1,Ministry of Defence Department of Defence Research & Development,2025-11-03T12:13:12Z,2025-11-03T12:13:12Z,No
GEM/2025/B/6829063,Monthly Basis Cab & Taxi Hiring Services - SUV; 2000 KM per month and 12 hours per day per vehicle;,1,Ministry of Railways Indian Railways,2025-11-03T12:11:17Z,2025-11-03T12:11:17Z,No
GEM/2025/B/6821311,Horizontal Autoclave,4,Ministry of Labour and Employment Employees State Insuarnce Corporation,2025-11-03T12:19:45Z,2025-11-03T12:19:45Z,No
GEM/2025/B/6850219,"Manpower Outsourcing Services - Minimum wage - Unskilled; Secondary School; Admin,Manpower Outsourc",7,Ministry of Youth Affairs and Sports Department of Youth Affairs,2025-11-03T12:36:56Z,2025-11-03T12:36:56Z,No
GEM/2025/B/6845099,"Toner Cartridges / Ink Cartridges / Consumables for Printers,Toner Cartridges / Ink Cartridges / Co",9,Ministry of Railways Indian Railways,2025-11-03T11:19:59Z,2025-11-03T11:19:59Z,No
GEM/2025/B/6836290,"Custom Bid for Services - Operation and Maintenance of Thermal, Chemical and Thermography Labs",1,Ministry of Defence Department of Defence Research & Development,2025-11-03T11:25:52Z,2025-11-03T11:25:52Z,No
GEM/2025/B/6677670,High Pressure Washer,1,Ministry of Railways Indian Railways,2025-11-03T11:48:25Z,2025-11-03T11:48:25Z,No
GEM/2025/B/6760303,Battery Operated Clamp on Truck of capacity 2500 kg,1,PMO Department of Atomic Energy,2025-10-15T11:49:19Z,2025-10-15T11:49:19Z,No
GEM/2025/B/6755813,"Agniveer Precis of Social Science for Secondary Education Pages 460 Hard Binding B2W,Agniveer Preci",1290,Ministry of Defence Department of Military Affairs,2025-11-06T11:23:24Z,2025-11-06T11:23:24Z,No
GEM/2025/B/6855234,SPARE PARTS FOR LARGE SIZE AUTOCLAVE,1,Ministry of Defence Department of Defence Research & Development,2025-11-06T11:18:04Z,2025-11-06T11:18:04Z,No
GEM/2025/B/6860059,"Dusting Cloth,Exo Vim Jumbo,Surf Excel Powder,Dettol Hand wash,Room Freshener,Lizol,Hand Towels,Har",341,Ministry of Defence Department of Defence Production,2025-11-06T11:50:13Z,2025-11-06T11:50:13Z,No
GEM/2025/B/6861627,Customized AMC/CMC for Pre-owned Products - TISSUE PROCESSOR; THERMO SCIENTIFIC; Comprehensive Main,1,Ministry of Labour and Employment Employees State Insuarnce Corporation,2025-11-06T15:39:23Z,2025-11-06T15:39:23Z,No
GEM/2025/B/6860132,ABRON-BR 732 (Part 'A' & 'B') Polyimide Resin System,100,Ministry of Defence Department of Defence Research & Development,2025-11-06T15:44:50Z,2025-11-06T15:44:50Z,No
GEM/2025/B/6720211,Establish Secure and Highly Available MQTT Cluster,1,PMO Department of Atomic Energy,2025-10-07T16:02:59Z,2025-10-07T16:02:59Z,No
GEM/2025/B/6695171,CIRCUIT ANALYSIS SOFTWARE,1,Ministry of Defence Department of Defence Research & Development,2025-10-16T14:27:17Z,2025-10-16T14:27:17Z,No
GEM/2025/B/6741269,Manpower Outsourcing Services - Minimum wage - Skilled; Graduate; Others,48,Ministry of Defence Department of Military Affairs,2025-11-04T14:07:33Z,2025-11-04T14:07:33Z,No
GEM/2025/B/6826265,Digital Medical X - Ray Films (V2),300,PMO Department of Atomic Energy,2025-11-04T15:35:30Z,2025-11-04T15:35:30Z,No
GEM/2025/B/6666824,Sound Level Meter / Noise Level Meter (Sound Measuring Apparatus or Decibel Meter),1,Ministry of Science and Technology Department of Scientific and Industrial Research (DSIR),2025-09-10T16:05:59Z,2025-09-10T16:05:59Z,No
GEM/2025/B/6855630,high performance power supplies,2,Ministry of Defence Department of Defence Research & Development,2025-11-04T15:53:04Z,2025-11-04T15:53:04Z,No
GEM/2025/B/6855532,"Supply of 3 TR Ductable type Inverter type Aircooled split AC unit,Installation Testing and Commiss",82,Ministry of Communications Department of Telecommunications (DOT),2025-11-04T15:45:47Z,2025-11-04T15:45:47Z,No
GEM/2025/B/6853809,PRECISION COATING THICKNESS GAUGE,1,Ministry of Defence Department of Defence Research & Development,2025-11-04T15:47:43Z,2025-11-04T15:47:43Z,No
GEM/2025/B/6853212,MOBILE COMPUTER WORKSTATION,3,Ministry of Defence Department of Defence Research & Development,2025-11-04T15:45:56Z,2025-11-04T15:45:56Z,No
GEM/2025/B/6840337,Piano Type Modular Domestic Electrical sockets - IS 1293,1000,Ministry of Railways Indian Railways,2025-11-03T10:56:49Z,2025-11-03T10:56:49Z,No
GEM/2025/B/6840174,Piano Type Modular Domestic Electrical sockets - IS 1293,750,Ministry of Railways Indian Railways,2025-11-03T10:51:49Z,2025-11-03T10:51:49Z,No
GEM/2025/B/6849637,"Handle Door RH,Joint Assy Universal,Coolant Pump Assy,Brake Manual Valve 961 702 000 0,Control Valv",29,Ministry of Defence Department of Military Affairs,2025-11-03T11:14:49Z,2025-11-03T11:14:49Z,No
GEM/2025/B/6785104,"HDPE Woven Bags of Size 40x30,HEPE Woven Bags of Size 50x50",25000,Ministry of Finance Department of Economic Affairs,2025-11-03T11:09:31Z,2025-11-03T11:09:31Z,No
GEM/2025/B/6856402,"High power Low Loss N Type by N Type cable Assemblies 1m length,High power Low Loss N Type by N Typ",72,Ministry of Defence Department of Defence Research & Development,2025-11-04T17:27:24Z,2025-11-04T17:27:24Z,No
GEM/2025/B/6832657,Pure white baniyan cloth,1500,Ministry of Defence Department of Defence Research & Development,2025-11-04T17:58:55Z,2025-11-04T17:58:55Z,No
GEM/2025/B/6831925,Autoclave Electrical Cables Conveyor Tray,10,Ministry of Defence Department of Defence Research & Development,2025-11-04T17:54:53Z,2025-11-04T17:54:53Z,No
GEM/2025/B/6821272,"Solo L Shape Transparent File Folder,White Board 4x6 Feet,Pencils,Trays,Butter Flow Ball Pens",3005,Ministry of Defence Department of Defence Research & Development,2025-11-04T17:57:33Z,2025-11-04T17:57:33Z,No
GEM/2025/B/6856671,"Split Air Conditioner Including Green AC, Wall Mount Type (V2)",5,Ministry of Finance Department of Financial Services,2025-11-04T18:00:37Z,2025-11-04T18:00:37Z,No
GEM/2025/B/6854677,"Copier Paper A3 Size,Solo Box File Lever Arch,White Board Magnetic Dusters,Dobule Side Tape,Munix D",1380,Ministry of Defence Department of Defence Research & Development,2025-11-04T18:05:59Z,2025-11-04T18:05:59Z,No
GEM/2025/B/6843934,E - Tourist Vehicle / Golf Cart,1,Ministry of Defence Department of Defence Research & Development,2025-11-04T11:14:41Z,2025-11-04T11:14:41Z,No
GEM/2025/B/6809732,"Rigid Polyurethane Foam 250 kgs/M3, 1000X1000X50mm",75,Ministry of Defence Department of Defence Research & Development,2025-11-04T18:01:19Z,2025-11-04T18:01:19Z,No
GEM/2025/B/6856988,13.6 INCH LAPTOP WITH MAC OS,4,Ministry of Defence Department of Defence Research & Development,2025-11-04T19:19:12Z,2025-11-04T19:19:12Z,No
GEM/2025/B/6856911,Multifunction Machine MFM (V2),1,Ministry of Defence Department of Defence Research & Development,2025-11-04T19:22:15Z,2025-11-04T19:22:15Z,No
GEM/2025/B/6832647,"SPIN 12 OIL,MACHINE TOOL WAY OIL OF GRADE 32,SYSTEM 46,HLP 46,SYSTEM 68,TRICHLOROETHYLENE,GEM 2 GRE",8792,Ministry of Defence Department of Defence Research & Development,2025-10-28T17:06:49Z,2025-10-28T17:06:49Z,No
GEM/2025/B/6821311,Horizontal Autoclave,4,Ministry of Labour and Employment Employees State Insuarnce Corporation,2025-11-03T12:19:45Z,2025-11-03T12:19:45Z,No
GEM/2025/B/6850219,"Manpower Outsourcing Services - Minimum wage - Unskilled; Secondary School; Admin,Manpower Outsourc",7,Ministry of Youth Affairs and Sports Department of Youth Affairs,2025-11-03T12:36:56Z,2025-11-03T12:36:56Z,No
GEM/2025/B/6851576,Camera for CCTV System (V3),50,Ministry of Education Department of School Education and Literacy,2025-11-03T17:05:48Z,2025-11-03T17:05:48Z,No
GEM/2025/B/6840337,Piano Type Modular Domestic Electrical sockets - IS 1293,1000,Ministry of Railways Indian Railways,2025-11-03T10:56:49Z,2025-11-03T10:56:49Z,No
GEM/2025/B/6840174,Piano Type Modular Domestic Electrical sockets - IS 1293,750,Ministry of Railways Indian Railways,2025-11-03T10:51:49Z,2025-11-03T10:51:49Z,No
GEM/2025/B/6849637,"Handle Door RH,Joint Assy Universal,Coolant Pump Assy,Brake Manual Valve 961 702 000 0,Control Valv",29,Ministry of Defence Department of Military Affairs,2025-11-03T11:14:49Z,2025-11-03T11:14:49Z,No
GEM/2025/B/6785104,"HDPE Woven Bags of Size 40x30,HEPE Woven Bags of Size 50x50",25000,Ministry of Finance Department of Economic Affairs,2025-11-03T11:09:31Z,2025-11-03T11:09:31Z,No
GEM/2025/B/6845099,"Toner Cartridges / Ink Cartridges / Consumables for Printers,Toner Cartridges / Ink Cartridges / Co",9,Ministry of Railways Indian Railways,2025-11-03T11:19:59Z,2025-11-03T11:19:59Z,No
GEM/2025/B/6836290,"Custom Bid for Services - Operation and Maintenance of Thermal, Chemical and Thermography Labs",1,Ministry of Defence Department of Defence Research & Development,2025-11-03T11:25:52Z,2025-11-03T11:25:52Z,No
GEM/2025/B/6677670,High Pressure Washer,1,Ministry of Railways Indian Railways,2025-11-03T11:48:25Z,2025-11-03T11:48:25Z,No
GEM/2025/B/6786723,"Calibration Services - Electrical; PD Calibrator and RIV Calibrator; NABL Labs, ILAC; Lab",1,Ministry of Power NA,2025-10-14T10:34:03Z,2025-10-14T10:34:03Z,No
GEM/2025/B/6862137,Hand Held Explosive Detector (HHED) as per MHA QR (V2),2,Home Department Telangana,2025-11-06T16:46:57Z,2025-11-06T16:46:57Z,No
GEM/2025/B/6855565,"KIT MINT 4000H PART NO. 2906049200,ZR 450 TO 750 8000H MAINT KIT PART NO 2906049300,VALVE SOLENOID ",24,Ministry of Defence Department of Defence Research & Development,2025-11-06T16:58:38Z,2025-11-06T16:58:38Z,No
GEM/2025/B/6860440,Computer Printer (V2),13,Ministry of Railways Indian Railways,2025-11-06T16:42:09Z,2025-11-06T16:42:09Z,No
GEM/2025/B/6851661,"DIAL PLATE FOR COINING PRESS,(Plate) 25mm DIA CHANGE PART FOR MRH-150,(Plate) 27mm DIA COIN CHANGE ",343,Ministry of Finance Department of Economic Affairs,2025-11-06T16:32:22Z,2025-11-06T16:32:22Z,No
GEM/2025/B/6862362,3 GHz Two Channel RF Frequency Counter,3,Ministry of Civil Aviation Airports Authority of India (AAI),2025-11-06T17:12:48Z,2025-11-06T17:12:48Z,No
GEM/2025/B/6857512,"Microprocessor based input hybrid recorder,Recorder,Cassettee ribbon",252,Ministry of Defence Department of Defence Production,2025-11-06T17:12:15Z,2025-11-06T17:12:15Z,No
GEM/2025/B/6843498,LED Luminaire for Road and Street Lights (V2) Conforming to IS 10322 (Part 5 / Section 3),250,Ministry of Railways Indian Railways,2025-11-06T17:29:35Z,2025-11-06T17:29:35Z,No
GEM/2025/B/6841182,Custom Bid for Services - Technical Enhancement & Customer Support for Single License of ANSYS Mech,1,Ministry of Power NA,2025-11-06T17:23:08Z,2025-11-06T17:23:08Z,No
GEM/2025/B/6840827,Manpower Outsourcing Services - Minimum wage - Skilled; High School; Others,1,Ministry of Earth Sciences India Meteorological Department (IMD),2025-11-06T15:02:09Z,2025-11-06T15:02:09Z,No
GEM/2025/B/6841044,Toner Cartridges / Ink Cartridges / Consumables for Printers,8,Ministry of Railways Indian Railways,2025-11-03T15:21:14Z,2025-11-03T15:21:14Z,No
GEM/2025/B/6849948,"SITC OF 6 KVA WITH EXTERNAL BATTERIES, 2 KVA, 1 KVA ONLINE UPS",4,Ministry of Defence Department of Defence Production,2025-11-03T16:04:45Z,2025-11-03T16:04:45Z,No
GEM/2025/B/6854412,"Presenter PTZ Tracking Camera,PTZ Camera,Wall mount for cameras,Recorder and Streaming device,Captu",70,Ministry of Finance Department of Revenue,2025-11-04T12:46:04Z,2025-11-04T12:46:04Z,No
GEM/2025/B/6854155,"SUPPLY AND INSTALLATION OF 14 TON MOBILE CRANE 1 NO. AT BEML, DIST OFFICE, RAMAGUNDAM.,SUPPLY AND I",2,Ministry of Defence Department of Defence Production,2025-11-04T12:58:47Z,2025-11-04T12:58:47Z,No
GEM/2025/B/6842666,Plain Copier Paper (V3) ISI Marked to IS 14490,480,Ministry of Defence Department of Defence Research & Development,2025-11-04T12:57:27Z,2025-11-04T12:57:27Z,No
GEM/2025/B/6788980,Illuminated Stand Magnifier,20,Ministry of Defence Department of Defence Research & Development,2025-11-04T12:47:49Z,2025-11-04T12:47:49Z,No
GEM/2025/B/6741064,RO Water Plant for Hemodialysis,3,Ministry of Railways Railways Public Sector Undertakings,2025-11-04T12:51:17Z,2025-11-04T12:51:17Z,No
GEM/2025/B/6854399,LED Luminaire (Recessed Luminaire) (V3) Conforming to IS 10322 (Part 5/Section 2),150,Ministry of Home Affairs Central Police Organisation,2025-11-04T13:04:52Z,2025-11-04T13:04:52Z,No
GEM/2025/B/6806069,"Deep Groove Ball Bearing,Double Row Ball Bearing,Double Row Angular Contact Ball Bearing,Yoke type ",110,Ministry of Defence Department of Defence Production,2025-10-24T15:52:43Z,2025-10-24T15:52:43Z,No
GEM/2025/B/6855417,Custom Bid for Services - HIRING OF SERVICES FOR MATERIAL HANDLING,1,Ministry of Defence Department of Defence Research & Development,2025-11-04T15:12:48Z,2025-11-04T15:12:48Z,No
GEM/2025/B/6863920,"Profiling Floats 1,PSFI 2,Other Charges 3,Other Charges 4,Other Charges 5",8,Ministry of Earth Sciences Department of Earth Sciences,2025-11-07T10:53:44Z,2025-11-07T10:53:44Z,No
GEM/2025/B/6857435,"STANDARD DRY NITROGEN GAS,Valve spindle replacement,Total valve replacemant,Cylinder cap Valve guar",5850,PMO Department of Atomic Energy,2025-11-07T10:56:39Z,2025-11-07T10:56:39Z,No
GEM/2025/B/6806151,"Supply, Installation and Commissioning of CCTV",1,Ministry of Labour and Employment Employees State Insuarnce Corporation,2025-11-07T10:36:16Z,2025-11-07T10:36:16Z,No
GEM/2025/B/6775202,"PC84-100-00086,PC84-100-00087,PC84-100-00088,PC84-100-00089,PC84-100-00090,PC84-100-00091",170,Ministry of Defence Department of Defence Production,2025-10-10T17:33:31Z,2025-10-10T17:33:31Z,No
GEM/2025/B/6863954,"PROBE TYPE TEMPERATURE CALIBRATOR,JUMBO PROCESS INDICATOR,HANDHELD DIGITAL INDICATOR",26,Ministry of Defence Department of Defence Research & Development,2025-11-07T11:08:31Z,2025-11-07T11:08:31Z,No
GEM/2025/B/6822920,"CEFOTAXIME,CIPROFLOXACIN,PENICILLIN,VANCOMYCIN,CEFTAZIDIME,AMIKACIN,CEFTRIAXONE,AMPICILLIN SULBACTU",128,Ministry of Labour and Employment Employees State Insuarnce Corporation,2025-10-28T12:50:01Z,2025-10-28T12:50:01Z,No
GEM/2025/B/6863751,Flame Torch for Burner Rig Testing,1,Ministry of Science and Technology Department of Science and Technology (DST),2025-11-07T10:09:04Z,2025-11-07T10:09:04Z,No
GEM/2025/B/6859457,"CRTM 32 Inlet jaws item 1 as per drawing no. D53CRTM32M026P25,CRTM 32 Inlet jaws item 2 as per draw",1590,PMO Department of Atomic Energy,2025-11-07T10:10:14Z,2025-11-07T10:10:14Z,No
GEM/2025/B/6858263,Air Flow Controller as per annexure,8,PMO Department of Atomic Energy,2025-11-07T10:00:56Z,2025-11-07T10:00:56Z,No
GEM/2025/B/6861467,REVOLVING CHAIR,100,Ministry of Defence Department of Defence Production,2025-11-08T14:02:37Z,2025-11-08T14:02:37Z,No
GEM/2025/B/6851903,Monthly Basis Cab & Taxi Hiring Services - SUV; 2000 KM x 360 hours Vehicle required for official u,1,Ministry of Railways Indian Railways,2025-11-06T17:35:56Z,2025-11-06T17:35:56Z,No
GEM/2025/B/6859963,"King size cot,Single Cot,Dressing Table with Stool,Dining Table with Chair,Centre Table,COMPUTER TA",51,Ministry of Railways Indian Railways,2025-11-06T11:31:19Z,2025-11-06T11:31:19Z,No
GEM/2025/B/6854545,"Computer Operating Platform,Work support system Type-I,Work support system Type-II,Document storage",45,Ministry of Defence Department of Defence Research & Development,2025-11-06T11:40:31Z,2025-11-06T11:40:31Z,No
GEM/2025/B/6846028,Wet and dry Heavy Duty portable Industrial vaccum Cleaner as per specifications,2,PMO Department of Atomic Energy,2025-11-06T11:36:55Z,2025-11-06T11:36:55Z,No
GEM/2025/B/6860059,"Dusting Cloth,Exo Vim Jumbo,Surf Excel Powder,Dettol Hand wash,Room Freshener,Lizol,Hand Towels,Har",341,Ministry of Defence Department of Defence Production,2025-11-06T11:50:13Z,2025-11-06T11:50:13Z,No
GEM/2025/B/6792453,Electronic Weighing Scales,2,Ministry of Defence Department of Defence Research & Development,2025-10-15T14:26:09Z,2025-10-15T14:26:09Z,No
GEM/2025/B/6740177,magnetic stirrers,1,Ministry of Defence Department of Defence Research & Development,2025-11-06T12:24:51Z,2025-11-06T12:24:51Z,No
GEM/2025/B/6860478,"Toner Cartridges / Ink Cartridges / Consumables for Printers,Toner Cartridges / Ink Cartridges / Co",10,Ministry of Defence Department of Defence Research & Development,2025-11-06T12:25:55Z,2025-11-06T12:25:55Z,No
GEM/2025/B/6854074,Isolator VALVO VFB 1170,1,Ministry of Civil Aviation Airports Authority of India (AAI),2025-11-06T12:16:21Z,2025-11-06T12:16:21Z,No
GEM/2025/B/6852368,RF DPDT Relay,1,Ministry of Civil Aviation Airports Authority of India (AAI),2025-11-06T12:17:29Z,2025-11-06T12:17:29Z,No
GEM/2025/B/6765571,"magnetic stirrers,magnetic stirrers",8,Ministry of Defence Department of Defence Research & Development,2025-11-07T16:52:21Z,2025-11-07T16:52:21Z,No
GEM/2025/B/6732238,Inductively Coupled Plasma Optical Emission spectroscopy,1,Ministry of Commerce and Industry Department for Promotion of Industry &amp; Internal Trade,2025-10-16T14:28:08Z,2025-10-16T14:28:08Z,No
GEM/2025/B/6866662,"SUPPLY, INSTALLATION, COMMISSIONING & TRAINING OF RECORDABLE ULTRASONIC FLAW DETECTOR",1,Ministry of Micro Small and Medium Enterprises Ministry of Micro Small and Medium Enterprises,2025-11-07T17:10:41Z,2025-11-07T17:10:41Z,No
GEM/2025/B/6864288,"Workplace Space Management Unit,Workplace Security Infrastructure,Operational Workstation Component",63,Ministry of Defence Department of Defence Research & Development,2025-11-07T17:05:41Z,2025-11-07T17:05:41Z,No
GEM/2025/B/6789635,AMC of Integrated Security and Surveillance System - Outdoor Perimeter Security; Comprehensive; Sof,1,Ministry of Home Affairs Central Police Organisation,2025-10-21T17:02:56Z,2025-10-21T17:02:56Z,No
GEM/2025/B/6867115,Digital Storage Oscilloscope,5,Ministry of Defence Department of Defence Production,2025-11-07T17:28:43Z,2025-11-07T17:28:43Z,No
GEM/2025/B/6811264,TEMPERATURE CALIBRATION UNIT,3,Ministry of Defence Department of Defence Production,2025-10-22T09:35:23Z,2025-10-22T09:35:23Z,No
GEM/2025/B/6810358,Portable Power Generators,126,PMO Department of Atomic Energy,2025-10-28T16:34:04Z,2025-10-28T16:34:04Z,No
GEM/2025/B/6860979,"Cap Tegafur 20mg and glimeracil 5point8 mg and Oteracil 15point8 mg,Icosapent Ethyl 1000mg Cap,Post",1527,Ministry of Defence Department of Military Affairs,2025-11-07T12:45:52Z,2025-11-07T12:45:52Z,No
GEM/2025/B/6842616,Custom Bid for Services - Manpower Cost for Carriage Watering of Pass Through Trains at Kacheguda  ,3,Ministry of Railways Indian Railways,2025-11-07T13:14:53Z,2025-11-07T13:14:53Z,No
GEM/2025/B/6863285,"Uniball Gel Pen Blue,XO Hauser Ball pens blue and black,Scribbling Note Pad Single Rule A5 Size,Mul",1106,Ministry of Defence Department of Defence Production,2025-11-06T21:24:56Z,2025-11-06T21:24:56Z,No
GEM/2025/B/6816290,"Electric Two Wheeler - Motorcycle, Scooter and Moped",3,Ministry of Defence Department of Defence Production,2025-10-27T11:26:51Z,2025-10-27T11:26:51Z,No
GEM/2025/B/6862623,Facility Management Service - Outcome Based,23736,Ministry of Railways Indian Railways,2025-11-06T18:14:58Z,2025-11-06T18:14:58Z,No
GEM/2025/B/6841685,"UHMWPE Composite Laminates (Size: 1500 mm X 1000 mm X 10 mm),UHMWPE Composite Laminates (Size: 1500",45,Ministry of Defence Department of Defence Research & Development,2025-11-06T18:03:05Z,2025-11-06T18:03:05Z,No
GEM/2025/B/6755765,"Ground Levelling,Base Preparation Asphalt,Retaining Wall,Cushion Synthetic System 8 Layers,Basketba",18638,Ministry of Defence Department of Military Affairs,2025-11-06T18:18:35Z,2025-11-06T18:18:35Z,No
GEM/2025/B/6863751,Flame Torch for Burner Rig Testing,1,Ministry of Science and Technology Department of Science and Technology (DST),2025-11-07T10:09:04Z,2025-11-07T10:09:04Z,No
GEM/2025/B/6859457,"CRTM 32 Inlet jaws item 1 as per drawing no. D53CRTM32M026P25,CRTM 32 Inlet jaws item 2 as per draw",1590,PMO Department of Atomic Energy,2025-11-07T10:10:14Z,2025-11-07T10:10:14Z,No
GEM/2025/B/6858263,Air Flow Controller as per annexure,8,PMO Department of Atomic Energy,2025-11-07T10:00:56Z,2025-11-07T10:00:56Z,No
GEM/2025/B/6824366,SITC OF HVAC CHILLER PLANT SYSTEM,1,Ministry of Defence Department of Defence Production,2025-10-27T12:49:41Z,2025-10-27T12:49:41Z,No
GEM/2025/B/6716022,"Desktop PC,ideo Conf and Streaming Facility,Visualiser,Digital Slide Presenter,LED,LCD,Iteractive T",17,Ministry of Defence Department of Military Affairs,2025-10-15T19:34:08Z,2025-10-15T19:34:08Z,No
GEM/2025/B/6858340,Supply of safety Hand gloves,1000,Ministry of Defence Department of Defence Production,2025-11-06T09:57:59Z,2025-11-06T09:57:59Z,No
GEM/2025/B/6853861,Multifunction Machine MFM (V2),1,PMO Department of Atomic Energy,2025-11-06T09:54:28Z,2025-11-06T09:54:28Z,No
GEM/2025/B/6850276,Linear Solenoids,30,Ministry of Finance Department of Economic Affairs,2025-11-06T10:09:56Z,2025-11-06T10:09:56Z,No
GEM/2025/B/6840039,"Messung ESD Chair,Messung Dismatching Typ ESD work Station Part No: AFM-TA-MS-JR",10,PMO Department of Atomic Energy,2025-11-06T10:06:07Z,2025-11-06T10:06:07Z,No
GEM/2025/B/6851991,Dslr / Compact / Handheld Camcorder Or Video Cameras (V2),2,Ministry of Railways Indian Railways,2025-11-06T10:22:49Z,2025-11-06T10:22:49Z,No
GEM/2025/B/6849744,Propeller Type AC Ventilating Fans - Exhaust Fans (V2) as per IS 2312,20,Ministry of Railways Indian Railways,2025-11-06T10:20:24Z,2025-11-06T10:20:24Z,No
GEM/2025/B/6771476,Automatic Brinell Hardness Testing Machine,1,Ministry of Defence Department of Defence Production,2025-10-09T17:25:40Z,2025-10-09T17:25:40Z,No
GEM/2025/B/6859343,"Matl Code: 10020216110000 Desc: ON-BOARD COOLANT LINE ASSEMBLY Drwg No: 131 11 04 00 00 00,Matl Cod",193,Ministry of Defence Department of Defence Production,2025-11-06T10:44:03Z,2025-11-06T10:44:03Z,No
GEM/2025/B/6858047,Treatment Couch (V2),1,Ministry of Railways Indian Railways,2025-11-08T10:41:12Z,2025-11-08T10:41:12Z,No
GEM/2025/B/6799441,Safety Footwear For Railway Workshop,15,Ministry of Railways Indian Railways,2025-10-29T12:56:03Z,2025-10-29T12:56:03Z,No
GEM/2025/B/6862176,AMC of Integrated Security and Surveillance System - Identity and Access Management - Security Serv,1,Ministry of Home Affairs Central Police Organisation,2025-11-06T16:29:52Z,2025-11-06T16:29:52Z,No
GEM/2025/B/6858566,Portable Fire Extinguishers (V2) ISI Marked to IS 15683,400,Ministry of Railways Indian Railways,2025-11-06T16:25:28Z,2025-11-06T16:25:28Z,No
GEM/2025/B/6858042,"ES51-107-00009,ES51-107-00011,ES51-107-00010,ES51-107-00498,ES51-107-00007,ES51-107-00013,ES51-107-",419,Ministry of Defence Department of Defence Production,2025-11-06T16:20:03Z,2025-11-06T16:20:03Z,No
GEM/2025/B/6857954,"ES50-037-00158,GS61-400-00084,GS61-400-00096,ES50-037-00159,GS61-400-00083,GS61-400-00097,GS61-400-",955,Ministry of Defence Department of Defence Production,2025-11-06T16:26:58Z,2025-11-06T16:26:58Z,No
GEM/2025/B/6857480,Thermal Cutting Lance,200,Ministry of Defence Department of Defence Production,2025-11-06T16:16:43Z,2025-11-06T16:16:43Z,No
GEM/2025/B/6855544,Industrial Safety Glove/Gauntlet (V2),250,Ministry of Railways Indian Railways,2025-11-06T16:17:46Z,2025-11-06T16:17:46Z,No
GEM/2025/B/6693673,"2500x1250x8.0mm thk MS PLATE, GRADE-E250, QUALITY - BR,ISMC 250 X 80 mm MS CHANNEL CONFIRMING TO IS",21004,PMO Department of Atomic Energy,2025-10-23T11:03:24Z,2025-10-23T11:03:24Z,No
GEM/2025/B/6860440,Computer Printer (V2),13,Ministry of Railways Indian Railways,2025-11-06T16:42:09Z,2025-11-06T16:42:09Z,No
GEM/2025/B/6851661,"DIAL PLATE FOR COINING PRESS,(Plate) 25mm DIA CHANGE PART FOR MRH-150,(Plate) 27mm DIA COIN CHANGE ",343,Ministry of Finance Department of Economic Affairs,2025-11-06T16:32:22Z,2025-11-06T16:32:22Z,No
GEM/2025/B/6864758,SITC of Pit less & machine room less elevator,1,Ministry of Defence Department of Defence Production,2025-11-07T18:08:07Z,2025-11-07T18:08:07Z,No
GEM/2025/B/6847715,"Terminal Strip Connectors,Terminal Strip Connectors,Terminal Strip Connectors",6200,Ministry of Railways Indian Railways,2025-11-03T10:59:08Z,2025-11-03T10:59:08Z,No
GEM/2025/B/6867454,Supply and Installation of EMMC-NAND Reconstructor (S/W+ H/W) .,1,Ministry of Electronics and Information Technology Department of Electronics and Information Technology,2025-11-07T18:35:13Z,2025-11-07T18:35:13Z,No
GEM/2025/B/6863176,"Digital Chairperson Discussion unit with removable microphone,Digital Delegate Discussion unit with",109,Ministry of Defence Department of Defence Research & Development,2025-11-07T18:24:15Z,2025-11-07T18:24:15Z,No
GEM/2025/B/6863118,Door Frame Metal Detector,7,Ministry of Defence Department of Defence Research & Development,2025-11-07T18:21:26Z,2025-11-07T18:21:26Z,No
GEM/2025/B/6867579,Accounting software (V2),1,Ministry of Micro Small and Medium Enterprises Ministry of Micro Small and Medium Enterprises,2025-11-07T18:52:59Z,2025-11-07T18:52:59Z,No
GEM/2025/B/6866824,Pole Mounted Stainless Steel Dustbin (V2),10,Ministry of Home Affairs Central Police Organisation,2025-11-07T18:51:47Z,2025-11-07T18:51:47Z,No
GEM/2025/B/6784462,"Toner Cartridges / Ink Cartridges / Consumables for Printers,Toner Cartridges / Ink Cartridges / Co",5,Ministry of Defence Department of Defence Research & Development,2025-10-17T17:47:12Z,2025-10-17T17:47:12Z,No
GEM/2025/B/6866741,"Pedestal Fan Make Crompton,Godrej Interio Almirah Steel with 4 Shelves,A4 Spiral Binding machine,Go",23,Ministry of Defence Department of Defence Research & Development,2025-11-07T16:44:53Z,2025-11-07T16:44:53Z,No
GEM/2025/B/6866664,"Repair, Maintenance, and Installation of Plant/ Systems/Equipments (Version 2) - CMC OF EQUIPMENT R",1,Ministry of Labour and Employment Employees State Insuarnce Corporation,2025-11-07T16:32:02Z,2025-11-07T16:32:02Z,No
GEM/2025/B/6864881,"60 KVA Modular UPS,75 KVA 3 Phase K 13 ISOLATION TRANSFORMER,3 Phase Static transfer Switch,Mainten",17,Ministry of Civil Aviation Airports Authority of India (AAI),2025-11-07T16:38:17Z,2025-11-07T16:38:17Z,No
GEM/2025/B/6865335,"Split Air Conditioner Including Green AC, Wall Mount Type (V2)",2,Ministry of Home Affairs Central Police Organisation,2025-11-07T13:25:26Z,2025-11-07T13:25:26Z,No
GEM/2025/B/6865264,Monthly Basis Cab & Taxi Hiring Services - MUV; 2500Km in a month  (Cumulative 30000 Km per  year);,1,Ministry of Railways Indian Railways,2025-11-07T13:23:15Z,2025-11-07T13:23:15Z,No
GEM/2025/B/6864746,HIGH TEMPERATURE V FILM,9,Ministry of Defence Department of Defence Research & Development,2025-11-07T13:18:04Z,2025-11-07T13:18:04Z,No
GEM/2025/B/6842616,Custom Bid for Services - Manpower Cost for Carriage Watering of Pass Through Trains at Kacheguda  ,3,Ministry of Railways Indian Railways,2025-11-07T13:14:53Z,2025-11-07T13:14:53Z,No
GEM/2025/B/6781319,"Manpower Outsourcing Services - Minimum wage - Skilled; Graduate; Admin,Manpower Outsourcing Servic",4,Ministry of Finance Department of Revenue,2025-11-07T13:02:40Z,2025-11-07T13:02:40Z,No
GEM/2025/B/6865114,Online UPS (?10 KVA) With Battery Conforming To IS 16242 (Part 1),4,Ministry of Micro Small and Medium Enterprises Ministry of Micro Small and Medium Enterprises,2025-11-07T13:54:56Z,2025-11-07T13:54:56Z,No
GEM/2025/B/6824366,SITC OF HVAC CHILLER PLANT SYSTEM,1,Ministry of Defence Department of Defence Production,2025-10-27T12:49:41Z,2025-10-27T12:49:41Z,No
GEM/2025/B/6716022,"Desktop PC,ideo Conf and Streaming Facility,Visualiser,Digital Slide Presenter,LED,LCD,Iteractive T",17,Ministry of Defence Department of Military Affairs,2025-10-15T19:34:08Z,2025-10-15T19:34:08Z,No
GEM/2025/B/6864710,Custom Bid for Services - Non Comprehensive AMC of 750kVA DG set installed at sub station at NRSC B,1,Department of Space Department of Space,2025-11-07T12:06:58Z,2025-11-07T12:06:58Z,No
GEM/2025/B/6862368,ANNUAL MAINTENANCE SERVICES FOR WATER PURIFICATION AND CONDITIONING SYSTEM (Version 2) - Potable Wa,1,Ministry of Defence Department of Defence Production,2025-11-07T12:12:26Z,2025-11-07T12:12:26Z,No
GEM/2025/B/6863993,"Rod Welding Steel Mild 3.15MM,Fevi Quick Adhesive 3GM IS 9843 91 Rea,Leather Cloth Black,Sheet Cell",144,Ministry of Defence Department of Military Affairs,2025-11-07T10:46:47Z,2025-11-07T10:46:47Z,No
GEM/2025/B/6863920,"Profiling Floats 1,PSFI 2,Other Charges 3,Other Charges 4,Other Charges 5",8,Ministry of Earth Sciences Department of Earth Sciences,2025-11-07T10:53:44Z,2025-11-07T10:53:44Z,No
GEM/2025/B/6857435,"STANDARD DRY NITROGEN GAS,Valve spindle replacement,Total valve replacemant,Cylinder cap Valve guar",5850,PMO Department of Atomic Energy,2025-11-07T10:56:39Z,2025-11-07T10:56:39Z,No
GEM/2025/B/6863954,"PROBE TYPE TEMPERATURE CALIBRATOR,JUMBO PROCESS INDICATOR,HANDHELD DIGITAL INDICATOR",26,Ministry of Defence Department of Defence Research & Development,2025-11-07T11:08:31Z,2025-11-07T11:08:31Z,No
GEM/2025/B/6862412,Emergency Foldable Rescue Stretcher,100,Ministry of Railways Indian Railways,2025-11-07T14:04:46Z,2025-11-07T14:04:46Z,No
GEM/2025/B/6706603,"Laundry Service - Healthcare purpose,Laundry Service - Healthcare purpose,Laundry Service - Healthc",16182,Ministry of Railways Indian Railways,2025-11-07T14:05:00Z,2025-11-07T14:05:00Z,No
GEM/2025/B/6865743,Supply and Installation of GPU Accelerated Computing Solution,1,Department of Space Department of Space,2025-11-07T14:58:28Z,2025-11-07T14:58:28Z,No
GEM/2025/B/6774266,Pi tape Blue easy to read style with high contrast facing of white lines and numerals on dark blue,20,PMO Department of Atomic Energy,2025-10-17T13:36:10Z,2025-10-17T13:36:10Z,No
GEM/2025/B/6859552,"Heater Block (Male And Female),Heater Block Holder ( Male & Female),SS Flap Top Cover,SS Flap Botto",40,Ministry of Finance Department of Economic Affairs,2025-11-07T14:40:44Z,2025-11-07T14:40:44Z,No
GEM/2025/B/6817831,Manpower Outsourcing Services - Fixed Remuneration - Project Research Scientist - I (Medical); Proj,159,Ministry of Health and Family Welfare Department of Health Research,2025-10-24T10:29:22Z,2025-10-24T10:29:22Z,No
GEM/2025/B/6862948,Vault (Strong Room) Door as per IS 11188,1,Ministry of Finance Department of Financial Services,2025-11-06T18:43:39Z,2025-11-06T18:43:39Z,No
GEM/2025/B/6863128,Safes (V3) ISI Marked to IS 550,1,Ministry of Finance Department of Financial Services,2025-11-06T19:43:54Z,2025-11-06T19:43:54Z,No
GEM/2025/B/6863168,Safes (V3) ISI Marked to IS 550,1,Ministry of Finance Department of Financial Services,2025-11-06T19:55:41Z,2025-11-06T19:55:41Z,No
GEM/2025/B/6862958,"Household Zig - Zag Sewing Machine Head,Household Zig - Zag Sewing Machine Head",14,Ministry of Micro Small and Medium Enterprises Ministry of Micro Small and Medium Enterprises,2025-11-06T19:54:22Z,2025-11-06T19:54:22Z,No
GEM/2025/B/6863285,"Uniball Gel Pen Blue,XO Hauser Ball pens blue and black,Scribbling Note Pad Single Rule A5 Size,Mul",1106,Ministry of Defence Department of Defence Production,2025-11-06T21:24:56Z,2025-11-06T21:24:56Z,No
GEM/2025/B/6816290,"Electric Two Wheeler - Motorcycle, Scooter and Moped",3,Ministry of Defence Department of Defence Production,2025-10-27T11:26:51Z,2025-10-27T11:26:51Z,No
GEM/2025/B/6755765,"Ground Levelling,Base Preparation Asphalt,Retaining Wall,Cushion Synthetic System 8 Layers,Basketba",18638,Ministry of Defence Department of Military Affairs,2025-11-06T18:18:35Z,2025-11-06T18:18:35Z,No
GEM/2025/B/6862623,Facility Management Service - Outcome Based,23736,Ministry of Railways Indian Railways,2025-11-06T18:14:58Z,2025-11-06T18:14:58Z,No
GEM/2025/B/6841685,"UHMWPE Composite Laminates (Size: 1500 mm X 1000 mm X 10 mm),UHMWPE Composite Laminates (Size: 1500",45,Ministry of Defence Department of Defence Research & Development,2025-11-06T18:03:05Z,2025-11-06T18:03:05Z,No
GEM/2025/B/6862540,"Hiring of Sanitation Service - Manpower Based Model - Workman; 6; All Areas; All Areas; Daily; 3,Hi",20,Ministry of Electronics and Information Technology Department of Electronics and Information Technology,2025-11-07T11:32:36Z,2025-11-07T11:32:36Z,No
GEM/2025/B/6863118,Door Frame Metal Detector,7,Ministry of Defence Department of Defence Research & Development,2025-11-07T18:21:26Z,2025-11-07T18:21:26Z,No
GEM/2025/B/6867579,Accounting software (V2),1,Ministry of Micro Small and Medium Enterprises Ministry of Micro Small and Medium Enterprises,2025-11-07T18:52:59Z,2025-11-07T18:52:59Z,No
GEM/2025/B/6866824,Pole Mounted Stainless Steel Dustbin (V2),10,Ministry of Home Affairs Central Police Organisation,2025-11-07T18:51:47Z,2025-11-07T18:51:47Z,No
GEM/2025/B/6784462,"Toner Cartridges / Ink Cartridges / Consumables for Printers,Toner Cartridges / Ink Cartridges / Co",5,Ministry of Defence Department of Defence Research & Development,2025-10-17T17:47:12Z,2025-10-17T17:47:12Z,No
GEM/2025/B/6867951,"Supply, Installation and Commissioning of Networking/ LAN connectivity of Computer Labs, Tools & Ac",1,Ministry of Micro Small and Medium Enterprises Ministry of Micro Small and Medium Enterprises,2025-11-07T21:32:34Z,2025-11-07T21:32:34Z,No
GEM/2025/B/6867978,"Supply, Installation, Commissioning and Training of Adobe Creative Cloud (All apps) Software for Tr",1,Ministry of Micro Small and Medium Enterprises Ministry of Micro Small and Medium Enterprises,2025-11-07T21:54:00Z,2025-11-07T21:54:00Z,No
GEM/2025/B/6864970,Servers (V2),1,Ministry of Health and Family Welfare Department of Health Research,2025-11-07T15:21:40Z,2025-11-07T15:21:40Z,No
GEM/2025/B/6844234,"Toner Cartridges / Ink Cartridges / Consumables for Printers,Toner Cartridges / Ink Cartridges / Co",22,Ministry of Railways Indian Railways,2025-11-07T15:16:24Z,2025-11-07T15:16:24Z,No
GEM/2025/B/6866291,"Repair, Maintenance, and Installation of Plant/ Systems/Equipments (Version 2) - Providing General ",1,Ministry of Communications Department of Telecommunications (DOT),2025-11-07T15:44:23Z,2025-11-07T15:44:23Z,No
GEM/2025/B/6866202,Manpower Outsourcing Services - Fixed Remuneration - IT-Technical; Young Professional; Post Graduat,2,Ministry of Youth Affairs and Sports Department of Youth Affairs,2025-11-07T15:32:43Z,2025-11-07T15:32:43Z,No
GEM/2025/B/6866187,APPLICATION SERVER,2,Ministry of Defence Department of Defence Research & Development,2025-11-07T15:42:23Z,2025-11-07T15:42:23Z,No
GEM/2025/B/6827983,Photomask,1,Ministry of Defence Department of Defence Research & Development,2025-10-27T17:43:41Z,2025-10-27T17:43:41Z,No
GEM/2025/B/6826911,"Toner Cartridges / Ink Cartridges / Consumables for Printers,Toner Cartridges / Ink Cartridges / Co",22,Ministry of Defence Department of Defence Research & Development,2025-10-27T12:23:57Z,2025-10-27T12:23:57Z,No
GEM/2025/B/6809904,Manpower Outsourcing Services - Minimum wage - Unskilled; Not Required; Others,2,Ministry of Defence Department of Defence Research & Development,2025-11-07T15:38:42Z,2025-11-07T15:38:42Z,No
GEM/2025/B/6788680,"1 Essential Spares for ICP-OES,2 Essential Spares for ICP-OES,3 Essential Spares for ICP-OES,4 Esse",51,PMO Department of Atomic Energy,2025-10-15T11:29:11Z,2025-10-15T11:29:11Z,No
GEM/2025/B/6743018,Toner Cartridges / Ink Cartridges / Consumables for Printers,6,Ministry of Power POWER GRID Corporation OF INDIA Limited,2025-10-21T10:10:24Z,2025-10-21T10:10:24Z,No
GEM/2025/B/6866073,"Multimedia Projector (MMP),Projector Screen (V2)",4,Ministry of Micro Small and Medium Enterprises Ministry of Micro Small and Medium Enterprises,2025-11-07T16:02:58Z,2025-11-07T16:02:58Z,No
GEM/2025/B/6865476,Modular Control Desk,16,Ministry of Science and Technology Department of Science and Technology (DST),2025-11-07T16:24:59Z,2025-11-07T16:24:59Z,No
GEM/2025/B/6866741,"Pedestal Fan Make Crompton,Godrej Interio Almirah Steel with 4 Shelves,A4 Spiral Binding machine,Go",23,Ministry of Defence Department of Defence Research & Development,2025-11-07T16:44:53Z,2025-11-07T16:44:53Z,No
GEM/2025/B/6866664,"Repair, Maintenance, and Installation of Plant/ Systems/Equipments (Version 2) - CMC OF EQUIPMENT R",1,Ministry of Labour and Employment Employees State Insuarnce Corporation,2025-11-07T16:32:02Z,2025-11-07T16:32:02Z,No
GEM/2025/B/6864881,"60 KVA Modular UPS,75 KVA 3 Phase K 13 ISOLATION TRANSFORMER,3 Phase Static transfer Switch,Mainten",17,Ministry of Civil Aviation Airports Authority of India (AAI),2025-11-07T16:38:17Z,2025-11-07T16:38:17Z,No
GEM/2025/B/6843273,Pre-wired Control Panel as per Annexure,1,PMO Department of Atomic Energy,2025-11-07T16:38:32Z,2025-11-07T16:38:32Z,No
GEM/2025/B/6836393,"Refilling of Industrial Gases in Cylinders - Argon UHP gas for  ICPMS; Cubic Meter,Refilling of Ind",51,Ministry of Consumer Affairs Food and Public Distribution Department of Food and Public Distribution,2025-11-07T16:39:05Z,2025-11-07T16:39:05Z,No
GEM/2025/B/6864651,Supply and installation of Single Clamp Perfect Binding Machine,1,Department of Space Department of Space,2025-11-07T16:54:36Z,2025-11-07T16:54:36Z,No
GEM/2025/B/6765571,"magnetic stirrers,magnetic stirrers",8,Ministry of Defence Department of Defence Research & Development,2025-11-07T16:52:21Z,2025-11-07T16:52:21Z,No
GEM/2025/B/6732238,Inductively Coupled Plasma Optical Emission spectroscopy,1,Ministry of Commerce and Industry Department for Promotion of Industry &amp; Internal Trade,2025-10-16T14:28:08Z,2025-10-16T14:28:08Z,No
GEM/2025/B/6811449,EPOXY DISPENSER UNIT,1,Ministry of Defence Department of Defence Production,2025-10-22T09:33:11Z,2025-10-22T09:33:11Z,No
GEM/2025/B/6811274,Blood Culture Bottle (V2),3000,Ministry of Labour and Employment Employees State Insuarnce Corporation,2025-10-24T15:43:45Z,2025-10-24T15:43:45Z,No
GEM/2025/B/6777916,Courier Service in KG - National; PAN India,20,Ministry of Agriculture and Farmers Welfare Department of Agriculture Cooperation and Farmers Welfare,2025-10-28T15:35:29Z,2025-10-28T15:35:29Z,No
GEM/2025/B/6857405,DURAL REGENERATION MATRIX 5X5CM,10,Ministry of Labour and Employment Employees State Insuarnce Corporation,2025-11-08T09:26:28Z,2025-11-08T09:26:28Z,No
GEM/2025/B/6830050,Laser Diffraction Particle Size Distribution Analyzer as per specification,1,PMO Department of Atomic Energy,2025-11-08T09:36:42Z,2025-11-08T09:36:42Z,No
GEM/2025/B/6868149,Monthly Basis Cab & Taxi Hiring Services - SUV; 3640 Km x 208 hours; Outstation 24*7,1,PMO Department of Atomic Energy,2025-11-08T09:56:45Z,2025-11-08T09:56:45Z,No
GEM/2025/B/6866662,"SUPPLY, INSTALLATION, COMMISSIONING & TRAINING OF RECORDABLE ULTRASONIC FLAW DETECTOR",1,Ministry of Micro Small and Medium Enterprises Ministry of Micro Small and Medium Enterprises,2025-11-07T17:10:41Z,2025-11-07T17:10:41Z,No
GEM/2025/B/6864288,"Workplace Space Management Unit,Workplace Security Infrastructure,Operational Workstation Component",63,Ministry of Defence Department of Defence Research & Development,2025-11-07T17:05:41Z,2025-11-07T17:05:41Z,No
GEM/2025/B/6789635,AMC of Integrated Security and Surveillance System - Outdoor Perimeter Security; Comprehensive; Sof,1,Ministry of Home Affairs Central Police Organisation,2025-10-21T17:02:56Z,2025-10-21T17:02:56Z,No
GEM/2025/B/6867115,Digital Storage Oscilloscope,5,Ministry of Defence Department of Defence Production,2025-11-07T17:28:43Z,2025-11-07T17:28:43Z,No
GEM/2025/B/6811264,TEMPERATURE CALIBRATION UNIT,3,Ministry of Defence Department of Defence Production,2025-10-22T09:35:23Z,2025-10-22T09:35:23Z,No
GEM/2025/B/6810358,Portable Power Generators,126,PMO Department of Atomic Energy,2025-10-28T16:34:04Z,2025-10-28T16:34:04Z,No
GEM/2025/B/6860916,Hiring of Consultants - Per Person Per Month Based - Program Management Expert; As per Bid; Bachelo,6,Ministry of Power RURAL ELECTRIFICATION Corporation Limited,2025-11-07T17:43:58Z,2025-11-07T17:43:58Z,No
GEM/2025/B/6867233,"SUPPLY, INSTALLATION, COMMISSIONING & TRAINING OF 3D PRINTING MACHINE",1,Ministry of Micro Small and Medium Enterprises Ministry of Micro Small and Medium Enterprises,2025-11-07T17:58:46Z,2025-11-07T17:58:46Z,No
GEM/2025/B/6714449,Electronic Weighing Scales,4,Ministry of Defence Department of Defence Research & Development,2025-11-07T15:53:26Z,2025-11-07T15:53:26Z,No
GEM/2025/B/6865476,Modular Control Desk,16,Ministry of Science and Technology Department of Science and Technology (DST),2025-11-07T16:24:59Z,2025-11-07T16:24:59Z,No
GEM/2025/B/6866073,"Multimedia Projector (MMP),Projector Screen (V2)",4,Ministry of Micro Small and Medium Enterprises Ministry of Micro Small and Medium Enterprises,2025-11-07T16:02:58Z,2025-11-07T16:02:58Z,No
GEM/2025/B/6864970,Servers (V2),1,Ministry of Health and Family Welfare Department of Health Research,2025-11-07T15:21:40Z,2025-11-07T15:21:40Z,No
GEM/2025/B/6844234,"Toner Cartridges / Ink Cartridges / Consumables for Printers,Toner Cartridges / Ink Cartridges / Co",22,Ministry of Railways Indian Railways,2025-11-07T15:16:24Z,2025-11-07T15:16:24Z,No
GEM/2025/B/6858047,Treatment Couch (V2),1,Ministry of Railways Indian Railways,2025-11-08T10:41:12Z,2025-11-08T10:41:12Z,No
GEM/2025/B/6862412,Emergency Foldable Rescue Stretcher,100,Ministry of Railways Indian Railways,2025-11-07T14:04:46Z,2025-11-07T14:04:46Z,No
GEM/2025/B/6706603,"Laundry Service - Healthcare purpose,Laundry Service - Healthcare purpose,Laundry Service - Healthc",16182,Ministry of Railways Indian Railways,2025-11-07T14:05:00Z,2025-11-07T14:05:00Z,No
GEM/2025/B/6865743,Supply and Installation of GPU Accelerated Computing Solution,1,Department of Space Department of Space,2025-11-07T14:58:28Z,2025-11-07T14:58:28Z,No
GEM/2025/B/6774266,Pi tape Blue easy to read style with high contrast facing of white lines and numerals on dark blue,20,PMO Department of Atomic Energy,2025-10-17T13:36:10Z,2025-10-17T13:36:10Z,No
GEM/2025/B/6859552,"Heater Block (Male And Female),Heater Block Holder ( Male & Female),SS Flap Top Cover,SS Flap Botto",40,Ministry of Finance Department of Economic Affairs,2025-11-07T14:40:44Z,2025-11-07T14:40:44Z,No
GEM/2025/B/6817831,Manpower Outsourcing Services - Fixed Remuneration - Project Research Scientist - I (Medical); Proj,159,Ministry of Health and Family Welfare Department of Health Research,2025-10-24T10:29:22Z,2025-10-24T10:29:22Z,No
GEM/2025/B/6863845,Custom Bid for Services - Repairs to CORS stations,1,Ministry of Science and Technology Department of Science and Technology (DST),2025-11-07T15:09:13Z,2025-11-07T15:09:13Z,No
GEM/2025/B/6844982,"Toner Cartridges / Ink Cartridges / Consumables for Printers,Toner Cartridges / Ink Cartridges / Co",10,Ministry of Railways Indian Railways,2025-11-07T15:06:28Z,2025-11-07T15:06:28Z,No
GEM/2025/B/6866662,"SUPPLY, INSTALLATION, COMMISSIONING & TRAINING OF RECORDABLE ULTRASONIC FLAW DETECTOR",1,Ministry of Micro Small and Medium Enterprises Ministry of Micro Small and Medium Enterprises,2025-11-07T17:10:41Z,2025-11-07T17:10:41Z,No
GEM/2025/B/6864288,"Workplace Space Management Unit,Workplace Security Infrastructure,Operational Workstation Component",63,Ministry of Defence Department of Defence Research & Development,2025-11-07T17:05:41Z,2025-11-07T17:05:41Z,No
GEM/2025/B/6789635,AMC of Integrated Security and Surveillance System - Outdoor Perimeter Security; Comprehensive; Sof,1,Ministry of Home Affairs Central Police Organisation,2025-10-21T17:02:56Z,2025-10-21T17:02:56Z,No
GEM/2025/B/6867115,Digital Storage Oscilloscope,5,Ministry of Defence Department of Defence Production,2025-11-07T17:28:43Z,2025-11-07T17:28:43Z,No
GEM/2025/B/6811264,TEMPERATURE CALIBRATION UNIT,3,Ministry of Defence Department of Defence Production,2025-10-22T09:35:23Z,2025-10-22T09:35:23Z,No
GEM/2025/B/6810358,Portable Power Generators,126,PMO Department of Atomic Energy,2025-10-28T16:34:04Z,2025-10-28T16:34:04Z,No
GEM/2025/B/6738458,DILUENT FOR DNA EXTRACTION 500mL,80,Ministry of Labour and Employment Employees State Insuarnce Corporation,2025-10-01T11:17:35Z,2025-10-01T11:17:35Z,No
GEM/2025/B/6722496,PULMONARY FUNCTION TEST ( PFT) MOUTH PIECE,1900,Ministry of Labour and Employment Employees State Insuarnce Corporation,2025-10-07T10:11:25Z,2025-10-07T10:11:25Z,No
GEM/2025/B/6869804,"4 WAY Cassette AC 3 TON,Hi wall Mounted Split AC 2 TON,Installation and Commissioning 3 T Cassette ",157,Ministry of Defence Department of Defence Production,2025-11-08T16:14:06Z,2025-11-08T16:14:06Z,No
GEM/2025/B/6869753,Matl Code: 10020216000320 Desc: Fin Cover Drwg No: 131 11 02 00 00 02,1270,Ministry of Defence Department of Defence Production,2025-11-08T16:06:16Z,2025-11-08T16:06:16Z,No
GEM/2025/B/6790444,"Canteen Service - Best Price  on Fixed Menu Rate Model - Vegetarian; Breakfast, Lunch, Dinner, Snac",1,Ministry of Skill Development and Entrepreneurship Directorate General of Training,2025-11-04T09:35:48Z,2025-11-04T09:35:48Z,No
GEM/2025/B/6869903,Rear Fin Assembly,56,Ministry of Defence Department of Defence Production,2025-11-08T16:57:01Z,2025-11-08T16:57:01Z,No
GEM/2025/B/6871772,"Office Suite Software (V3),Desktop Publishing Software (PDF Viewer and Writer),Desktop Publishing S",16,Ministry of Electronics and Information Technology Department of Electronics and Information Technology,2025-11-10T11:27:05Z,2025-11-10T11:27:05Z,No
GEM/2025/B/6803741,Universal IC Programmer,1,PMO Department of Atomic Energy,2025-10-17T16:03:46Z,2025-10-17T16:03:46Z,No
GEM/2025/B/6870177,"SUPPLY, TRAINING, INSTALLATION & COMMISSIONING OF HARDWARE AND SOFTWARE FOR VLSI TECHNOLOGY",1,Ministry of Micro Small and Medium Enterprises Ministry of Micro Small and Medium Enterprises,2025-11-10T11:33:37Z,2025-11-10T11:33:37Z,No
GEM/2025/B/6867168,"Titanium Input Size Dia 100 to200 X 1000 to 2000 L,Titanium Input Size Dia 200 to 300 X 1000 to 200",250000,Ministry of Defence Department of Defence Production,2025-11-07T17:55:47Z,2025-11-07T17:55:47Z,No
GEM/2025/B/6836546,Rugged Notebook - Laptop,3,Ministry of Defence Department of Defence Research & Development,2025-10-29T16:48:46Z,2025-10-29T16:48:46Z,No
GEM/2025/B/6831002,"4 Channel control and monitoring shock controllers part no TSMA 6001,Pneumatic cylinder seal kits p",16,Ministry of Defence Department of Defence Research & Development,2025-10-29T15:14:49Z,2025-10-29T15:14:49Z,No
GEM/2025/B/6789305,Supply of duly wired MCC cum PLC panel and remote Panel,3,Ministry of Defence Department of Defence Production,2025-10-14T17:16:13Z,2025-10-14T17:16:13Z,No
GEM/2025/B/6507473,DEVELOPMENT OF AUGMENTED REALITY BASED SOLUTION FOR ARTICLE INTEGRATION TRAINING (AS PER DRDL SPECI,3,Ministry of Defence Department of Defence Research & Development,2025-08-25T14:48:19Z,2025-08-25T14:48:19Z,No
GEM/2025/B/6870177,"SUPPLY, TRAINING, INSTALLATION & COMMISSIONING OF HARDWARE AND SOFTWARE FOR VLSI TECHNOLOGY",1,Ministry of Micro Small and Medium Enterprises Ministry of Micro Small and Medium Enterprises,2025-11-10T11:33:37Z,2025-11-10T11:33:37Z,No
GEM/2025/B/6867168,"Titanium Input Size Dia 100 to200 X 1000 to 2000 L,Titanium Input Size Dia 200 to 300 X 1000 to 200",250000,Ministry of Defence Department of Defence Production,2025-11-07T17:55:47Z,2025-11-07T17:55:47Z,No
GEM/2025/B/6871772,"Office Suite Software (V3),Desktop Publishing Software (PDF Viewer and Writer),Desktop Publishing S",16,Ministry of Electronics and Information Technology Department of Electronics and Information Technology,2025-11-10T11:27:05Z,2025-11-10T11:27:05Z,No
GEM/2025/B/6803741,Universal IC Programmer,1,PMO Department of Atomic Energy,2025-10-17T16:03:46Z,2025-10-17T16:03:46Z,No
GEM/2025/B/6787601,"GIS related Survey Services - Acre; Defence Land; 1:4000; CORS enabled DGPS survey; SHP, DWG, GDB, ",1,Ministry of Defence Department of Defence,2025-10-14T13:04:49Z,2025-10-14T13:04:49Z,No
GEM/2025/B/6721075,"CTOP Wet Offset Plate Developer Replinis,CTOP Wet Offset Plate Developer Solution,CTOP Wet Offset P",1550,Ministry of Finance Department of Economic Affairs,2025-10-06T17:49:15Z,2025-10-06T17:49:15Z,No
GEM/2025/B/6838091,Notebook computer as per scope,4,Ministry of Defence Department of Defence Research & Development,2025-10-30T12:25:58Z,2025-10-30T12:25:58Z,No
GEM/2025/B/6837020,PVC Card Printers,2,Ministry of Defence Department of Defence Research & Development,2025-10-29T17:48:19Z,2025-10-29T17:48:19Z,No
GEM/2025/B/6836546,Rugged Notebook - Laptop,3,Ministry of Defence Department of Defence Research & Development,2025-10-29T16:48:46Z,2025-10-29T16:48:46Z,No
GEM/2025/B/6831002,"4 Channel control and monitoring shock controllers part no TSMA 6001,Pneumatic cylinder seal kits p",16,Ministry of Defence Department of Defence Research & Development,2025-10-29T15:14:49Z,2025-10-29T15:14:49Z,No
GEM/2025/B/6851681,Entry and Mid Level Desktop Computer,12,PMO Department of Atomic Energy,2025-11-10T10:43:47Z,2025-11-10T10:43:47Z,No
GEM/2025/B/6789305,Supply of duly wired MCC cum PLC panel and remote Panel,3,Ministry of Defence Department of Defence Production,2025-10-14T17:16:13Z,2025-10-14T17:16:13Z,No
GEM/2025/B/6871772,"Office Suite Software (V3),Desktop Publishing Software (PDF Viewer and Writer),Desktop Publishing S",16,Ministry of Electronics and Information Technology Department of Electronics and Information Technology,2025-11-10T11:27:05Z,2025-11-10T11:27:05Z,No
GEM/2025/B/6803741,Universal IC Programmer,1,PMO Department of Atomic Energy,2025-10-17T16:03:46Z,2025-10-17T16:03:46Z,No
GEM/2025/B/6821170,Toner Cartridges / Ink Cartridges / Consumables for Printers,8,Ministry of Railways Indian Railways,2025-10-29T11:10:19Z,2025-10-29T11:10:19Z,No
GEM/2025/B/6869002,ENVI AND ENVI Deep Learning,1,Ministry of Defence Department of Defence Research & Development,2025-11-10T13:00:07Z,2025-11-10T13:00:07Z,No
GEM/2025/B/6869002,ENVI AND ENVI Deep Learning,1,Ministry of Defence Department of Defence Research & Development,2025-11-10T13:00:07Z,2025-11-10T13:00:07Z,No
GEM/2025/B/6872059,"X-AXIS BALL SCREW,Z-AXIS BALL SCREW,ROTARY TABLE BEARINGS,GEAR BOX BEARINGS",9,Ministry of Defence Department of Defence Research & Development,2025-11-10T13:17:50Z,2025-11-10T13:17:50Z,No
GEM/2025/B/6823086,MIL-STD-461E/F/G CS101 & RS101TEST SETUP,1,Ministry of Defence Department of Defence Production,2025-10-25T16:56:45Z,2025-10-25T16:56:45Z,No
GEM/2025/B/6817871,LOGIC ANALYZER,2,Ministry of Defence Department of Defence Production,2025-10-25T09:49:26Z,2025-10-25T09:49:26Z,No
GEM/2025/B/6855146,Hot Air Oven Without Rechargable battery,1,PMO Department of Atomic Energy,2025-11-10T14:24:17Z,2025-11-10T14:24:17Z,No
GEM/2025/B/6830781,"Bus Hiring Service - Short Term - Local; 40-42, 49-52; Non Deluxe (NDX); 100",22,PMO Department of Atomic Energy,2025-11-01T17:56:18Z,2025-11-01T17:56:18Z,No
GEM/2025/B/6810245,Weatherproof Box type Camera WP FIXED CAMERA as per attached specifications with suitable mounting ,7410,Ministry of Petroleum and Natural Gas Bharat Petroleum Corporation Ltd,2025-10-21T12:30:53Z,2025-10-21T12:30:53Z,No
GEM/2025/B/6789174,Writing Pad Chair,91,Ministry of Labour and Employment Employees State Insuarnce Corporation,2025-11-10T14:29:29Z,2025-11-10T14:29:29Z,No
GEM/2025/B/6872278,O-ring and Gaskets,24,Ministry of Defence Department of Defence Production,2025-11-10T14:35:46Z,2025-11-10T14:35:46Z,No
GEM/2025/B/6761304,Upgradation of Simulia Abaqus Extended(20 tokens) from V6.22 to 6.25 or latest Version along with 1,2,Ministry of Defence Department of Defence Research & Development,2025-11-10T14:30:30Z,2025-11-10T14:30:30Z,No
GEM/2025/B/6845873,Email Service - More than 300; 100,1,Ministry of Petroleum and Natural Gas NA,2025-10-31T22:54:10Z,2025-10-31T22:54:10Z,No
GEM/2025/B/6873195,Ice Cube Machine,20,Ministry of Science and Technology Department of Scientific and Industrial Research (DSIR),2025-11-10T14:55:38Z,2025-11-10T14:55:38Z,No
GEM/2025/B/6873142,Servers (V2),4,Ministry of Defence Department of Defence Research & Development,2025-11-10T14:46:32Z,2025-11-10T14:46:32Z,No
GEM/2025/B/6872360,"GIS related Survey Services - Acre; Defence Lands at Telangana, Andhra Pradesh and Maharastra; 1:40",1,Ministry of Defence Department of Defence,2025-11-10T14:58:16Z,2025-11-10T14:58:16Z,No
GEM/2025/B/6811026,"Gas Bottle (Dwg No. 724 45 01 00 00 00),Filter Assembly (Dwg No. 724 51 00 00 00 00),Inlet Valve (D",35,Ministry of Defence Department of Defence Research & Development,2025-10-21T15:28:13Z,2025-10-21T15:28:13Z,No
